province,province_en,district,district_en,subdistrict,subdistrict_en
กรุงเทพมหานคร,Bangkok,พระนคร,Phra Nakhon,พระบรมมหาราชวัง,Phra Borom Maha Ratchawang
กรุงเทพมหานคร,Bangkok,พระนคร,Phra Nakhon,วังบูรพาภิรมย์,Wang Burapha Phirom
กรุงเทพมหานคร,Bangkok,พระนคร,Phra Nakhon,วัดราชบพิธ,Wat Ratchabophit
กรุงเทพมหานคร,Bangkok,พระนคร,Phra Nakhon,สำราญราษฎร์,Samran Rat
กรุงเทพมหานคร,Bangkok,พระนคร,Phra Nakhon,ศาลเจ้าพ่อเสือ,San Chao Pho Suea
กรุงเทพมหานคร,Bangkok,พระนคร,Phra Nakhon,เสาชิงช้า,Sao Chingcha
กรุงเทพมหานคร,Bangkok,พระนคร,Phra Nakhon,บวรนิเวศ,Bowon Niwet
กรุงเทพมหานคร,Bangkok,พระนคร,Phra Nakhon,ตลาดยอด,Talat Yot
กรุงเทพมหานคร,Bangkok,พระนคร,Phra Nakhon,ชนะสงคราม,Chana Songkhram
กรุงเทพมหานคร,Bangkok,พระนคร,Phra Nakhon,บ้านพานถม,Ban Phan Thom
กรุงเทพมหานคร,Bangkok,พระนคร,Phra Nakhon,บางขุนพรหม,Bang Khun Phrom
กรุงเทพมหานคร,Bangkok,พระนคร,Phra Nakhon,วัดสามพระยา,Wat Sam Phraya
กรุงเทพมหานคร,Bangkok,ดุสิต,Dusit,ดุสิต,Dusit
กรุงเทพมหานคร,Bangkok,ดุสิต,Dusit,วชิรพยาบาล,Wachiraphayaban
กรุงเทพมหานคร,Bangkok,ดุสิต,Dusit,สวนจิตรลดา,Suan Chit Lada
กรุงเทพมหานคร,Bangkok,ดุสิต,Dusit,สี่แยกมหานาค,Si Yaek Maha Nak
กรุงเทพมหานคร,Bangkok,ดุสิต,Dusit,ถนนนครไชยศรี,Thanon Nakhon Chai Si
กรุงเทพมหานคร,Bangkok,หนองจอก,Nong Chok,กระทุ่มราย,Krathum Rai
กรุงเทพมหานคร,Bangkok,หนองจอก,Nong Chok,หนองจอก,Nong Chok
กรุงเทพมหานคร,Bangkok,หนองจอก,Nong Chok,คลองสิบ,Khlong Sip
กรุงเทพมหานคร,Bangkok,หนองจอก,Nong Chok,คลองสิบสอง,Khlong Sip Song
กรุงเทพมหานคร,Bangkok,หนองจอก,Nong Chok,โคกแฝด,Khok Faet
กรุงเทพมหานคร,Bangkok,หนองจอก,Nong Chok,คู้ฝั่งเหนือ,Khu Fang Nuea
กรุงเทพมหานคร,Bangkok,หนองจอก,Nong Chok,ลำผักชี,Lam Phak Chi
กรุงเทพมหานคร,Bangkok,หนองจอก,Nong Chok,ลำต้อยติ่ง,Lam Toiting
กรุงเทพมหานคร,Bangkok,บางรัก,Bang Rak,มหาพฤฒาราม,Maha Phruettharam
กรุงเทพมหานคร,Bangkok,บางรัก,Bang Rak,สีลม,Si Lom
กรุงเทพมหานคร,Bangkok,บางรัก,Bang Rak,สุริยวงศ์,Suriyawong
กรุงเทพมหานคร,Bangkok,บางรัก,Bang Rak,บางรัก,Bang Rak
กรุงเทพมหานคร,Bangkok,บางรัก,Bang Rak,สี่พระยา,Si Phraya
กรุงเทพมหานคร,Bangkok,บางเขน,Bang Khen,อนุสาวรีย์,Anusawari
กรุงเทพมหานคร,Bangkok,บางเขน,Bang Khen,ท่าแร้ง,Tha Raeng
กรุงเทพมหานคร,Bangkok,บางกะปิ,Bang Kapi,คลองจั่น,Khlong Chan
กรุงเทพมหานคร,Bangkok,บางกะปิ,Bang Kapi,หัวหมาก,Hua Mak
กรุงเทพมหานคร,Bangkok,ปทุมวัน,Pathum Wan,รองเมือง,Rong Mueang
กรุงเทพมหานคร,Bangkok,ปทุมวัน,Pathum Wan,วังใหม่,Wang Mai
กรุงเทพมหานคร,Bangkok,ปทุมวัน,Pathum Wan,ปทุมวัน,Pathum Wan
กรุงเทพมหานคร,Bangkok,ปทุมวัน,Pathum Wan,ลุมพินี,Lumphini
กรุงเทพมหานคร,Bangkok,ป้อมปราบศัตรูพ่าย,Pom Prap Sattru Phai,ป้อมปราบ,Pom Prap
กรุงเทพมหานคร,Bangkok,ป้อมปราบศัตรูพ่าย,Pom Prap Sattru Phai,วัดเทพศิรินทร์,Wat Thep Sirin
กรุงเทพมหานคร,Bangkok,ป้อมปราบศัตรูพ่าย,Pom Prap Sattru Phai,คลองมหานาค,Khlong Maha Nak
กรุงเทพมหานคร,Bangkok,ป้อมปราบศัตรูพ่าย,Pom Prap Sattru Phai,บ้านบาตร,Ban Bat
กรุงเทพมหานคร,Bangkok,ป้อมปราบศัตรูพ่าย,Pom Prap Sattru Phai,วัดโสมนัส,Wat Sommanat
กรุงเทพมหานคร,Bangkok,พระโขนง,Phra Khanong,บางจาก,Bang Chak
กรุงเทพมหานคร,Bangkok,มีนบุรี,Min Buri,มีนบุรี,Min Buri
กรุงเทพมหานคร,Bangkok,มีนบุรี,Min Buri,แสนแสบ,Saen Saep
กรุงเทพมหานคร,Bangkok,ลาดกระบัง,Lat Krabang,ลาดกระบัง,Lat Krabang
กรุงเทพมหานคร,Bangkok,ลาดกระบัง,Lat Krabang,คลองสองต้นนุ่น,Khlong Song Ton Nun
กรุงเทพมหานคร,Bangkok,ลาดกระบัง,Lat Krabang,คลองสามประเวศ,Khlong Sam Prawet
กรุงเทพมหานคร,Bangkok,ลาดกระบัง,Lat Krabang,ลำปลาทิว,Lam Pla Thio
กรุงเทพมหานคร,Bangkok,ลาดกระบัง,Lat Krabang,ทับยาว,Thap Yao
กรุงเทพมหานคร,Bangkok,ลาดกระบัง,Lat Krabang,ขุมทอง,Khum Thong
กรุงเทพมหานคร,Bangkok,ยานนาวา,Yan Nawa,ช่องนนทรี,Chong Nonsi
กรุงเทพมหานคร,Bangkok,ยานนาวา,Yan Nawa,บางโพงพาง,Bang Phongphang
กรุงเทพมหานคร,Bangkok,สัมพันธวงศ์,Samphanthawong,จักรวรรดิ,Chakkrawat
กรุงเทพมหานคร,Bangkok,สัมพันธวงศ์,Samphanthawong,สัมพันธวงศ์,Samphanthawong
กรุงเทพมหานคร,Bangkok,สัมพันธวงศ์,Samphanthawong,ตลาดน้อย,Talat Noi
กรุงเทพมหานคร,Bangkok,พญาไท,Phaya Thai,สามเสนใน,Samsen Nai
กรุงเทพมหานคร,Bangkok,ธนบุรี,Thon Buri,วัดกัลยาณ์,Wat Kanlaya
กรุงเทพมหานคร,Bangkok,ธนบุรี,Thon Buri,หิรัญรูจี,Hiran Ruchi
กรุงเทพมหานคร,Bangkok,ธนบุรี,Thon Buri,บางยี่เรือ,Bang Yi Ruea
กรุงเทพมหานคร,Bangkok,ธนบุรี,Thon Buri,บุคคโล,Bukkhalo
กรุงเทพมหานคร,Bangkok,ธนบุรี,Thon Buri,ตลาดพลู,Talat Phlu
กรุงเทพมหานคร,Bangkok,ธนบุรี,Thon Buri,ดาวคะนอง,Dao Khanong
กรุงเทพมหานคร,Bangkok,ธนบุรี,Thon Buri,สำเหร่,Samre
กรุงเทพมหานคร,Bangkok,บางกอกใหญ่,Bangkok Yai,วัดอรุณ,Wat Arun
กรุงเทพมหานคร,Bangkok,บางกอกใหญ่,Bangkok Yai,วัดท่าพระ,Wat Tha Phra
กรุงเทพมหานคร,Bangkok,ห้วยขวาง,Huai Khwang,ห้วยขวาง,Huai Khwang
กรุงเทพมหานคร,Bangkok,ห้วยขวาง,Huai Khwang,บางกะปิ,Bang Kapi
กรุงเทพมหานคร,Bangkok,ห้วยขวาง,Huai Khwang,สามเสนนอก,Samsen Nok
กรุงเทพมหานคร,Bangkok,คลองสาน,Khlong San,สมเด็จเจ้าพระยา,Somdet Chao Phraya
กรุงเทพมหานคร,Bangkok,คลองสาน,Khlong San,คลองสาน,Khlong San
กรุงเทพมหานคร,Bangkok,คลองสาน,Khlong San,บางลำภูล่าง,Bang Lamphu Lang
กรุงเทพมหานคร,Bangkok,คลองสาน,Khlong San,คลองต้นไทร,Khlong Ton Sai
กรุงเทพมหานคร,Bangkok,ตลิ่งชัน,Taling Chan,คลองชักพระ,Khlong Chak Phra
กรุงเทพมหานคร,Bangkok,ตลิ่งชัน,Taling Chan,ตลิ่งชัน,Taling Chan
กรุงเทพมหานคร,Bangkok,ตลิ่งชัน,Taling Chan,ฉิมพลี,Chimphli
กรุงเทพมหานคร,Bangkok,ตลิ่งชัน,Taling Chan,บางพรม,Bang Phrom
กรุงเทพมหานคร,Bangkok,ตลิ่งชัน,Taling Chan,บางระมาด,Bang Ramat
กรุงเทพมหานคร,Bangkok,ตลิ่งชัน,Taling Chan,บางเชือกหนัง,Bang Chueak Nang
กรุงเทพมหานคร,Bangkok,บางกอกน้อย,Bangkok Noi,ศิริราช,Siri Rat
กรุงเทพมหานคร,Bangkok,บางกอกน้อย,Bangkok Noi,บ้านช่างหล่อ,Ban Chang Lo
กรุงเทพมหานคร,Bangkok,บางกอกน้อย,Bangkok Noi,บางขุนนนท์,Bang Khun Non
กรุงเทพมหานคร,Bangkok,บางกอกน้อย,Bangkok Noi,บางขุนศรี,Bang Khun Si
กรุงเทพมหานคร,Bangkok,บางกอกน้อย,Bangkok Noi,อรุณอมรินทร์,Arun Ammarin
กรุงเทพมหานคร,Bangkok,บางขุนเทียน,Bang Khun Thian,ท่าข้าม,Tha Kham
กรุงเทพมหานคร,Bangkok,บางขุนเทียน,Bang Khun Thian,แสมดำ,Samae Dam
กรุงเทพมหานคร,Bangkok,ภาษีเจริญ,Phasi Charoen,บางหว้า,Bang Wa
กรุงเทพมหานคร,Bangkok,ภาษีเจริญ,Phasi Charoen,บางด้วน,Bang Duan
กรุงเทพมหานคร,Bangkok,ภาษีเจริญ,Phasi Charoen,บางแค,Bang Kae
กรุงเทพมหานคร,Bangkok,ภาษีเจริญ,Phasi Charoen,บางแคเหนือ,Bang Kae Nua
กรุงเทพมหานคร,Bangkok,ภาษีเจริญ,Phasi Charoen,บางไผ่,Bang Phai
กรุงเทพมหานคร,Bangkok,ภาษีเจริญ,Phasi Charoen,บางจาก,Bang Chak
กรุงเทพมหานคร,Bangkok,ภาษีเจริญ,Phasi Charoen,บางแวก,Bang Waek
กรุงเทพมหานคร,Bangkok,ภาษีเจริญ,Phasi Charoen,คลองขวาง,Khlong Khwang
กรุงเทพมหานคร,Bangkok,ภาษีเจริญ,Phasi Charoen,ปากคลองภาษีเจริญ,Pak Khlong Phasi Charoen
กรุงเทพมหานคร,Bangkok,ภาษีเจริญ,Phasi Charoen,คูหาสวรรค์,Khuha Sawan
กรุงเทพมหานคร,Bangkok,หนองแขม,Nong Khaem,หนองแขม,Nong Khaem
กรุงเทพมหานคร,Bangkok,หนองแขม,Nong Khaem,หนองค้างพลู,Nong Khang Phlu
กรุงเทพมหานคร,Bangkok,ราษฎร์บูรณะ,Rat Burana,ราษฎร์บูรณะ,Rat Burana
กรุงเทพมหานคร,Bangkok,ราษฎร์บูรณะ,Rat Burana,บางปะกอก,Bang Pakok
กรุงเทพมหานคร,Bangkok,บางพลัด,Bang Phlat,บางพลัด,Bang Phlat
กรุงเทพมหานคร,Bangkok,บางพลัด,Bang Phlat,บางอ้อ,Bang O
กรุงเทพมหานคร,Bangkok,บางพลัด,Bang Phlat,บางบำหรุ,Bang Bamru
กรุงเทพมหานคร,Bangkok,บางพลัด,Bang Phlat,บางยี่ขัน,Bang Yi Khan
กรุงเทพมหานคร,Bangkok,ดินแดง,Din Daeng,ดินแดง,Din Daeng
กรุงเทพมหานคร,Bangkok,ดินแดง,Din Daeng,รัชดาภิเษก,Ratchadaphisek
กรุงเทพมหานคร,Bangkok,บึงกุ่ม,Bueng Kum,คลองกุ่ม,Khlong Kum
กรุงเทพมหานคร,Bangkok,บึงกุ่ม,Bueng Kum,สะพานสูง,Saphan Sung
กรุงเทพมหานคร,Bangkok,บึงกุ่ม,Bueng Kum,คันนายาว,Khan Na Yao
กรุงเทพมหานคร,Bangkok,สาทร,Sathon,ทุ่งวัดดอน,Thung Wat Don
กรุงเทพมหานคร,Bangkok,สาทร,Sathon,ยานนาวา,Yan Nawa
กรุงเทพมหานคร,Bangkok,สาทร,Sathon,ทุ่งมหาเมฆ,Thung Maha Mek
กรุงเทพมหานคร,Bangkok,บางซื่อ,Bang Sue,บางซื่อ,Bang Sue
กรุงเทพมหานคร,Bangkok,จตุจักร,Chatuchak,ลาดยาว,Lat Yao
กรุงเทพมหานคร,Bangkok,จตุจักร,Chatuchak,เสนานิคม,Sena Nikhom
กรุงเทพมหานคร,Bangkok,จตุจักร,Chatuchak,จันทรเกษม,Chan Kasem
กรุงเทพมหานคร,Bangkok,จตุจักร,Chatuchak,จอมพล,Chom Phon
กรุงเทพมหานคร,Bangkok,จตุจักร,Chatuchak,จตุจักร,Chatuchak
กรุงเทพมหานคร,Bangkok,บางคอแหลม,Bang Kho Laem,บางคอแหลม,Bang Kho Laem
กรุงเทพมหานคร,Bangkok,บางคอแหลม,Bang Kho Laem,วัดพระยาไกร,Wat Phraya Krai
กรุงเทพมหานคร,Bangkok,บางคอแหลม,Bang Kho Laem,บางโคล่,Bang Khlo
กรุงเทพมหานคร,Bangkok,ประเวศ,Prawet,ประเวศ,Prawet
กรุงเทพมหานคร,Bangkok,ประเวศ,Prawet,หนองบอน,Nong Bon
กรุงเทพมหานคร,Bangkok,ประเวศ,Prawet,ดอกไม้,Dokmai
กรุงเทพมหานคร,Bangkok,ประเวศ,Prawet,สวนหลวง,Suan Luang
กรุงเทพมหานคร,Bangkok,คลองเตย,Khlong Toei,คลองเตย,Khlong Toei
กรุงเทพมหานคร,Bangkok,คลองเตย,Khlong Toei,คลองตัน,Khlong Tan
กรุงเทพมหานคร,Bangkok,คลองเตย,Khlong Toei,พระโขนง,Phra Khanong
กรุงเทพมหานคร,Bangkok,คลองเตย,Khlong Toei,คลองเตยเหนือ,Khlong Toei Nua
กรุงเทพมหานคร,Bangkok,คลองเตย,Khlong Toei,คลองตันเหนือ,Khlong Tan Nua
กรุงเทพมหานคร,Bangkok,คลองเตย,Khlong Toei,พระโขนงเหนือ,Phra Khanong Nua
กรุงเทพมหานคร,Bangkok,สวนหลวง,Suan Luang,สวนหลวง,Suan Luang
กรุงเทพมหานคร,Bangkok,จอมทอง,Chom Thong,บางขุนเทียน,Bang Khun Thian
กรุงเทพมหานคร,Bangkok,จอมทอง,Chom Thong,บางค้อ,Bang Kho
กรุงเทพมหานคร,Bangkok,จอมทอง,Chom Thong,บางมด,Bang Mot
กรุงเทพมหานคร,Bangkok,จอมทอง,Chom Thong,จอมทอง,Chom Thong
กรุงเทพมหานคร,Bangkok,ดอนเมือง,Don Mueang,สีกัน,Si Kan
กรุงเทพมหานคร,Bangkok,ราชเทวี,Ratchathewi,ทุ่งพญาไท,Thung Phaya Thai
กรุงเทพมหานคร,Bangkok,ราชเทวี,Ratchathewi,ถนนพญาไท,Thanon Phaya Thai
กรุงเทพมหานคร,Bangkok,ราชเทวี,Ratchathewi,ถนนเพชรบุรี,Thanon Phetchaburi
กรุงเทพมหานคร,Bangkok,ราชเทวี,Ratchathewi,มักกะสัน,Makkasan
กรุงเทพมหานคร,Bangkok,ลาดพร้าว,Lat Phrao,ลาดพร้าว,Lat Phrao
กรุงเทพมหานคร,Bangkok,ลาดพร้าว,Lat Phrao,จรเข้บัว,Chorakhe Bua
กรุงเทพมหานคร,Bangkok,วัฒนา,Watthana,คลองเตยเหนือ,Khlong Toei Nuea
กรุงเทพมหานคร,Bangkok,วัฒนา,Watthana,คลองตันเหนือ,Khlong Tan Nuea
กรุงเทพมหานคร,Bangkok,วัฒนา,Watthana,พระโขนงเหนือ,Phra Khanong Nuea
กรุงเทพมหานคร,Bangkok,บางแค,Bang Khae,บางแค,Bang Khae
กรุงเทพมหานคร,Bangkok,บางแค,Bang Khae,บางแคเหนือ,Bang Khae Nuea
กรุงเทพมหานคร,Bangkok,บางแค,Bang Khae,บางไผ่,Bang Phai
กรุงเทพมหานคร,Bangkok,บางแค,Bang Khae,หลักสอง,Lak Song
กรุงเทพมหานคร,Bangkok,หลักสี่,Lak Si,ทุ่งสองห้อง,Thung Song Hong
กรุงเทพมหานคร,Bangkok,หลักสี่,Lak Si,ตลาดบางเขน,Talat Bang Khen
กรุงเทพมหานคร,Bangkok,สายไหม,Sai Mai,สายไหม,Sai Mai
กรุงเทพมหานคร,Bangkok,สายไหม,Sai Mai,ออเงิน,O Ngoen
กรุงเทพมหานคร,Bangkok,สายไหม,Sai Mai,คลองถนน,Khlong Thanon
กรุงเทพมหานคร,Bangkok,คันนายาว,Khan Na Yao,คันนายาว,Khan Na Yao
กรุงเทพมหานคร,Bangkok,สะพานสูง,Saphan Sung,สะพานสูง,Sapan Sung
กรุงเทพมหานคร,Bangkok,วังทองหลาง,Wang Thonglang,วังทองหลาง,Wang Thonglang
กรุงเทพมหานคร,Bangkok,คลองสามวา,Khlong Sam Wa,สามวาตะวันตก,Sam Wa Tawantok
กรุงเทพมหานคร,Bangkok,คลองสามวา,Khlong Sam Wa,สามวาตะวันออก,Sam Wa Tawan-ok
กรุงเทพมหานคร,Bangkok,คลองสามวา,Khlong Sam Wa,บางชัน,Bang Chan
กรุงเทพมหานคร,Bangkok,คลองสามวา,Khlong Sam Wa,ทรายกองดิน,Sai Kong Din
กรุงเทพมหานคร,Bangkok,คลองสามวา,Khlong Sam Wa,ทรายกองดินใต้,Sai Kong Din Tai
กรุงเทพมหานคร,Bangkok,บางนา,Bang Na,บางนา,Bang Na
กรุงเทพมหานคร,Bangkok,ทวีวัฒนา,Thawi Watthana,ทวีวัฒนา,Thawi Watthana
กรุงเทพมหานคร,Bangkok,ทวีวัฒนา,Thawi Watthana,ศาลาธรรมสพน์,Sala Thammasop
กรุงเทพมหานคร,Bangkok,ทุ่งครุ,Thung Khru,บางมด,Bang Mot
กรุงเทพมหานคร,Bangkok,ทุ่งครุ,Thung Khru,ทุ่งครุ,Thung Khru
กรุงเทพมหานคร,Bangkok,บางบอน,Bang Bon,บางบอน,Bang Bon
สมุทรปราการ,Samut Prakan,เมืองสมุทรปราการ,Mueang Samut Prakan,ปากน้ำ,Pak Nam
สมุทรปราการ,Samut Prakan,เมืองสมุทรปราการ,Mueang Samut Prakan,สำโรงเหนือ,Samrong Nuea
สมุทรปราการ,Samut Prakan,เมืองสมุทรปราการ,Mueang Samut Prakan,บางเมือง,Bang Mueang
สมุทรปราการ,Samut Prakan,เมืองสมุทรปราการ,Mueang Samut Prakan,ท้ายบ้าน,Thai Ban
สมุทรปราการ,Samut Prakan,เมืองสมุทรปราการ,Mueang Samut Prakan,บางปูใหม่,Bang Pu Mai
สมุทรปราการ,Samut Prakan,เมืองสมุทรปราการ,Mueang Samut Prakan,แพรกษา,Phraek Sa
สมุทรปราการ,Samut Prakan,เมืองสมุทรปราการ,Mueang Samut Prakan,บางโปรง,Bang Prong
สมุทรปราการ,Samut Prakan,เมืองสมุทรปราการ,Mueang Samut Prakan,บางปู,Bang Pu
สมุทรปราการ,Samut Prakan,เมืองสมุทรปราการ,Mueang Samut Prakan,บางด้วน,Bang Duan
สมุทรปราการ,Samut Prakan,เมืองสมุทรปราการ,Mueang Samut Prakan,บางเมืองใหม่,Bang Mueang Mai
สมุทรปราการ,Samut Prakan,เมืองสมุทรปราการ,Mueang Samut Prakan,เทพารักษ์,Thepharak
สมุทรปราการ,Samut Prakan,เมืองสมุทรปราการ,Mueang Samut Prakan,ท้ายบ้านใหม่,Thai Ban Mai
สมุทรปราการ,Samut Prakan,เมืองสมุทรปราการ,Mueang Samut Prakan,แพรกษาใหม่,Phraek Sa Mai
สมุทรปราการ,Samut Prakan,บางบ่อ,Bang Bo,บางบ่อ,Bang Bo
สมุทรปราการ,Samut Prakan,บางบ่อ,Bang Bo,บ้านระกาศ,Ban Rakat
สมุทรปราการ,Samut Prakan,บางบ่อ,Bang Bo,บางพลีน้อย,Bang Phli Noi
สมุทรปราการ,Samut Prakan,บางบ่อ,Bang Bo,บางเพรียง,Bang Phriang
สมุทรปราการ,Samut Prakan,บางบ่อ,Bang Bo,คลองด่าน,Khlong Dan
สมุทรปราการ,Samut Prakan,บางบ่อ,Bang Bo,คลองสวน,Khlong Suan
สมุทรปราการ,Samut Prakan,บางบ่อ,Bang Bo,เปร็ง,Preng
สมุทรปราการ,Samut Prakan,บางบ่อ,Bang Bo,คลองนิยมยาตรา,Khlong Niyom Yattra
สมุทรปราการ,Samut Prakan,บางพลี,Bang Phli,บางพลีใหญ่,Bang Phli Yai
สมุทรปราการ,Samut Prakan,บางพลี,Bang Phli,บางแก้ว,Bang Kaeo
สมุทรปราการ,Samut Prakan,บางพลี,Bang Phli,บางปลา,Bang Pla
สมุทรปราการ,Samut Prakan,บางพลี,Bang Phli,บางโฉลง,Bang Chalong
สมุทรปราการ,Samut Prakan,บางพลี,Bang Phli,ราชาเทวะ,Racha Thewa
สมุทรปราการ,Samut Prakan,บางพลี,Bang Phli,หนองปรือ,Nong Prue
สมุทรปราการ,Samut Prakan,พระประแดง,Phra Pradaeng,ตลาด,Talat
สมุทรปราการ,Samut Prakan,พระประแดง,Phra Pradaeng,บางพึ่ง,Bang Phueng
สมุทรปราการ,Samut Prakan,พระประแดง,Phra Pradaeng,บางจาก,Bang Chak
สมุทรปราการ,Samut Prakan,พระประแดง,Phra Pradaeng,บางครุ,Bang Khru
สมุทรปราการ,Samut Prakan,พระประแดง,Phra Pradaeng,บางหญ้าแพรก,Bang Ya Phraek
สมุทรปราการ,Samut Prakan,พระประแดง,Phra Pradaeng,บางหัวเสือ,Bang Hua Suea
สมุทรปราการ,Samut Prakan,พระประแดง,Phra Pradaeng,สำโรงใต้,Samrong Tai
สมุทรปราการ,Samut Prakan,พระประแดง,Phra Pradaeng,บางยอ,Bang Yo
สมุทรปราการ,Samut Prakan,พระประแดง,Phra Pradaeng,บางกะเจ้า,Bang Kachao
สมุทรปราการ,Samut Prakan,พระประแดง,Phra Pradaeng,บางน้ำผึ้ง,Bang Namphueng
สมุทรปราการ,Samut Prakan,พระประแดง,Phra Pradaeng,บางกระสอบ,Bang Krasop
สมุทรปราการ,Samut Prakan,พระประแดง,Phra Pradaeng,บางกอบัว,Bang Ko Bua
สมุทรปราการ,Samut Prakan,พระประแดง,Phra Pradaeng,ทรงคนอง,Song Khanong
สมุทรปราการ,Samut Prakan,พระประแดง,Phra Pradaeng,สำโรง,Samrong
สมุทรปราการ,Samut Prakan,พระประแดง,Phra Pradaeng,สำโรงกลาง,Samrong Klang
สมุทรปราการ,Samut Prakan,พระสมุทรเจดีย์,Phra Samut Chedi,นาเกลือ,Na Kluea
สมุทรปราการ,Samut Prakan,พระสมุทรเจดีย์,Phra Samut Chedi,บ้านคลองสวน,Ban Khlong Suan
สมุทรปราการ,Samut Prakan,พระสมุทรเจดีย์,Phra Samut Chedi,แหลมฟ้าผ่า,Laem Fa Pha
สมุทรปราการ,Samut Prakan,พระสมุทรเจดีย์,Phra Samut Chedi,ปากคลองบางปลากด,Pak Klong Bang Pla Kot
สมุทรปราการ,Samut Prakan,พระสมุทรเจดีย์,Phra Samut Chedi,ในคลองบางปลากด,Nai Khlong Bang Pla Kot
สมุทรปราการ,Samut Prakan,บางเสาธง,Bang Sao Thong,บางเสาธง,Bang Sao Thong
สมุทรปราการ,Samut Prakan,บางเสาธง,Bang Sao Thong,ศีรษะจรเข้น้อย,Sisa Chorakhe Noi
สมุทรปราการ,Samut Prakan,บางเสาธง,Bang Sao Thong,ศีรษะจรเข้ใหญ่,Sisa Chorakhe Yai
นนทบุรี,Nonthaburi,เมืองนนทบุรี,Mueang Nonthaburi,สวนใหญ่,Suan Yai
นนทบุรี,Nonthaburi,เมืองนนทบุรี,Mueang Nonthaburi,ตลาดขวัญ,Talat Khwan
นนทบุรี,Nonthaburi,เมืองนนทบุรี,Mueang Nonthaburi,บางเขน,Bang Khen
นนทบุรี,Nonthaburi,เมืองนนทบุรี,Mueang Nonthaburi,บางกระสอ,Bang Kraso
นนทบุรี,Nonthaburi,เมืองนนทบุรี,Mueang Nonthaburi,ท่าทราย,Tha Sai
นนทบุรี,Nonthaburi,เมืองนนทบุรี,Mueang Nonthaburi,บางไผ่,Bang Phai
นนทบุรี,Nonthaburi,เมืองนนทบุรี,Mueang Nonthaburi,บางศรีเมือง,Bang Si Mueang
นนทบุรี,Nonthaburi,เมืองนนทบุรี,Mueang Nonthaburi,บางกร่าง,Bang Krang
นนทบุรี,Nonthaburi,เมืองนนทบุรี,Mueang Nonthaburi,ไทรม้า,Sai Ma
นนทบุรี,Nonthaburi,เมืองนนทบุรี,Mueang Nonthaburi,บางรักน้อย,Bang Rak Noi
นนทบุรี,Nonthaburi,บางกรวย,Bang Kruai,วัดชลอ,Wat Chalo
นนทบุรี,Nonthaburi,บางกรวย,Bang Kruai,บางกรวย,Bang Kruai
นนทบุรี,Nonthaburi,บางกรวย,Bang Kruai,บางสีทอง,Bang Si Thong
นนทบุรี,Nonthaburi,บางกรวย,Bang Kruai,บางขนุน,Bang Khanun
นนทบุรี,Nonthaburi,บางกรวย,Bang Kruai,บางขุนกอง,Bang Khun Kong
นนทบุรี,Nonthaburi,บางกรวย,Bang Kruai,บางคูเวียง,Bang Khu Wiang
นนทบุรี,Nonthaburi,บางกรวย,Bang Kruai,มหาสวัสดิ์,Maha Sawat
นนทบุรี,Nonthaburi,บางกรวย,Bang Kruai,ปลายบาง,Plai Bang
นนทบุรี,Nonthaburi,บางกรวย,Bang Kruai,ศาลากลาง,Sala Klang
นนทบุรี,Nonthaburi,บางใหญ่,Bang Yai,บางม่วง,Bang Muang
นนทบุรี,Nonthaburi,บางใหญ่,Bang Yai,บางแม่นาง,Bang Mae Nang
นนทบุรี,Nonthaburi,บางใหญ่,Bang Yai,บางเลน,Bang Len
นนทบุรี,Nonthaburi,บางใหญ่,Bang Yai,เสาธงหิน,Sao Thong Hin
นนทบุรี,Nonthaburi,บางใหญ่,Bang Yai,บางใหญ่,Bang Yai
นนทบุรี,Nonthaburi,บางใหญ่,Bang Yai,บ้านใหม่,Ban Mai
นนทบุรี,Nonthaburi,บางบัวทอง,Bang Bua Thong,โสนลอย,Sano Loi
นนทบุรี,Nonthaburi,บางบัวทอง,Bang Bua Thong,บางบัวทอง,Bang Bua Thong
นนทบุรี,Nonthaburi,บางบัวทอง,Bang Bua Thong,บางรักใหญ่,Bang Rak Yai
นนทบุรี,Nonthaburi,บางบัวทอง,Bang Bua Thong,บางคูรัด,Bang Khu Rat
นนทบุรี,Nonthaburi,บางบัวทอง,Bang Bua Thong,ละหาร,Lahan
นนทบุรี,Nonthaburi,บางบัวทอง,Bang Bua Thong,ลำโพ,Lam Pho
นนทบุรี,Nonthaburi,บางบัวทอง,Bang Bua Thong,พิมลราช,Phimon Rat
นนทบุรี,Nonthaburi,บางบัวทอง,Bang Bua Thong,บางรักพัฒนา,Bang Rak Phatthana
นนทบุรี,Nonthaburi,ไทรน้อย,Sai Noi,ไทรน้อย,Sai Noi
นนทบุรี,Nonthaburi,ไทรน้อย,Sai Noi,ราษฎร์นิยม,Rat Niyom
นนทบุรี,Nonthaburi,ไทรน้อย,Sai Noi,หนองเพรางาย,Nong Phrao Ngai
นนทบุรี,Nonthaburi,ไทรน้อย,Sai Noi,ไทรใหญ่,Sai Yai
นนทบุรี,Nonthaburi,ไทรน้อย,Sai Noi,ขุนศรี,Khun Si
นนทบุรี,Nonthaburi,ไทรน้อย,Sai Noi,คลองขวาง,Khlong Khwang
นนทบุรี,Nonthaburi,ไทรน้อย,Sai Noi,ทวีวัฒนา,Thawi Watthana
นนทบุรี,Nonthaburi,ปากเกร็ด,Pak Kret,ปากเกร็ด,Pak Kret
นนทบุรี,Nonthaburi,ปากเกร็ด,Pak Kret,บางตลาด,Bang Talat
นนทบุรี,Nonthaburi,ปากเกร็ด,Pak Kret,บ้านใหม่,Ban Mai
นนทบุรี,Nonthaburi,ปากเกร็ด,Pak Kret,บางพูด,Bang Phut
นนทบุรี,Nonthaburi,ปากเกร็ด,Pak Kret,บางตะไนย์,Bang Tanai
นนทบุรี,Nonthaburi,ปากเกร็ด,Pak Kret,คลองพระอุดม,Khlong Phra Udom
นนทบุรี,Nonthaburi,ปากเกร็ด,Pak Kret,ท่าอิฐ,Tha It
นนทบุรี,Nonthaburi,ปากเกร็ด,Pak Kret,เกาะเกร็ด,Ko Kret
นนทบุรี,Nonthaburi,ปากเกร็ด,Pak Kret,อ้อมเกร็ด,Om Kret
นนทบุรี,Nonthaburi,ปากเกร็ด,Pak Kret,คลองข่อย,Khlong Khoi
นนทบุรี,Nonthaburi,ปากเกร็ด,Pak Kret,บางพลับ,Bang Phlap
นนทบุรี,Nonthaburi,ปากเกร็ด,Pak Kret,คลองเกลือ,Khlong Kluea
ปทุมธานี,Pathum Thani,เมืองปทุมธานี,Mueang Pathum Thani,บางปรอก,Bang Parok
ปทุมธานี,Pathum Thani,เมืองปทุมธานี,Mueang Pathum Thani,บ้านใหม่,Ban Mai
ปทุมธานี,Pathum Thani,เมืองปทุมธานี,Mueang Pathum Thani,บ้านกลาง,Ban Klang
ปทุมธานี,Pathum Thani,เมืองปทุมธานี,Mueang Pathum Thani,บ้านฉาง,Ban Chang
ปทุมธานี,Pathum Thani,เมืองปทุมธานี,Mueang Pathum Thani,บ้านกระแชง,Ban Krachaeng
ปทุมธานี,Pathum Thani,เมืองปทุมธานี,Mueang Pathum Thani,บางขะแยง,Bang Khayaeng
ปทุมธานี,Pathum Thani,เมืองปทุมธานี,Mueang Pathum Thani,บางคูวัด,Bang Khu Wat
ปทุมธานี,Pathum Thani,เมืองปทุมธานี,Mueang Pathum Thani,บางหลวง,Bang Luang
ปทุมธานี,Pathum Thani,เมืองปทุมธานี,Mueang Pathum Thani,บางเดื่อ,Bang Duea
ปทุมธานี,Pathum Thani,เมืองปทุมธานี,Mueang Pathum Thani,บางพูด,Bang Phut
ปทุมธานี,Pathum Thani,เมืองปทุมธานี,Mueang Pathum Thani,บางพูน,Bang Phun
ปทุมธานี,Pathum Thani,เมืองปทุมธานี,Mueang Pathum Thani,บางกะดี,Bang Kadi
ปทุมธานี,Pathum Thani,เมืองปทุมธานี,Mueang Pathum Thani,สวนพริกไทย,Suan Phrikthai
ปทุมธานี,Pathum Thani,เมืองปทุมธานี,Mueang Pathum Thani,หลักหก,Lak Hok
ปทุมธานี,Pathum Thani,คลองหลวง,Khlong Luang,คลองหนึ่ง,Khlong Nueng
ปทุมธานี,Pathum Thani,คลองหลวง,Khlong Luang,คลองสอง,Khlong Song
ปทุมธานี,Pathum Thani,คลองหลวง,Khlong Luang,คลองสาม,Khlong Sam
ปทุมธานี,Pathum Thani,คลองหลวง,Khlong Luang,คลองสี่,Khlong Si
ปทุมธานี,Pathum Thani,คลองหลวง,Khlong Luang,คลองห้า,Khlong Ha
ปทุมธานี,Pathum Thani,คลองหลวง,Khlong Luang,คลองหก,Khlong Hok
ปทุมธานี,Pathum Thani,คลองหลวง,Khlong Luang,คลองเจ็ด,Khlong Chet
ปทุมธานี,Pathum Thani,ธัญบุรี,Thanyaburi,ประชาธิปัตย์,Prachathipat
ปทุมธานี,Pathum Thani,ธัญบุรี,Thanyaburi,บึงยี่โถ,Bueng Yitho
ปทุมธานี,Pathum Thani,ธัญบุรี,Thanyaburi,รังสิต,Rangsit
ปทุมธานี,Pathum Thani,ธัญบุรี,Thanyaburi,ลำผักกูด,Lam Phak Kut
ปทุมธานี,Pathum Thani,ธัญบุรี,Thanyaburi,บึงสนั่น,Bueng Sanan
ปทุมธานี,Pathum Thani,ธัญบุรี,Thanyaburi,บึงน้ำรักษ์,Bueng Nam Rak
ปทุมธานี,Pathum Thani,หนองเสือ,Nong Suea,บึงบา,Bueng Ba
ปทุมธานี,Pathum Thani,หนองเสือ,Nong Suea,บึงบอน,Bueng Bon
ปทุมธานี,Pathum Thani,หนองเสือ,Nong Suea,บึงกาสาม,Bueng Ka Sam
ปทุมธานี,Pathum Thani,หนองเสือ,Nong Suea,บึงชำอ้อ,Bueng Cham O
ปทุมธานี,Pathum Thani,หนองเสือ,Nong Suea,หนองสามวัง,Nong Sam Wang
ปทุมธานี,Pathum Thani,หนองเสือ,Nong Suea,ศาลาครุ,Sala Khru
ปทุมธานี,Pathum Thani,หนองเสือ,Nong Suea,นพรัตน์,Noppharat
ปทุมธานี,Pathum Thani,ลาดหลุมแก้ว,Lat Lum Kaeo,ระแหง,Rahaeng
ปทุมธานี,Pathum Thani,ลาดหลุมแก้ว,Lat Lum Kaeo,ลาดหลุมแก้ว,Lat Lum Kaeo
ปทุมธานี,Pathum Thani,ลาดหลุมแก้ว,Lat Lum Kaeo,คูบางหลวง,Khu Bang Luang
ปทุมธานี,Pathum Thani,ลาดหลุมแก้ว,Lat Lum Kaeo,คูขวาง,Khu Khwang
ปทุมธานี,Pathum Thani,ลาดหลุมแก้ว,Lat Lum Kaeo,คลองพระอุดม,Khlong Phra Udom
ปทุมธานี,Pathum Thani,ลาดหลุมแก้ว,Lat Lum Kaeo,บ่อเงิน,Bo Ngoen
ปทุมธานี,Pathum Thani,ลาดหลุมแก้ว,Lat Lum Kaeo,หน้าไม้,Na Mai
ปทุมธานี,Pathum Thani,ลำลูกกา,Lam Luk Ka,คูคต,Khu Khot
ปทุมธานี,Pathum Thani,ลำลูกกา,Lam Luk Ka,ลาดสวาย,Lat Sawai
ปทุมธานี,Pathum Thani,ลำลูกกา,Lam Luk Ka,บึงคำพร้อย,Bueng Kham Phroi
ปทุมธานี,Pathum Thani,ลำลูกกา,Lam Luk Ka,ลำลูกกา,Lam Luk Ka
ปทุมธานี,Pathum Thani,ลำลูกกา,Lam Luk Ka,บึงทองหลาง,Bueng Thonglang
ปทุมธานี,Pathum Thani,ลำลูกกา,Lam Luk Ka,ลำไทร,Lam Sai
ปทุมธานี,Pathum Thani,ลำลูกกา,Lam Luk Ka,บึงคอไห,Bueng Kho Hai
ปทุมธานี,Pathum Thani,ลำลูกกา,Lam Luk Ka,พืชอุดม,Phuet Udom
ปทุมธานี,Pathum Thani,สามโคก,Sam Khok,บางเตย,Bang Toei
ปทุมธานี,Pathum Thani,สามโคก,Sam Khok,คลองควาย,Khlong Khwai
ปทุมธานี,Pathum Thani,สามโคก,Sam Khok,สามโคก,Sam Khok
ปทุมธานี,Pathum Thani,สามโคก,Sam Khok,กระแชง,Krachaeng
ปทุมธานี,Pathum Thani,สามโคก,Sam Khok,บางโพธิ์เหนือ,Bang Pho Nuea
ปทุมธานี,Pathum Thani,สามโคก,Sam Khok,เชียงรากใหญ่,Chiang Rak Yai
ปทุมธานี,Pathum Thani,สามโคก,Sam Khok,บ้านปทุม,Ban Pathum
ปทุมธานี,Pathum Thani,สามโคก,Sam Khok,บ้านงิ้ว,Ban Ngio
ปทุมธานี,Pathum Thani,สามโคก,Sam Khok,เชียงรากน้อย,Chiang Rak Noi
ปทุมธานี,Pathum Thani,สามโคก,Sam Khok,บางกระบือ,Bang Krabue
ปทุมธานี,Pathum Thani,สามโคก,Sam Khok,ท้ายเกาะ,Thai Ko
พระนครศรีอยุธยา,Phra Nakhon Si Ayutthaya,พระนครศรีอยุธยา,Phra Nakhon Si Ayutthaya,ประตูชัย,Pratu Chai
พระนครศรีอยุธยา,Phra Nakhon Si Ayutthaya,พระนครศรีอยุธยา,Phra Nakhon Si Ayutthaya,กะมัง,Kamang
พระนครศรีอยุธยา,Phra Nakhon Si Ayutthaya,พระนครศรีอยุธยา,Phra Nakhon Si Ayutthaya,หอรัตนไชย,Ho Rattanachai
พระนครศรีอยุธยา,Phra Nakhon Si Ayutthaya,พระนครศรีอยุธยา,Phra Nakhon Si Ayutthaya,หัวรอ,Hua Ro
พระนครศรีอยุธยา,Phra Nakhon Si Ayutthaya,พระนครศรีอยุธยา,Phra Nakhon Si Ayutthaya,ท่าวาสุกรี,Tha Wasukri
พระนครศรีอยุธยา,Phra Nakhon Si Ayutthaya,พระนครศรีอยุธยา,Phra Nakhon Si Ayutthaya,ไผ่ลิง,Phai Ling
พระนครศรีอยุธยา,Phra Nakhon Si Ayutthaya,พระนครศรีอยุธยา,Phra Nakhon Si Ayutthaya,ปากกราน,Pak Kran
พระนครศรีอยุธยา,Phra Nakhon Si Ayutthaya,พระนครศรีอยุธยา,Phra Nakhon Si Ayutthaya,ภูเขาทอง,Phukhao Thong
พระนครศรีอยุธยา,Phra Nakhon Si Ayutthaya,พระนครศรีอยุธยา,Phra Nakhon Si Ayutthaya,สำเภาล่ม,Samphao Lom
พระนครศรีอยุธยา,Phra Nakhon Si Ayutthaya,พระนครศรีอยุธยา,Phra Nakhon Si Ayutthaya,สวนพริก,Suan Phrik
พระนครศรีอยุธยา,Phra Nakhon Si Ayutthaya,พระนครศรีอยุธยา,Phra Nakhon Si Ayutthaya,คลองตะเคียน,Khlong Takhian
พระนครศรีอยุธยา,Phra Nakhon Si Ayutthaya,พระนครศรีอยุธยา,Phra Nakhon Si Ayutthaya,วัดตูม,Wat Tum
พระนครศรีอยุธยา,Phra Nakhon Si Ayutthaya,พระนครศรีอยุธยา,Phra Nakhon Si Ayutthaya,หันตรา,Hantra
พระนครศรีอยุธยา,Phra Nakhon Si Ayutthaya,พระนครศรีอยุธยา,Phra Nakhon Si Ayutthaya,ลุมพลี,Lumphli
พระนครศรีอยุธยา,Phra Nakhon Si Ayutthaya,พระนครศรีอยุธยา,Phra Nakhon Si Ayutthaya,บ้านใหม่,Ban Mai
พระนครศรีอยุธยา,Phra Nakhon Si Ayutthaya,พระนครศรีอยุธยา,Phra Nakhon Si Ayutthaya,บ้านเกาะ,Ban Ko
พระนครศรีอยุธยา,Phra Nakhon Si Ayutthaya,พระนครศรีอยุธยา,Phra Nakhon Si Ayutthaya,คลองสวนพลู,Khlong Suan Phlu
พระนครศรีอยุธยา,Phra Nakhon Si Ayutthaya,พระนครศรีอยุธยา,Phra Nakhon Si Ayutthaya,คลองสระบัว,Khlong Sa Bua
พระนครศรีอยุธยา,Phra Nakhon Si Ayutthaya,พระนครศรีอยุธยา,Phra Nakhon Si Ayutthaya,เกาะเรียน,Ko Rian
พระนครศรีอยุธยา,Phra Nakhon Si Ayutthaya,พระนครศรีอยุธยา,Phra Nakhon Si Ayutthaya,บ้านป้อม,Ban Pom
พระนครศรีอยุธยา,Phra Nakhon Si Ayutthaya,พระนครศรีอยุธยา,Phra Nakhon Si Ayutthaya,บ้านรุน,Ban Run
พระนครศรีอยุธยา,Phra Nakhon Si Ayutthaya,ท่าเรือ,Tha Ruea,ท่าเรือ,Tha Ruea
พระนครศรีอยุธยา,Phra Nakhon Si Ayutthaya,ท่าเรือ,Tha Ruea,จำปา,Champa
พระนครศรีอยุธยา,Phra Nakhon Si Ayutthaya,ท่าเรือ,Tha Ruea,ท่าหลวง,Tha Luang
พระนครศรีอยุธยา,Phra Nakhon Si Ayutthaya,ท่าเรือ,Tha Ruea,บ้านร่อม,Ban Rom
พระนครศรีอยุธยา,Phra Nakhon Si Ayutthaya,ท่าเรือ,Tha Ruea,ศาลาลอย,Sala Loi
พระนครศรีอยุธยา,Phra Nakhon Si Ayutthaya,ท่าเรือ,Tha Ruea,วังแดง,Wang Daeng
พระนครศรีอยุธยา,Phra Nakhon Si Ayutthaya,ท่าเรือ,Tha Ruea,โพธิ์เอน,Pho En
พระนครศรีอยุธยา,Phra Nakhon Si Ayutthaya,ท่าเรือ,Tha Ruea,ปากท่า,Pak Tha
พระนครศรีอยุธยา,Phra Nakhon Si Ayutthaya,ท่าเรือ,Tha Ruea,หนองขนาก,Nong Khanak
พระนครศรีอยุธยา,Phra Nakhon Si Ayutthaya,ท่าเรือ,Tha Ruea,ท่าเจ้าสนุก,Tha Chao Sanuk
พระนครศรีอยุธยา,Phra Nakhon Si Ayutthaya,นครหลวง,Nakhon Luang,นครหลวง,Nakhon Luang
พระนครศรีอยุธยา,Phra Nakhon Si Ayutthaya,นครหลวง,Nakhon Luang,ท่าช้าง,Tha Chang
พระนครศรีอยุธยา,Phra Nakhon Si Ayutthaya,นครหลวง,Nakhon Luang,บ่อโพง,Bo Phong
พระนครศรีอยุธยา,Phra Nakhon Si Ayutthaya,นครหลวง,Nakhon Luang,บ้านชุ้ง,Ban Chung
พระนครศรีอยุธยา,Phra Nakhon Si Ayutthaya,นครหลวง,Nakhon Luang,ปากจั่น,Pak Chan
พระนครศรีอยุธยา,Phra Nakhon Si Ayutthaya,นครหลวง,Nakhon Luang,บางระกำ,Bang Rakam
พระนครศรีอยุธยา,Phra Nakhon Si Ayutthaya,นครหลวง,Nakhon Luang,บางพระครู,Bang Phra Khru
พระนครศรีอยุธยา,Phra Nakhon Si Ayutthaya,นครหลวง,Nakhon Luang,แม่ลา,Mae La
พระนครศรีอยุธยา,Phra Nakhon Si Ayutthaya,นครหลวง,Nakhon Luang,หนองปลิง,Nong Pling
พระนครศรีอยุธยา,Phra Nakhon Si Ayutthaya,นครหลวง,Nakhon Luang,คลองสะแก,Khlong Sakae
พระนครศรีอยุธยา,Phra Nakhon Si Ayutthaya,นครหลวง,Nakhon Luang,สามไถ,Sam Thai
พระนครศรีอยุธยา,Phra Nakhon Si Ayutthaya,นครหลวง,Nakhon Luang,พระนอน,Phra Non
พระนครศรีอยุธยา,Phra Nakhon Si Ayutthaya,บางไทร,Bang Sai,บางไทร,Bang Sai
พระนครศรีอยุธยา,Phra Nakhon Si Ayutthaya,บางไทร,Bang Sai,บางพลี,Bang Phli
พระนครศรีอยุธยา,Phra Nakhon Si Ayutthaya,บางไทร,Bang Sai,สนามชัย,Sanam Chai
พระนครศรีอยุธยา,Phra Nakhon Si Ayutthaya,บางไทร,Bang Sai,บ้านแป้ง,Ban Paeng
พระนครศรีอยุธยา,Phra Nakhon Si Ayutthaya,บางไทร,Bang Sai,หน้าไม้,Na Mai
พระนครศรีอยุธยา,Phra Nakhon Si Ayutthaya,บางไทร,Bang Sai,บางยี่โท,Bang Yi Tho
พระนครศรีอยุธยา,Phra Nakhon Si Ayutthaya,บางไทร,Bang Sai,แคออก,Khae Ok
พระนครศรีอยุธยา,Phra Nakhon Si Ayutthaya,บางไทร,Bang Sai,แคตก,Khae Tok
พระนครศรีอยุธยา,Phra Nakhon Si Ayutthaya,บางไทร,Bang Sai,ช่างเหล็ก,Chang Lek
พระนครศรีอยุธยา,Phra Nakhon Si Ayutthaya,บางไทร,Bang Sai,กระแชง,Krachaeng
พระนครศรีอยุธยา,Phra Nakhon Si Ayutthaya,บางไทร,Bang Sai,บ้านกลึง,Ban Klueng
พระนครศรีอยุธยา,Phra Nakhon Si Ayutthaya,บางไทร,Bang Sai,ช้างน้อย,Chang Noi
พระนครศรีอยุธยา,Phra Nakhon Si Ayutthaya,บางไทร,Bang Sai,ห่อหมก,Homok
พระนครศรีอยุธยา,Phra Nakhon Si Ayutthaya,บางไทร,Bang Sai,ไผ่พระ,Phai Phra
พระนครศรีอยุธยา,Phra Nakhon Si Ayutthaya,บางไทร,Bang Sai,กกแก้วบูรพา,Kok Kaeo Burapha
พระนครศรีอยุธยา,Phra Nakhon Si Ayutthaya,บางไทร,Bang Sai,ไม้ตรา,Mai Tra
พระนครศรีอยุธยา,Phra Nakhon Si Ayutthaya,บางไทร,Bang Sai,บ้านม้า,Ban Ma
พระนครศรีอยุธยา,Phra Nakhon Si Ayutthaya,บางไทร,Bang Sai,บ้านเกาะ,Ban Ko
พระนครศรีอยุธยา,Phra Nakhon Si Ayutthaya,บางไทร,Bang Sai,ราชคราม,Ratchakhram
พระนครศรีอยุธยา,Phra Nakhon Si Ayutthaya,บางไทร,Bang Sai,ช้างใหญ่,Chang Yai
พระนครศรีอยุธยา,Phra Nakhon Si Ayutthaya,บางไทร,Bang Sai,โพแตง,Pho Taeng
พระนครศรีอยุธยา,Phra Nakhon Si Ayutthaya,บางไทร,Bang Sai,เชียงรากน้อย,Chiang Rak Noi
พระนครศรีอยุธยา,Phra Nakhon Si Ayutthaya,บางไทร,Bang Sai,โคกช้าง,Khok Chang
พระนครศรีอยุธยา,Phra Nakhon Si Ayutthaya,บางบาล,Bang Ban,บางบาล,Bang Ban
พระนครศรีอยุธยา,Phra Nakhon Si Ayutthaya,บางบาล,Bang Ban,วัดยม,Wat Yom
พระนครศรีอยุธยา,Phra Nakhon Si Ayutthaya,บางบาล,Bang Ban,ไทรน้อย,Sai Noi
พระนครศรีอยุธยา,Phra Nakhon Si Ayutthaya,บางบาล,Bang Ban,สะพานไทย,Saphan Thai
พระนครศรีอยุธยา,Phra Nakhon Si Ayutthaya,บางบาล,Bang Ban,มหาพราหมณ์,Maha Phram
พระนครศรีอยุธยา,Phra Nakhon Si Ayutthaya,บางบาล,Bang Ban,กบเจา,Kop Chao
พระนครศรีอยุธยา,Phra Nakhon Si Ayutthaya,บางบาล,Bang Ban,บ้านคลัง,Ban Khlang
พระนครศรีอยุธยา,Phra Nakhon Si Ayutthaya,บางบาล,Bang Ban,พระขาว,Phra Khao
พระนครศรีอยุธยา,Phra Nakhon Si Ayutthaya,บางบาล,Bang Ban,น้ำเต้า,Namtao
พระนครศรีอยุธยา,Phra Nakhon Si Ayutthaya,บางบาล,Bang Ban,ทางช้าง,Thang Chang
พระนครศรีอยุธยา,Phra Nakhon Si Ayutthaya,บางบาล,Bang Ban,วัดตะกู,Wat Taku
พระนครศรีอยุธยา,Phra Nakhon Si Ayutthaya,บางบาล,Bang Ban,บางหลวง,Bang Luang
พระนครศรีอยุธยา,Phra Nakhon Si Ayutthaya,บางบาล,Bang Ban,บางหลวงโดด,Bang Luang Dot
พระนครศรีอยุธยา,Phra Nakhon Si Ayutthaya,บางบาล,Bang Ban,บางหัก,Bang Hak
พระนครศรีอยุธยา,Phra Nakhon Si Ayutthaya,บางบาล,Bang Ban,บางชะนี,Bang Chani
พระนครศรีอยุธยา,Phra Nakhon Si Ayutthaya,บางบาล,Bang Ban,บ้านกุ่ม,Ban Kum
พระนครศรีอยุธยา,Phra Nakhon Si Ayutthaya,บางปะอิน,Bang Pa-in,บ้านเลน,Ban Len
พระนครศรีอยุธยา,Phra Nakhon Si Ayutthaya,บางปะอิน,Bang Pa-in,เชียงรากน้อย,Chiang Rak Noi
พระนครศรีอยุธยา,Phra Nakhon Si Ayutthaya,บางปะอิน,Bang Pa-in,บ้านโพ,Ban Pho
พระนครศรีอยุธยา,Phra Nakhon Si Ayutthaya,บางปะอิน,Bang Pa-in,บ้านกรด,Ban Krot
พระนครศรีอยุธยา,Phra Nakhon Si Ayutthaya,บางปะอิน,Bang Pa-in,บางกระสั้น,Bang Krasan
พระนครศรีอยุธยา,Phra Nakhon Si Ayutthaya,บางปะอิน,Bang Pa-in,คลองจิก,Khlong Chik
พระนครศรีอยุธยา,Phra Nakhon Si Ayutthaya,บางปะอิน,Bang Pa-in,บ้านหว้า,Ban Wa
พระนครศรีอยุธยา,Phra Nakhon Si Ayutthaya,บางปะอิน,Bang Pa-in,วัดยม,Wat Yom
พระนครศรีอยุธยา,Phra Nakhon Si Ayutthaya,บางปะอิน,Bang Pa-in,บางประแดง,Bang Pradaeng
พระนครศรีอยุธยา,Phra Nakhon Si Ayutthaya,บางปะอิน,Bang Pa-in,สามเรือน,Sam Ruean
พระนครศรีอยุธยา,Phra Nakhon Si Ayutthaya,บางปะอิน,Bang Pa-in,เกาะเกิด,Ko Koet
พระนครศรีอยุธยา,Phra Nakhon Si Ayutthaya,บางปะอิน,Bang Pa-in,บ้านพลับ,Ban Phlap
พระนครศรีอยุธยา,Phra Nakhon Si Ayutthaya,บางปะอิน,Bang Pa-in,บ้านแป้ง,Ban Paeng
พระนครศรีอยุธยา,Phra Nakhon Si Ayutthaya,บางปะอิน,Bang Pa-in,คุ้งลาน,Khung Lan
พระนครศรีอยุธยา,Phra Nakhon Si Ayutthaya,บางปะอิน,Bang Pa-in,ตลิ่งชัน,Taling Chan
พระนครศรีอยุธยา,Phra Nakhon Si Ayutthaya,บางปะอิน,Bang Pa-in,บ้านสร้าง,Ban Sang
พระนครศรีอยุธยา,Phra Nakhon Si Ayutthaya,บางปะอิน,Bang Pa-in,ตลาดเกรียบ,Talat Kriap
พระนครศรีอยุธยา,Phra Nakhon Si Ayutthaya,บางปะอิน,Bang Pa-in,ขนอนหลวง,Khanon Luang
พระนครศรีอยุธยา,Phra Nakhon Si Ayutthaya,บางปะหัน,Bang Pahan,บางปะหัน,Bang Pahan
พระนครศรีอยุธยา,Phra Nakhon Si Ayutthaya,บางปะหัน,Bang Pahan,ขยาย,Khayai
พระนครศรีอยุธยา,Phra Nakhon Si Ayutthaya,บางปะหัน,Bang Pahan,บางเดื่อ,Bang Duea
พระนครศรีอยุธยา,Phra Nakhon Si Ayutthaya,บางปะหัน,Bang Pahan,เสาธง,Sao Thong
พระนครศรีอยุธยา,Phra Nakhon Si Ayutthaya,บางปะหัน,Bang Pahan,ทางกลาง,Thang Klang
พระนครศรีอยุธยา,Phra Nakhon Si Ayutthaya,บางปะหัน,Bang Pahan,บางเพลิง,Bang Phloeng
พระนครศรีอยุธยา,Phra Nakhon Si Ayutthaya,บางปะหัน,Bang Pahan,หันสัง,Hansang
พระนครศรีอยุธยา,Phra Nakhon Si Ayutthaya,บางปะหัน,Bang Pahan,บางนางร้า,Bang Nang Ra
พระนครศรีอยุธยา,Phra Nakhon Si Ayutthaya,บางปะหัน,Bang Pahan,ตานิม,Ta Nim
พระนครศรีอยุธยา,Phra Nakhon Si Ayutthaya,บางปะหัน,Bang Pahan,ทับน้ำ,Thap Nam
พระนครศรีอยุธยา,Phra Nakhon Si Ayutthaya,บางปะหัน,Bang Pahan,บ้านม้า,Ban Ma
พระนครศรีอยุธยา,Phra Nakhon Si Ayutthaya,บางปะหัน,Bang Pahan,ขวัญเมือง,Khwan Mueang
พระนครศรีอยุธยา,Phra Nakhon Si Ayutthaya,บางปะหัน,Bang Pahan,บ้านลี่,Ban Li
พระนครศรีอยุธยา,Phra Nakhon Si Ayutthaya,บางปะหัน,Bang Pahan,โพธิ์สามต้น,Pho Sam Ton
พระนครศรีอยุธยา,Phra Nakhon Si Ayutthaya,บางปะหัน,Bang Pahan,พุทเลา,Phutlao
พระนครศรีอยุธยา,Phra Nakhon Si Ayutthaya,บางปะหัน,Bang Pahan,ตาลเอน,Tan En
พระนครศรีอยุธยา,Phra Nakhon Si Ayutthaya,บางปะหัน,Bang Pahan,บ้านขล้อ,Ban Khlo
พระนครศรีอยุธยา,Phra Nakhon Si Ayutthaya,ผักไห่,Phak Hai,ผักไห่,Phak Hai
พระนครศรีอยุธยา,Phra Nakhon Si Ayutthaya,ผักไห่,Phak Hai,อมฤต,Ammarit
พระนครศรีอยุธยา,Phra Nakhon Si Ayutthaya,ผักไห่,Phak Hai,บ้านแค,Ban Khae
พระนครศรีอยุธยา,Phra Nakhon Si Ayutthaya,ผักไห่,Phak Hai,ลาดน้ำเค็ม,Lat Nam Khem
พระนครศรีอยุธยา,Phra Nakhon Si Ayutthaya,ผักไห่,Phak Hai,ตาลาน,Ta Lan
พระนครศรีอยุธยา,Phra Nakhon Si Ayutthaya,ผักไห่,Phak Hai,ท่าดินแดง,Tha Din Daeng
พระนครศรีอยุธยา,Phra Nakhon Si Ayutthaya,ผักไห่,Phak Hai,ดอนลาน,Don Lan
พระนครศรีอยุธยา,Phra Nakhon Si Ayutthaya,ผักไห่,Phak Hai,นาคู,Na Khu
พระนครศรีอยุธยา,Phra Nakhon Si Ayutthaya,ผักไห่,Phak Hai,กุฎี,Kudi
พระนครศรีอยุธยา,Phra Nakhon Si Ayutthaya,ผักไห่,Phak Hai,ลำตะเคียน,Lam Takhian
พระนครศรีอยุธยา,Phra Nakhon Si Ayutthaya,ผักไห่,Phak Hai,โคกช้าง,Khok Chang
พระนครศรีอยุธยา,Phra Nakhon Si Ayutthaya,ผักไห่,Phak Hai,จักราช,Chakkarat
พระนครศรีอยุธยา,Phra Nakhon Si Ayutthaya,ผักไห่,Phak Hai,หนองน้ำใหญ่,Nong Nam Yai
พระนครศรีอยุธยา,Phra Nakhon Si Ayutthaya,ผักไห่,Phak Hai,ลาดชิด,Lat Chit
พระนครศรีอยุธยา,Phra Nakhon Si Ayutthaya,ผักไห่,Phak Hai,หน้าโคก,Na Khok
พระนครศรีอยุธยา,Phra Nakhon Si Ayutthaya,ผักไห่,Phak Hai,บ้านใหญ่,Ban Yai
พระนครศรีอยุธยา,Phra Nakhon Si Ayutthaya,ภาชี,Phachi,ภาชี,Phachi
พระนครศรีอยุธยา,Phra Nakhon Si Ayutthaya,ภาชี,Phachi,โคกม่วง,Khok Muang
พระนครศรีอยุธยา,Phra Nakhon Si Ayutthaya,ภาชี,Phachi,ระโสม,Rasom
พระนครศรีอยุธยา,Phra Nakhon Si Ayutthaya,ภาชี,Phachi,หนองน้ำใส,Nong Nam Sai
พระนครศรีอยุธยา,Phra Nakhon Si Ayutthaya,ภาชี,Phachi,ดอนหญ้านาง,Don Ya Nang
พระนครศรีอยุธยา,Phra Nakhon Si Ayutthaya,ภาชี,Phachi,ไผ่ล้อม,Phai Lom
พระนครศรีอยุธยา,Phra Nakhon Si Ayutthaya,ภาชี,Phachi,กระจิว,Krachio
พระนครศรีอยุธยา,Phra Nakhon Si Ayutthaya,ภาชี,Phachi,พระแก้ว,Phra Kaeo
พระนครศรีอยุธยา,Phra Nakhon Si Ayutthaya,ลาดบัวหลวง,Lat Bua Luang,ลาดบัวหลวง,Lat Bua Luang
พระนครศรีอยุธยา,Phra Nakhon Si Ayutthaya,ลาดบัวหลวง,Lat Bua Luang,หลักชัย,Lak Chai
พระนครศรีอยุธยา,Phra Nakhon Si Ayutthaya,ลาดบัวหลวง,Lat Bua Luang,สามเมือง,Sam Mueang
พระนครศรีอยุธยา,Phra Nakhon Si Ayutthaya,ลาดบัวหลวง,Lat Bua Luang,พระยาบันลือ,Phraya Banlue
พระนครศรีอยุธยา,Phra Nakhon Si Ayutthaya,ลาดบัวหลวง,Lat Bua Luang,สิงหนาท,Singhanat
พระนครศรีอยุธยา,Phra Nakhon Si Ayutthaya,ลาดบัวหลวง,Lat Bua Luang,คู้สลอด,Khu Salot
พระนครศรีอยุธยา,Phra Nakhon Si Ayutthaya,ลาดบัวหลวง,Lat Bua Luang,คลองพระยาบันลือ,Khlong Phraya Banlue
พระนครศรีอยุธยา,Phra Nakhon Si Ayutthaya,วังน้อย,Wang Noi,ลำตาเสา,Lam Ta Sao
พระนครศรีอยุธยา,Phra Nakhon Si Ayutthaya,วังน้อย,Wang Noi,บ่อตาโล่,Bo Ta Lo
พระนครศรีอยุธยา,Phra Nakhon Si Ayutthaya,วังน้อย,Wang Noi,วังน้อย,Wang Noi
พระนครศรีอยุธยา,Phra Nakhon Si Ayutthaya,วังน้อย,Wang Noi,ลำไทร,Lam Sai
พระนครศรีอยุธยา,Phra Nakhon Si Ayutthaya,วังน้อย,Wang Noi,สนับทึบ,Sanap Thuep
พระนครศรีอยุธยา,Phra Nakhon Si Ayutthaya,วังน้อย,Wang Noi,พยอม,Phayom
พระนครศรีอยุธยา,Phra Nakhon Si Ayutthaya,วังน้อย,Wang Noi,หันตะเภา,Han Taphao
พระนครศรีอยุธยา,Phra Nakhon Si Ayutthaya,วังน้อย,Wang Noi,วังจุฬา,Wang Chula
พระนครศรีอยุธยา,Phra Nakhon Si Ayutthaya,วังน้อย,Wang Noi,ข้าวงาม,Khao Ngam
พระนครศรีอยุธยา,Phra Nakhon Si Ayutthaya,วังน้อย,Wang Noi,ชะแมบ,Chamaep
พระนครศรีอยุธยา,Phra Nakhon Si Ayutthaya,เสนา,Sena,เสนา,Sena
พระนครศรีอยุธยา,Phra Nakhon Si Ayutthaya,เสนา,Sena,บ้านแพน,Ban Phaen
พระนครศรีอยุธยา,Phra Nakhon Si Ayutthaya,เสนา,Sena,เจ้าเจ็ด,Chao Chet
พระนครศรีอยุธยา,Phra Nakhon Si Ayutthaya,เสนา,Sena,สามกอ,Sam Ko
พระนครศรีอยุธยา,Phra Nakhon Si Ayutthaya,เสนา,Sena,บางนมโค,Bang Nom Kho
พระนครศรีอยุธยา,Phra Nakhon Si Ayutthaya,เสนา,Sena,หัวเวียง,Hua Wiang
พระนครศรีอยุธยา,Phra Nakhon Si Ayutthaya,เสนา,Sena,มารวิชัย,Manrawichai
พระนครศรีอยุธยา,Phra Nakhon Si Ayutthaya,เสนา,Sena,บ้านโพธิ์,Ban Pho
พระนครศรีอยุธยา,Phra Nakhon Si Ayutthaya,เสนา,Sena,รางจรเข้,Rang Chorakhe
พระนครศรีอยุธยา,Phra Nakhon Si Ayutthaya,เสนา,Sena,บ้านกระทุ่ม,Ban Krathum
พระนครศรีอยุธยา,Phra Nakhon Si Ayutthaya,เสนา,Sena,บ้านแถว,Ban Thaeo
พระนครศรีอยุธยา,Phra Nakhon Si Ayutthaya,เสนา,Sena,ชายนา,Chai Na
พระนครศรีอยุธยา,Phra Nakhon Si Ayutthaya,เสนา,Sena,สามตุ่ม,Sam Tum
พระนครศรีอยุธยา,Phra Nakhon Si Ayutthaya,เสนา,Sena,ลาดงา,Lat Nga
พระนครศรีอยุธยา,Phra Nakhon Si Ayutthaya,เสนา,Sena,ดอนทอง,Don Thong
พระนครศรีอยุธยา,Phra Nakhon Si Ayutthaya,เสนา,Sena,บ้านหลวง,Ban Luang
พระนครศรีอยุธยา,Phra Nakhon Si Ayutthaya,เสนา,Sena,เจ้าเสด็จ,Chao Sadet
พระนครศรีอยุธยา,Phra Nakhon Si Ayutthaya,บางซ้าย,Bang Sai,บางซ้าย,Bang Sai
พระนครศรีอยุธยา,Phra Nakhon Si Ayutthaya,บางซ้าย,Bang Sai,แก้วฟ้า,Kaeo Fa
พระนครศรีอยุธยา,Phra Nakhon Si Ayutthaya,บางซ้าย,Bang Sai,เต่าเล่า,Tao Lao
พระนครศรีอยุธยา,Phra Nakhon Si Ayutthaya,บางซ้าย,Bang Sai,ปลายกลัด,Plai Klat
พระนครศรีอยุธยา,Phra Nakhon Si Ayutthaya,บางซ้าย,Bang Sai,เทพมงคล,Thep Mongkhon
พระนครศรีอยุธยา,Phra Nakhon Si Ayutthaya,บางซ้าย,Bang Sai,วังพัฒนา,Wang Phatthana
พระนครศรีอยุธยา,Phra Nakhon Si Ayutthaya,อุทัย,Uthai,คานหาม,Khan Ham
พระนครศรีอยุธยา,Phra Nakhon Si Ayutthaya,อุทัย,Uthai,บ้านช้าง,Ban Chang
พระนครศรีอยุธยา,Phra Nakhon Si Ayutthaya,อุทัย,Uthai,สามบัณฑิต,Sam Bandit
พระนครศรีอยุธยา,Phra Nakhon Si Ayutthaya,อุทัย,Uthai,บ้านหีบ,Ban Hip
พระนครศรีอยุธยา,Phra Nakhon Si Ayutthaya,อุทัย,Uthai,หนองไม้ซุง,Nong Mai Sung
พระนครศรีอยุธยา,Phra Nakhon Si Ayutthaya,อุทัย,Uthai,อุทัย,Uthai
พระนครศรีอยุธยา,Phra Nakhon Si Ayutthaya,อุทัย,Uthai,เสนา,Sena
พระนครศรีอยุธยา,Phra Nakhon Si Ayutthaya,อุทัย,Uthai,หนองน้ำส้ม,Nong Nam Som
พระนครศรีอยุธยา,Phra Nakhon Si Ayutthaya,อุทัย,Uthai,โพสาวหาญ,Pho Sao Han
พระนครศรีอยุธยา,Phra Nakhon Si Ayutthaya,อุทัย,Uthai,ธนู,Thanu
พระนครศรีอยุธยา,Phra Nakhon Si Ayutthaya,อุทัย,Uthai,ข้าวเม่า,Khao Mao
พระนครศรีอยุธยา,Phra Nakhon Si Ayutthaya,มหาราช,Maha Rat,หัวไผ่,Hua Phai
พระนครศรีอยุธยา,Phra Nakhon Si Ayutthaya,มหาราช,Maha Rat,กะทุ่ม,Kathum
พระนครศรีอยุธยา,Phra Nakhon Si Ayutthaya,มหาราช,Maha Rat,มหาราช,Maha Rat
พระนครศรีอยุธยา,Phra Nakhon Si Ayutthaya,มหาราช,Maha Rat,น้ำเต้า,Namtao
พระนครศรีอยุธยา,Phra Nakhon Si Ayutthaya,มหาราช,Maha Rat,บางนา,Bang Na
พระนครศรีอยุธยา,Phra Nakhon Si Ayutthaya,มหาราช,Maha Rat,โรงช้าง,Rong Chang
พระนครศรีอยุธยา,Phra Nakhon Si Ayutthaya,มหาราช,Maha Rat,เจ้าปลุก,Chao Pluk
พระนครศรีอยุธยา,Phra Nakhon Si Ayutthaya,มหาราช,Maha Rat,พิตเพียน,Phitphian
พระนครศรีอยุธยา,Phra Nakhon Si Ayutthaya,มหาราช,Maha Rat,บ้านนา,Ban Na
พระนครศรีอยุธยา,Phra Nakhon Si Ayutthaya,มหาราช,Maha Rat,บ้านขวาง,Ban Khwang
พระนครศรีอยุธยา,Phra Nakhon Si Ayutthaya,มหาราช,Maha Rat,ท่าตอ,Tha To
พระนครศรีอยุธยา,Phra Nakhon Si Ayutthaya,มหาราช,Maha Rat,บ้านใหม่,Ban Mai
พระนครศรีอยุธยา,Phra Nakhon Si Ayutthaya,บ้านแพรก,Ban Phraek,บ้านแพรก,Ban Phraek
พระนครศรีอยุธยา,Phra Nakhon Si Ayutthaya,บ้านแพรก,Ban Phraek,บ้านใหม่,Ban Mai
พระนครศรีอยุธยา,Phra Nakhon Si Ayutthaya,บ้านแพรก,Ban Phraek,สำพะเนียง,Sam Phaniang
พระนครศรีอยุธยา,Phra Nakhon Si Ayutthaya,บ้านแพรก,Ban Phraek,คลองน้อย,Khlong Noi
พระนครศรีอยุธยา,Phra Nakhon Si Ayutthaya,บ้านแพรก,Ban Phraek,สองห้อง,Song Hong
อ่างทอง,Ang Thong,เมืองอ่างทอง,Mueang Ang Thong,ตลาดหลวง,Talat Luang
อ่างทอง,Ang Thong,เมืองอ่างทอง,Mueang Ang Thong,บางแก้ว,Bang Kaeo
อ่างทอง,Ang Thong,เมืองอ่างทอง,Mueang Ang Thong,ศาลาแดง,Sala Daeng
อ่างทอง,Ang Thong,เมืองอ่างทอง,Mueang Ang Thong,ป่างิ้ว,Pa Ngio
อ่างทอง,Ang Thong,เมืองอ่างทอง,Mueang Ang Thong,บ้านแห,Ban Hae
อ่างทอง,Ang Thong,เมืองอ่างทอง,Mueang Ang Thong,ตลาดกรวด,Talat Kruat
อ่างทอง,Ang Thong,เมืองอ่างทอง,Mueang Ang Thong,มหาดไทย,Mahatthai
อ่างทอง,Ang Thong,เมืองอ่างทอง,Mueang Ang Thong,บ้านอิฐ,Ban It
อ่างทอง,Ang Thong,เมืองอ่างทอง,Mueang Ang Thong,หัวไผ่,Hua Phai
อ่างทอง,Ang Thong,เมืองอ่างทอง,Mueang Ang Thong,จำปาหล่อ,Champa Lo
อ่างทอง,Ang Thong,เมืองอ่างทอง,Mueang Ang Thong,โพสะ,Phosa
อ่างทอง,Ang Thong,เมืองอ่างทอง,Mueang Ang Thong,บ้านรี,Ban Ri
อ่างทอง,Ang Thong,เมืองอ่างทอง,Mueang Ang Thong,คลองวัว,Khlong Wua
อ่างทอง,Ang Thong,เมืองอ่างทอง,Mueang Ang Thong,ย่านซื่อ,Yan Sue
อ่างทอง,Ang Thong,ไชโย,Chaiyo,จรเข้ร้อง,Chorakhe Rong
อ่างทอง,Ang Thong,ไชโย,Chaiyo,ไชยภูมิ,Chaiyaphum
อ่างทอง,Ang Thong,ไชโย,Chaiyo,ชัยฤทธิ์,Chaiyarit
อ่างทอง,Ang Thong,ไชโย,Chaiyo,เทวราช,Thewarat
อ่างทอง,Ang Thong,ไชโย,Chaiyo,ราชสถิตย์,Ratchasathit
อ่างทอง,Ang Thong,ไชโย,Chaiyo,ไชโย,Chaiyo
อ่างทอง,Ang Thong,ไชโย,Chaiyo,หลักฟ้า,Lak Fa
อ่างทอง,Ang Thong,ไชโย,Chaiyo,ชะไว,Chawai
อ่างทอง,Ang Thong,ไชโย,Chaiyo,ตรีณรงค์,Tri Narong
อ่างทอง,Ang Thong,ป่าโมก,Pa Mok,บางปลากด,Bang Pla Kot
อ่างทอง,Ang Thong,ป่าโมก,Pa Mok,ป่าโมก,Pa Mok
อ่างทอง,Ang Thong,ป่าโมก,Pa Mok,สายทอง,Sai Thong
อ่างทอง,Ang Thong,ป่าโมก,Pa Mok,โรงช้าง,Rong Chang
อ่างทอง,Ang Thong,ป่าโมก,Pa Mok,บางเสด็จ,Bang Sadet
อ่างทอง,Ang Thong,ป่าโมก,Pa Mok,นรสิงห์,Norasing
อ่างทอง,Ang Thong,ป่าโมก,Pa Mok,เอกราช,Ekkarat
อ่างทอง,Ang Thong,ป่าโมก,Pa Mok,โผงเผง,Phong Pheng
อ่างทอง,Ang Thong,โพธิ์ทอง,Pho Thong,อ่างแก้ว,Ang Kaeo
อ่างทอง,Ang Thong,โพธิ์ทอง,Pho Thong,อินทประมูล,Inthapramun
อ่างทอง,Ang Thong,โพธิ์ทอง,Pho Thong,บางพลับ,Bang Phlap
อ่างทอง,Ang Thong,โพธิ์ทอง,Pho Thong,หนองแม่ไก่,Nong Mae Kai
อ่างทอง,Ang Thong,โพธิ์ทอง,Pho Thong,รำมะสัก,Ram Ma Sak
อ่างทอง,Ang Thong,โพธิ์ทอง,Pho Thong,บางระกำ,Bang Rakam
อ่างทอง,Ang Thong,โพธิ์ทอง,Pho Thong,โพธิ์รังนก,Pho Rang Nok
อ่างทอง,Ang Thong,โพธิ์ทอง,Pho Thong,องครักษ์,Ongkharak
อ่างทอง,Ang Thong,โพธิ์ทอง,Pho Thong,โคกพุทรา,Khok Phutsa
อ่างทอง,Ang Thong,โพธิ์ทอง,Pho Thong,ยางช้าย,Yang Chai
อ่างทอง,Ang Thong,โพธิ์ทอง,Pho Thong,บ่อแร่,Bo Rae
อ่างทอง,Ang Thong,โพธิ์ทอง,Pho Thong,ทางพระ,Thang Phra
อ่างทอง,Ang Thong,โพธิ์ทอง,Pho Thong,สามง่าม,Sam Ngam
อ่างทอง,Ang Thong,โพธิ์ทอง,Pho Thong,บางเจ้าฉ่า,Bang Chao Cha
อ่างทอง,Ang Thong,โพธิ์ทอง,Pho Thong,คำหยาด,Kham Yat
อ่างทอง,Ang Thong,แสวงหา,Sawaeng Ha,แสวงหา,Sawaeng Ha
อ่างทอง,Ang Thong,แสวงหา,Sawaeng Ha,ศรีพราน,Si Phran
อ่างทอง,Ang Thong,แสวงหา,Sawaeng Ha,บ้านพราน,Ban Phran
อ่างทอง,Ang Thong,แสวงหา,Sawaeng Ha,วังน้ำเย็น,Wang Nam Yen
อ่างทอง,Ang Thong,แสวงหา,Sawaeng Ha,สีบัวทอง,Si Bua Thong
อ่างทอง,Ang Thong,แสวงหา,Sawaeng Ha,ห้วยไผ่,Huai Phai
อ่างทอง,Ang Thong,แสวงหา,Sawaeng Ha,จำลอง,Chamlong
อ่างทอง,Ang Thong,วิเศษชัยชาญ,Wiset Chai Chan,ไผ่จำศิล,Phai Cham Sin
อ่างทอง,Ang Thong,วิเศษชัยชาญ,Wiset Chai Chan,ศาลเจ้าโรงทอง,San Chao Rong Thong
อ่างทอง,Ang Thong,วิเศษชัยชาญ,Wiset Chai Chan,ไผ่ดำพัฒนา,Phai Dam Phatthana
อ่างทอง,Ang Thong,วิเศษชัยชาญ,Wiset Chai Chan,สาวร้องไห้,Sao Rong Hai
อ่างทอง,Ang Thong,วิเศษชัยชาญ,Wiset Chai Chan,ท่าช้าง,Tha Chang
อ่างทอง,Ang Thong,วิเศษชัยชาญ,Wiset Chai Chan,ยี่ล้น,Yi Lon
อ่างทอง,Ang Thong,วิเศษชัยชาญ,Wiset Chai Chan,บางจัก,Bang Chak
อ่างทอง,Ang Thong,วิเศษชัยชาญ,Wiset Chai Chan,ห้วยคันแหลน,Huai Khan Laen
อ่างทอง,Ang Thong,วิเศษชัยชาญ,Wiset Chai Chan,คลองขนาก,Khlong Khanak
อ่างทอง,Ang Thong,วิเศษชัยชาญ,Wiset Chai Chan,ไผ่วง,Phai Wong
อ่างทอง,Ang Thong,วิเศษชัยชาญ,Wiset Chai Chan,สี่ร้อย,Si Roi
อ่างทอง,Ang Thong,วิเศษชัยชาญ,Wiset Chai Chan,ม่วงเตี้ย,Muang Tia
อ่างทอง,Ang Thong,วิเศษชัยชาญ,Wiset Chai Chan,หัวตะพาน,Hua Taphan
อ่างทอง,Ang Thong,วิเศษชัยชาญ,Wiset Chai Chan,หลักแก้ว,Lak Kaeo
อ่างทอง,Ang Thong,วิเศษชัยชาญ,Wiset Chai Chan,ตลาดใหม่,Talat Mai
อ่างทอง,Ang Thong,สามโก้,Samko,สามโก้,Samko
อ่างทอง,Ang Thong,สามโก้,Samko,ราษฎรพัฒนา,Ratsadon Phatthana
อ่างทอง,Ang Thong,สามโก้,Samko,อบทม,Op Thom
อ่างทอง,Ang Thong,สามโก้,Samko,โพธิ์ม่วงพันธ์,Pho Muang Phan
อ่างทอง,Ang Thong,สามโก้,Samko,มงคลธรรมนิมิต,Mongkhon Tham Nimit
ลพบุรี,Lopburi,เมืองลพบุรี,Mueang Lop Buri,ทะเลชุบศร,Thale Chup Son
ลพบุรี,Lopburi,เมืองลพบุรี,Mueang Lop Buri,ท่าหิน,Tha Hin
ลพบุรี,Lopburi,เมืองลพบุรี,Mueang Lop Buri,กกโก,Kok Ko
ลพบุรี,Lopburi,เมืองลพบุรี,Mueang Lop Buri,โก่งธนู,Kong Thanu
ลพบุรี,Lopburi,เมืองลพบุรี,Mueang Lop Buri,เขาพระงาม,Khao Phra Ngam
ลพบุรี,Lopburi,เมืองลพบุรี,Mueang Lop Buri,เขาสามยอด,Khao Sam Yot
ลพบุรี,Lopburi,เมืองลพบุรี,Mueang Lop Buri,โคกกะเทียม,Khok Kathiam
ลพบุรี,Lopburi,เมืองลพบุรี,Mueang Lop Buri,โคกลำพาน,Khok Lam Phan
ลพบุรี,Lopburi,เมืองลพบุรี,Mueang Lop Buri,โคกตูม,Khok Tum
ลพบุรี,Lopburi,เมืองลพบุรี,Mueang Lop Buri,งิ้วราย,Ngio Rai
ลพบุรี,Lopburi,เมืองลพบุรี,Mueang Lop Buri,ดอนโพธิ์,Don Pho
ลพบุรี,Lopburi,เมืองลพบุรี,Mueang Lop Buri,ตะลุง,Talung
ลพบุรี,Lopburi,เมืองลพบุรี,Mueang Lop Buri,ท่าแค,Tha Khae
ลพบุรี,Lopburi,เมืองลพบุรี,Mueang Lop Buri,ท่าศาลา,Tha Sala
ลพบุรี,Lopburi,เมืองลพบุรี,Mueang Lop Buri,นิคมสร้างตนเอง,Nikhom Sang Ton-eng
ลพบุรี,Lopburi,เมืองลพบุรี,Mueang Lop Buri,บางขันหมาก,Bang Khan Mak
ลพบุรี,Lopburi,เมืองลพบุรี,Mueang Lop Buri,บ้านข่อย,Ban Khoi
ลพบุรี,Lopburi,เมืองลพบุรี,Mueang Lop Buri,ท้ายตลาด,Thai Talat
ลพบุรี,Lopburi,เมืองลพบุรี,Mueang Lop Buri,ป่าตาล,Pa Tan
ลพบุรี,Lopburi,เมืองลพบุรี,Mueang Lop Buri,พรหมมาสตร์,Phrommat
ลพบุรี,Lopburi,เมืองลพบุรี,Mueang Lop Buri,โพธิ์เก้าต้น,Pho Kao Ton
ลพบุรี,Lopburi,เมืองลพบุรี,Mueang Lop Buri,โพธิ์ตรุ,Pho Tru
ลพบุรี,Lopburi,เมืองลพบุรี,Mueang Lop Buri,สี่คลอง,Si Khlong
ลพบุรี,Lopburi,เมืองลพบุรี,Mueang Lop Buri,ถนนใหญ่,Thanon Yai
ลพบุรี,Lopburi,พัฒนานิคม,Phatthana Nikhom,พัฒนานิคม,Phatthana Nikhom
ลพบุรี,Lopburi,พัฒนานิคม,Phatthana Nikhom,ช่องสาริกา,Chong Sarika
ลพบุรี,Lopburi,พัฒนานิคม,Phatthana Nikhom,มะนาวหวาน,Manao Wan
ลพบุรี,Lopburi,พัฒนานิคม,Phatthana Nikhom,ดีลัง,Di Lang
ลพบุรี,Lopburi,พัฒนานิคม,Phatthana Nikhom,โคกสลุง,Khok Salung
ลพบุรี,Lopburi,พัฒนานิคม,Phatthana Nikhom,ชอนน้อย,Chon Noi
ลพบุรี,Lopburi,พัฒนานิคม,Phatthana Nikhom,หนองบัว,Nong Bua
ลพบุรี,Lopburi,พัฒนานิคม,Phatthana Nikhom,ห้วยขุนราม,Huai Khun Ram
ลพบุรี,Lopburi,พัฒนานิคม,Phatthana Nikhom,น้ำสุด,Nam Sut
ลพบุรี,Lopburi,โคกสำโรง,Khok Samrong,โคกสำโรง,Khok Samrong
ลพบุรี,Lopburi,โคกสำโรง,Khok Samrong,เกาะแก้ว,Ko Kaeo
ลพบุรี,Lopburi,โคกสำโรง,Khok Samrong,ถลุงเหล็ก,Thalung Lek
ลพบุรี,Lopburi,โคกสำโรง,Khok Samrong,หลุมข้าว,Lum Khao
ลพบุรี,Lopburi,โคกสำโรง,Khok Samrong,ห้วยโป่ง,Huai Pong
ลพบุรี,Lopburi,โคกสำโรง,Khok Samrong,คลองเกตุ,Khlong Ket
ลพบุรี,Lopburi,โคกสำโรง,Khok Samrong,สะแกราบ,Sakae Rap
ลพบุรี,Lopburi,โคกสำโรง,Khok Samrong,เพนียด,Phaniat
ลพบุรี,Lopburi,โคกสำโรง,Khok Samrong,วังเพลิง,Wang Phloeng
ลพบุรี,Lopburi,โคกสำโรง,Khok Samrong,ดงมะรุม,Dong Marum
ลพบุรี,Lopburi,โคกสำโรง,Khok Samrong,วังขอนขว้าง,Wang Khon Khwang
ลพบุรี,Lopburi,โคกสำโรง,Khok Samrong,วังจั่น,Wang Chan
ลพบุรี,Lopburi,โคกสำโรง,Khok Samrong,หนองแขม,Nong Khaem
ลพบุรี,Lopburi,ชัยบาดาล,Chai Badan,ลำนารายณ์,Lam Narai
ลพบุรี,Lopburi,ชัยบาดาล,Chai Badan,ชัยนารายณ์,Chai Narai
ลพบุรี,Lopburi,ชัยบาดาล,Chai Badan,ศิลาทิพย์,Sila Thip
ลพบุรี,Lopburi,ชัยบาดาล,Chai Badan,ห้วยหิน,Huai Hin
ลพบุรี,Lopburi,ชัยบาดาล,Chai Badan,ม่วงค่อม,Muang Khom
ลพบุรี,Lopburi,ชัยบาดาล,Chai Badan,บัวชุม,Bua Chum
ลพบุรี,Lopburi,ชัยบาดาล,Chai Badan,ท่าดินดำ,Tha Din Dam
ลพบุรี,Lopburi,ชัยบาดาล,Chai Badan,มะกอกหวาน,Makok Wan
ลพบุรี,Lopburi,ชัยบาดาล,Chai Badan,ซับตะเคียน,Sap Takhian
ลพบุรี,Lopburi,ชัยบาดาล,Chai Badan,นาโสม,Na Som
ลพบุรี,Lopburi,ชัยบาดาล,Chai Badan,หนองยายโต๊ะ,Nong Yai To
ลพบุรี,Lopburi,ชัยบาดาล,Chai Badan,เกาะรัง,Ko Rang
ลพบุรี,Lopburi,ชัยบาดาล,Chai Badan,ท่ามะนาว,Tha Manao
ลพบุรี,Lopburi,ชัยบาดาล,Chai Badan,นิคมลำนารายณ์,Nikhom Lam Narai
ลพบุรี,Lopburi,ชัยบาดาล,Chai Badan,ชัยบาดาล,Chai Badan
ลพบุรี,Lopburi,ชัยบาดาล,Chai Badan,บ้านใหม่สามัคคี,Ban Mai Samakkhi
ลพบุรี,Lopburi,ชัยบาดาล,Chai Badan,เขาแหลม,Khao Laem
ลพบุรี,Lopburi,ท่าวุ้ง,Tha Wung,ท่าวุ้ง,Tha Wung
ลพบุรี,Lopburi,ท่าวุ้ง,Tha Wung,บางคู้,Bang Khu
ลพบุรี,Lopburi,ท่าวุ้ง,Tha Wung,โพตลาดแก้ว,Pho Talat Kaeo
ลพบุรี,Lopburi,ท่าวุ้ง,Tha Wung,บางลี่,Bang Li
ลพบุรี,Lopburi,ท่าวุ้ง,Tha Wung,บางงา,Bang Nga
ลพบุรี,Lopburi,ท่าวุ้ง,Tha Wung,โคกสลุด,Khok Salut
ลพบุรี,Lopburi,ท่าวุ้ง,Tha Wung,เขาสมอคอน,Khao Samo Khon
ลพบุรี,Lopburi,ท่าวุ้ง,Tha Wung,หัวสำโรง,Hua Samrong
ลพบุรี,Lopburi,ท่าวุ้ง,Tha Wung,ลาดสาลี่,Lat Sali
ลพบุรี,Lopburi,ท่าวุ้ง,Tha Wung,บ้านเบิก,Ban Boek
ลพบุรี,Lopburi,ท่าวุ้ง,Tha Wung,มุจลินท์,Mutchalin
ลพบุรี,Lopburi,บ้านหมี่,Ban Mi,ไผ่ใหญ่,Phai Yai
ลพบุรี,Lopburi,บ้านหมี่,Ban Mi,บ้านทราย,Ban Sai
ลพบุรี,Lopburi,บ้านหมี่,Ban Mi,บ้านกล้วย,Ban Kluai
ลพบุรี,Lopburi,บ้านหมี่,Ban Mi,ดงพลับ,Dong Phlap
ลพบุรี,Lopburi,บ้านหมี่,Ban Mi,บ้านชี,Ban Chi
ลพบุรี,Lopburi,บ้านหมี่,Ban Mi,พุคา,Phu Kha
ลพบุรี,Lopburi,บ้านหมี่,Ban Mi,หินปัก,Hin Pak
ลพบุรี,Lopburi,บ้านหมี่,Ban Mi,บางพึ่ง,Bang Phueng
ลพบุรี,Lopburi,บ้านหมี่,Ban Mi,หนองทรายขาว,Nong Sai Khao
ลพบุรี,Lopburi,บ้านหมี่,Ban Mi,บางกะพี้,Bang Kaphi
ลพบุรี,Lopburi,บ้านหมี่,Ban Mi,หนองเต่า,Nong Tao
ลพบุรี,Lopburi,บ้านหมี่,Ban Mi,โพนทอง,Phon Thong
ลพบุรี,Lopburi,บ้านหมี่,Ban Mi,บางขาม,Bang Kham
ลพบุรี,Lopburi,บ้านหมี่,Ban Mi,ดอนดึง,Don Dueng
ลพบุรี,Lopburi,บ้านหมี่,Ban Mi,ชอนม่วง,Chon Muang
ลพบุรี,Lopburi,บ้านหมี่,Ban Mi,หนองกระเบียน,Nong Krabian
ลพบุรี,Lopburi,บ้านหมี่,Ban Mi,สายห้วยแก้ว,Sai Huai Kaeo
ลพบุรี,Lopburi,บ้านหมี่,Ban Mi,มหาสอน,Maha Son
ลพบุรี,Lopburi,บ้านหมี่,Ban Mi,บ้านหมี่,Ban Mi
ลพบุรี,Lopburi,บ้านหมี่,Ban Mi,เชียงงา,Chiang Nga
ลพบุรี,Lopburi,บ้านหมี่,Ban Mi,หนองเมือง,Nong Mueang
ลพบุรี,Lopburi,บ้านหมี่,Ban Mi,สนามแจง,Sanam Chaeng
ลพบุรี,Lopburi,ท่าหลวง,Tha Luang,ท่าหลวง,Tha Luang
ลพบุรี,Lopburi,ท่าหลวง,Tha Luang,แก่งผักกูด,Kaeng Phak Kut
ลพบุรี,Lopburi,ท่าหลวง,Tha Luang,ซับจำปา,Sap Champa
ลพบุรี,Lopburi,ท่าหลวง,Tha Luang,หนองผักแว่น,Nong Phak Waen
ลพบุรี,Lopburi,ท่าหลวง,Tha Luang,ทะเลวังวัด,Thale Wang Wat
ลพบุรี,Lopburi,ท่าหลวง,Tha Luang,หัวลำ,Hua Lam
ลพบุรี,Lopburi,สระโบสถ์,Sa Bot,สระโบสถ์,Sa Bot
ลพบุรี,Lopburi,สระโบสถ์,Sa Bot,มหาโพธิ,Maha Phot
ลพบุรี,Lopburi,สระโบสถ์,Sa Bot,ทุ่งท่าช้าง,Thung Tha Chang
ลพบุรี,Lopburi,สระโบสถ์,Sa Bot,ห้วยใหญ่,Huai Yai
ลพบุรี,Lopburi,สระโบสถ์,Sa Bot,นิยมชัย,Niyom Chai
ลพบุรี,Lopburi,โคกเจริญ,Khok Charoen,โคกเจริญ,Khok Charoen
ลพบุรี,Lopburi,โคกเจริญ,Khok Charoen,ยางราก,Yang Rak
ลพบุรี,Lopburi,โคกเจริญ,Khok Charoen,หนองมะค่า,Nong Makha
ลพบุรี,Lopburi,โคกเจริญ,Khok Charoen,วังทอง,Wang Thong
ลพบุรี,Lopburi,โคกเจริญ,Khok Charoen,โคกแสมสาร,Khok Samae San
ลพบุรี,Lopburi,ลำสนธิ,Lam Sonthi,ลำสนธิ,Lam Sonthi
ลพบุรี,Lopburi,ลำสนธิ,Lam Sonthi,ซับสมบูรณ์,Sap Sombun
ลพบุรี,Lopburi,ลำสนธิ,Lam Sonthi,หนองรี,Nong Ri
ลพบุรี,Lopburi,ลำสนธิ,Lam Sonthi,กุดตาเพชร,Kut Ta Phet
ลพบุรี,Lopburi,ลำสนธิ,Lam Sonthi,เขารวก,Khao Ruak
ลพบุรี,Lopburi,ลำสนธิ,Lam Sonthi,เขาน้อย,Khao Noi
ลพบุรี,Lopburi,หนองม่วง,Nong Muang,หนองม่วง,Nong Muang
ลพบุรี,Lopburi,หนองม่วง,Nong Muang,บ่อทอง,Bo Thong
ลพบุรี,Lopburi,หนองม่วง,Nong Muang,ดงดินแดง,Dong Din Daeng
ลพบุรี,Lopburi,หนองม่วง,Nong Muang,ชอนสมบูรณ์,Chon Sombun
ลพบุรี,Lopburi,หนองม่วง,Nong Muang,ยางโทน,Yang Thon
ลพบุรี,Lopburi,หนองม่วง,Nong Muang,ชอนสารเดช,Chon Saradet
สิงห์บุรี,Sing Buri,เมืองสิงห์บุรี,Mueang Sing Buri,บางพุทรา,Bang Phutsa
สิงห์บุรี,Sing Buri,เมืองสิงห์บุรี,Mueang Sing Buri,บางมัญ,Bang Man
สิงห์บุรี,Sing Buri,เมืองสิงห์บุรี,Mueang Sing Buri,โพกรวม,Phok Ruam
สิงห์บุรี,Sing Buri,เมืองสิงห์บุรี,Mueang Sing Buri,ม่วงหมู่,Muang Mu
สิงห์บุรี,Sing Buri,เมืองสิงห์บุรี,Mueang Sing Buri,หัวไผ่,Hua Phai
สิงห์บุรี,Sing Buri,เมืองสิงห์บุรี,Mueang Sing Buri,ต้นโพธิ์,Ton Pho
สิงห์บุรี,Sing Buri,เมืองสิงห์บุรี,Mueang Sing Buri,จักรสีห์,Chaksi
สิงห์บุรี,Sing Buri,เมืองสิงห์บุรี,Mueang Sing Buri,บางกระบือ,Bang Krabue
สิงห์บุรี,Sing Buri,บางระจัน,Bang Rachan,สิงห์,Sing
สิงห์บุรี,Sing Buri,บางระจัน,Bang Rachan,ไม้ดัด,Mai Dat
สิงห์บุรี,Sing Buri,บางระจัน,Bang Rachan,เชิงกลัด,Choeng Klat
สิงห์บุรี,Sing Buri,บางระจัน,Bang Rachan,โพชนไก่,Pho Chon Kai
สิงห์บุรี,Sing Buri,บางระจัน,Bang Rachan,แม่ลา,Mae La
สิงห์บุรี,Sing Buri,บางระจัน,Bang Rachan,บ้านจ่า,Ban Cha
สิงห์บุรี,Sing Buri,บางระจัน,Bang Rachan,พักทัน,Phak Than
สิงห์บุรี,Sing Buri,บางระจัน,Bang Rachan,สระแจง,Sa Chaeng
สิงห์บุรี,Sing Buri,ค่ายบางระจัน,Khai Bang Rachan,โพทะเล,Pho Thale
สิงห์บุรี,Sing Buri,ค่ายบางระจัน,Khai Bang Rachan,บางระจัน,Bang Rachan
สิงห์บุรี,Sing Buri,ค่ายบางระจัน,Khai Bang Rachan,โพสังโฆ,Pho Sangkho
สิงห์บุรี,Sing Buri,ค่ายบางระจัน,Khai Bang Rachan,ท่าข้าม,Tha Kham
สิงห์บุรี,Sing Buri,ค่ายบางระจัน,Khai Bang Rachan,คอทราย,Kho Sai
สิงห์บุรี,Sing Buri,ค่ายบางระจัน,Khai Bang Rachan,หนองกระทุ่ม,Nong Krathum
สิงห์บุรี,Sing Buri,พรหมบุรี,Phrom Buri,พระงาม,Phra Ngam
สิงห์บุรี,Sing Buri,พรหมบุรี,Phrom Buri,พรหมบุรี,Phrom Buri
สิงห์บุรี,Sing Buri,พรหมบุรี,Phrom Buri,บางน้ำเชี่ยว,Bang Nam Chiao
สิงห์บุรี,Sing Buri,พรหมบุรี,Phrom Buri,บ้านหม้อ,Ban Mo
สิงห์บุรี,Sing Buri,พรหมบุรี,Phrom Buri,บ้านแป้ง,Ban Paeng
สิงห์บุรี,Sing Buri,พรหมบุรี,Phrom Buri,หัวป่า,Hua Pa
สิงห์บุรี,Sing Buri,พรหมบุรี,Phrom Buri,โรงช้าง,Rong Chang
สิงห์บุรี,Sing Buri,ท่าช้าง,Tha Chang,ถอนสมอ,Thon Samo
สิงห์บุรี,Sing Buri,ท่าช้าง,Tha Chang,โพประจักษ์,Pho Prachak
สิงห์บุรี,Sing Buri,ท่าช้าง,Tha Chang,วิหารขาว,Wihan Khao
สิงห์บุรี,Sing Buri,ท่าช้าง,Tha Chang,พิกุลทอง,Phikun Thong
สิงห์บุรี,Sing Buri,อินทร์บุรี,In Buri,อินทร์บุรี,In Buri
สิงห์บุรี,Sing Buri,อินทร์บุรี,In Buri,ประศุก,Prasuk
สิงห์บุรี,Sing Buri,อินทร์บุรี,In Buri,ทับยา,Thap Ya
สิงห์บุรี,Sing Buri,อินทร์บุรี,In Buri,งิ้วราย,Ngio Rai
สิงห์บุรี,Sing Buri,อินทร์บุรี,In Buri,ชีน้ำร้าย,Chi Nam Rai
สิงห์บุรี,Sing Buri,อินทร์บุรี,In Buri,ท่างาม,Tha Ngam
สิงห์บุรี,Sing Buri,อินทร์บุรี,In Buri,น้ำตาล,Namtan
สิงห์บุรี,Sing Buri,อินทร์บุรี,In Buri,ทองเอน,Thong En
สิงห์บุรี,Sing Buri,อินทร์บุรี,In Buri,ห้วยชัน,Huai Chan
สิงห์บุรี,Sing Buri,อินทร์บุรี,In Buri,โพธิ์ชัย,Pho Chai
ชัยนาท,Chai Nat,เมืองชัยนาท,Mueang Chai Nat,ในเมือง,Nai Mueang
ชัยนาท,Chai Nat,เมืองชัยนาท,Mueang Chai Nat,บ้านกล้วย,Ban Kluai
ชัยนาท,Chai Nat,เมืองชัยนาท,Mueang Chai Nat,ท่าชัย,Tha Chai
ชัยนาท,Chai Nat,เมืองชัยนาท,Mueang Chai Nat,ชัยนาท,Chai Nat
ชัยนาท,Chai Nat,เมืองชัยนาท,Mueang Chai Nat,เขาท่าพระ,Khao Tha Phra
ชัยนาท,Chai Nat,เมืองชัยนาท,Mueang Chai Nat,หาดท่าเสา,Hat Tha Sao
ชัยนาท,Chai Nat,เมืองชัยนาท,Mueang Chai Nat,ธรรมามูล,Thammamun
ชัยนาท,Chai Nat,เมืองชัยนาท,Mueang Chai Nat,เสือโฮก,Suea Hok
ชัยนาท,Chai Nat,เมืองชัยนาท,Mueang Chai Nat,นางลือ,Nang Lue
ชัยนาท,Chai Nat,มโนรมย์,Manorom,คุ้งสำเภา,Khung Samphao
ชัยนาท,Chai Nat,มโนรมย์,Manorom,วัดโคก,Wat Khok
ชัยนาท,Chai Nat,มโนรมย์,Manorom,ศิลาดาน,Sila Dan
ชัยนาท,Chai Nat,มโนรมย์,Manorom,ท่าฉนวน,Tha Chanuan
ชัยนาท,Chai Nat,มโนรมย์,Manorom,หางน้ำสาคร,Hang Nam Sakhon
ชัยนาท,Chai Nat,มโนรมย์,Manorom,ไร่พัฒนา,Rai Phatthana
ชัยนาท,Chai Nat,มโนรมย์,Manorom,อู่ตะเภา,U Taphao
ชัยนาท,Chai Nat,วัดสิงห์,Wat Sing,วัดสิงห์,Wat Sing
ชัยนาท,Chai Nat,วัดสิงห์,Wat Sing,มะขามเฒ่า,Makham Thao
ชัยนาท,Chai Nat,วัดสิงห์,Wat Sing,หนองน้อย,Nong Noi
ชัยนาท,Chai Nat,วัดสิงห์,Wat Sing,หนองบัว,Nong Bua
ชัยนาท,Chai Nat,วัดสิงห์,Wat Sing,หนองขุ่น,Bo Rae
ชัยนาท,Chai Nat,วัดสิงห์,Wat Sing,บ่อแร่,Wang Man
ชัยนาท,Chai Nat,วัดสิงห์,Wat Sing,วังหมัน,Wang Man
ชัยนาท,Chai Nat,สรรพยา,Sapphaya,สรรพยา,Sapphaya
ชัยนาท,Chai Nat,สรรพยา,Sapphaya,ตลุก,Taluk
ชัยนาท,Chai Nat,สรรพยา,Sapphaya,เขาแก้ว,Khao Kaeo
ชัยนาท,Chai Nat,สรรพยา,Sapphaya,โพนางดำตก,Pho Nang Dam Tok
ชัยนาท,Chai Nat,สรรพยา,Sapphaya,โพนางดำออก,Pho Nang Dam Ok
ชัยนาท,Chai Nat,สรรพยา,Sapphaya,บางหลวง,Bang Luang
ชัยนาท,Chai Nat,สรรพยา,Sapphaya,หาดอาษา,Hat Asa
ชัยนาท,Chai Nat,สรรคบุรี,Sankhaburi,แพรกศรีราชา,Phraek Si Racha
ชัยนาท,Chai Nat,สรรคบุรี,Sankhaburi,เที่ยงแท้,Thiang Thae
ชัยนาท,Chai Nat,สรรคบุรี,Sankhaburi,ห้วยกรด,Huai Krot
ชัยนาท,Chai Nat,สรรคบุรี,Sankhaburi,โพงาม,Pho Ngam
ชัยนาท,Chai Nat,สรรคบุรี,Sankhaburi,บางขุด,Bang Khut
ชัยนาท,Chai Nat,สรรคบุรี,Sankhaburi,ดงคอน,Dong Khon
ชัยนาท,Chai Nat,สรรคบุรี,Sankhaburi,ดอนกำ,Don Kam
ชัยนาท,Chai Nat,สรรคบุรี,Sankhaburi,ห้วยกรดพัฒนา,Huai Krot Phatthana
ชัยนาท,Chai Nat,หันคา,Hankha,หันคา,Hankha
ชัยนาท,Chai Nat,หันคา,Hankha,บ้านเชี่ยน,Ban Chian
ชัยนาท,Chai Nat,หันคา,Hankha,ไพรนกยูง,Phrai Nok Yung
ชัยนาท,Chai Nat,หันคา,Hankha,หนองแซง,Nong Saeng
ชัยนาท,Chai Nat,หันคา,Hankha,ห้วยงู,Huai Ngu
ชัยนาท,Chai Nat,หันคา,Hankha,วังไก่เถื่อน,Wang Kai Thuean
ชัยนาท,Chai Nat,หันคา,Hankha,เด่นใหญ่,Den Yai
ชัยนาท,Chai Nat,หันคา,Hankha,สามง่ามท่าโบสถ์,Sam Ngam Tha Bot
ชัยนาท,Chai Nat,หนองมะโมง,Nong Mamong,หนองมะโมง,Nong Mamong
ชัยนาท,Chai Nat,หนองมะโมง,Nong Mamong,วังตะเคียน,Wang Takhian
ชัยนาท,Chai Nat,หนองมะโมง,Nong Mamong,สะพานหิน,Saphan Hin
ชัยนาท,Chai Nat,หนองมะโมง,Nong Mamong,กุดจอก,Kut Chok
ชัยนาท,Chai Nat,เนินขาม,Noen Kham,เนินขาม,Noen Kham
ชัยนาท,Chai Nat,เนินขาม,Noen Kham,กะบกเตี้ย,Kabok Tia
ชัยนาท,Chai Nat,เนินขาม,Noen Kham,สุขเดือนห้า,Suk Duean Ha
สระบุรี,Saraburi,เมืองสระบุรี,Mueang Saraburi,ปากเพรียว,Pak Phriao
สระบุรี,Saraburi,เมืองสระบุรี,Mueang Saraburi,ดาวเรือง,Dao Rueang
สระบุรี,Saraburi,เมืองสระบุรี,Mueang Saraburi,นาโฉง,Na Chong
สระบุรี,Saraburi,เมืองสระบุรี,Mueang Saraburi,โคกสว่าง,Khok Sawang
สระบุรี,Saraburi,เมืองสระบุรี,Mueang Saraburi,หนองโน,Nong No
สระบุรี,Saraburi,เมืองสระบุรี,Mueang Saraburi,หนองยาว,Nong Yao
สระบุรี,Saraburi,เมืองสระบุรี,Mueang Saraburi,ปากข้าวสาร,Pak Khao San
สระบุรี,Saraburi,เมืองสระบุรี,Mueang Saraburi,หนองปลาไหล,Nong Pla Lai
สระบุรี,Saraburi,เมืองสระบุรี,Mueang Saraburi,กุดนกเปล้า,Kut Nok Plao
สระบุรี,Saraburi,เมืองสระบุรี,Mueang Saraburi,ตลิ่งชัน,Taling Chan
สระบุรี,Saraburi,เมืองสระบุรี,Mueang Saraburi,ตะกุด,Takut
สระบุรี,Saraburi,แก่งคอย,Kaeng Khoi,แก่งคอย,Kaeng Khoi
สระบุรี,Saraburi,แก่งคอย,Kaeng Khoi,ทับกวาง,Thap Kwang
สระบุรี,Saraburi,แก่งคอย,Kaeng Khoi,ตาลเดี่ยว,Tan Diao
สระบุรี,Saraburi,แก่งคอย,Kaeng Khoi,ห้วยแห้ง,Huai Haeng
สระบุรี,Saraburi,แก่งคอย,Kaeng Khoi,ท่าคล้อ,Tha Khlo
สระบุรี,Saraburi,แก่งคอย,Kaeng Khoi,หินซ้อน,Hin Son
สระบุรี,Saraburi,แก่งคอย,Kaeng Khoi,บ้านธาตุ,Ban That
สระบุรี,Saraburi,แก่งคอย,Kaeng Khoi,บ้านป่า,Ban Pa
สระบุรี,Saraburi,แก่งคอย,Kaeng Khoi,ท่าตูม,Tha Tum
สระบุรี,Saraburi,แก่งคอย,Kaeng Khoi,ชะอม,Cha-om
สระบุรี,Saraburi,แก่งคอย,Kaeng Khoi,สองคอน,Song Khon
สระบุรี,Saraburi,แก่งคอย,Kaeng Khoi,เตาปูน,Tao Pun
สระบุรี,Saraburi,แก่งคอย,Kaeng Khoi,ชำผักแพว,Cham Phak Phaeo
สระบุรี,Saraburi,แก่งคอย,Kaeng Khoi,ท่ามะปราง,Tha Maprang
สระบุรี,Saraburi,หนองแค,Nong Khae,หนองแค,Nong Khae
สระบุรี,Saraburi,หนองแค,Nong Khae,กุ่มหัก,Kum Hak
สระบุรี,Saraburi,หนองแค,Nong Khae,คชสิทธิ์,Khotchasit
สระบุรี,Saraburi,หนองแค,Nong Khae,โคกตูม,Khok Tum
สระบุรี,Saraburi,หนองแค,Nong Khae,โคกแย้,Khok Yae
สระบุรี,Saraburi,หนองแค,Nong Khae,บัวลอย,Bua Loi
สระบุรี,Saraburi,หนองแค,Nong Khae,ไผ่ต่ำ,Phai Tam
สระบุรี,Saraburi,หนองแค,Nong Khae,โพนทอง,Phon Thong
สระบุรี,Saraburi,หนองแค,Nong Khae,ห้วยขมิ้น,Huai Khamin
สระบุรี,Saraburi,หนองแค,Nong Khae,ห้วยทราย,Huai Sai
สระบุรี,Saraburi,หนองแค,Nong Khae,หนองไข่น้ำ,Nong Khai Nam
สระบุรี,Saraburi,หนองแค,Nong Khae,หนองแขม,Nong Khaem
สระบุรี,Saraburi,หนองแค,Nong Khae,หนองจิก,Nong Chik
สระบุรี,Saraburi,หนองแค,Nong Khae,หนองจรเข้,Nong Chorakhe
สระบุรี,Saraburi,หนองแค,Nong Khae,หนองนาก,Nong Nak
สระบุรี,Saraburi,หนองแค,Nong Khae,หนองปลาหมอ,Nong Pla Mo
สระบุรี,Saraburi,หนองแค,Nong Khae,หนองปลิง,Nong Pling
สระบุรี,Saraburi,หนองแค,Nong Khae,หนองโรง,Nong Rong
สระบุรี,Saraburi,วิหารแดง,Wihan Daeng,หนองหมู,Nong Mu
สระบุรี,Saraburi,วิหารแดง,Wihan Daeng,บ้านลำ,Ban Lam
สระบุรี,Saraburi,วิหารแดง,Wihan Daeng,คลองเรือ,Khlong Ruea
สระบุรี,Saraburi,วิหารแดง,Wihan Daeng,วิหารแดง,Wihan Daeng
สระบุรี,Saraburi,วิหารแดง,Wihan Daeng,หนองสรวง,Nong Suang
สระบุรี,Saraburi,วิหารแดง,Wihan Daeng,เจริญธรรม,Charoen Tham
สระบุรี,Saraburi,หนองแซง,Nong Saeng,หนองแซง,Nong Saeng
สระบุรี,Saraburi,หนองแซง,Nong Saeng,หนองควายโซ,Nong Khwai So
สระบุรี,Saraburi,หนองแซง,Nong Saeng,หนองหัวโพ,Nong Hua Pho
สระบุรี,Saraburi,หนองแซง,Nong Saeng,หนองสีดา,Nong Sida
สระบุรี,Saraburi,หนองแซง,Nong Saeng,หนองกบ,Nong Kop
สระบุรี,Saraburi,หนองแซง,Nong Saeng,ไก่เส่า,Kai Sao
สระบุรี,Saraburi,หนองแซง,Nong Saeng,โคกสะอาด,Khok Sa-at
สระบุรี,Saraburi,หนองแซง,Nong Saeng,ม่วงหวาน,Muang Wan
สระบุรี,Saraburi,หนองแซง,Nong Saeng,เขาดิน,Khao Din
สระบุรี,Saraburi,บ้านหมอ,Ban Mo,บ้านหมอ,Ban Mo
สระบุรี,Saraburi,บ้านหมอ,Ban Mo,บางโขมด,Bang Khamot
สระบุรี,Saraburi,บ้านหมอ,Ban Mo,สร่างโศก,Sang Sok
สระบุรี,Saraburi,บ้านหมอ,Ban Mo,ตลาดน้อย,Talat Noi
สระบุรี,Saraburi,บ้านหมอ,Ban Mo,หรเทพ,Horathep
สระบุรี,Saraburi,บ้านหมอ,Ban Mo,โคกใหญ่,Khok Yai
สระบุรี,Saraburi,บ้านหมอ,Ban Mo,ไผ่ขวาง,Phai Khwang
สระบุรี,Saraburi,บ้านหมอ,Ban Mo,บ้านครัว,Ban Khrua
สระบุรี,Saraburi,บ้านหมอ,Ban Mo,หนองบัว,Nong Bua
สระบุรี,Saraburi,ดอนพุด,Don Phut,ดอนพุด,Don Phut
สระบุรี,Saraburi,ดอนพุด,Don Phut,ไผ่หลิ่ว,Phai Lio
สระบุรี,Saraburi,ดอนพุด,Don Phut,บ้านหลวง,Ban Luang
สระบุรี,Saraburi,ดอนพุด,Don Phut,ดงตะงาว,Dong Ta-ngao
สระบุรี,Saraburi,หนองโดน,Nong Don,หนองโดน,Nong Don
สระบุรี,Saraburi,หนองโดน,Nong Don,บ้านกลับ,Ban Klap
สระบุรี,Saraburi,หนองโดน,Nong Don,ดอนทอง,Don Thong
สระบุรี,Saraburi,หนองโดน,Nong Don,บ้านโปร่ง,Ban Prong
สระบุรี,Saraburi,พระพุทธบาท,Phra Phutthabat,พระพุทธบาท,Phra Phutthabat
สระบุรี,Saraburi,พระพุทธบาท,Phra Phutthabat,ขุนโขลน,Khun Khlon
สระบุรี,Saraburi,พระพุทธบาท,Phra Phutthabat,ธารเกษม,Than Kasem
สระบุรี,Saraburi,พระพุทธบาท,Phra Phutthabat,นายาว,Na Yao
สระบุรี,Saraburi,พระพุทธบาท,Phra Phutthabat,พุคำจาน,Phu Kham Chan
สระบุรี,Saraburi,พระพุทธบาท,Phra Phutthabat,เขาวง,Khao Wong
สระบุรี,Saraburi,พระพุทธบาท,Phra Phutthabat,ห้วยป่าหวาย,Huai Pa Wai
สระบุรี,Saraburi,พระพุทธบาท,Phra Phutthabat,พุกร่าง,Phu Krang
สระบุรี,Saraburi,พระพุทธบาท,Phra Phutthabat,หนองแก,Nong Kae
สระบุรี,Saraburi,เสาไห้,Sao Hai,เสาไห้,Sao Hai
สระบุรี,Saraburi,เสาไห้,Sao Hai,บ้านยาง,Ban Yang
สระบุรี,Saraburi,เสาไห้,Sao Hai,หัวปลวก,Hua Pluak
สระบุรี,Saraburi,เสาไห้,Sao Hai,งิ้วงาม,Ngio Ngam
สระบุรี,Saraburi,เสาไห้,Sao Hai,ศาลารีไทย,Sala Ri Thai
สระบุรี,Saraburi,เสาไห้,Sao Hai,ต้นตาล,Ton Tan
สระบุรี,Saraburi,เสาไห้,Sao Hai,ท่าช้าง,Tha Chang
สระบุรี,Saraburi,เสาไห้,Sao Hai,พระยาทด,Phraya Thot
สระบุรี,Saraburi,เสาไห้,Sao Hai,ม่วงงาม,Muang Ngam
สระบุรี,Saraburi,เสาไห้,Sao Hai,เริงราง,Roeng Rang
สระบุรี,Saraburi,เสาไห้,Sao Hai,เมืองเก่า,Mueang Kao
สระบุรี,Saraburi,เสาไห้,Sao Hai,สวนดอกไม้,Suan Dok Mai
สระบุรี,Saraburi,มวกเหล็ก,Muak Lek,มวกเหล็ก,Muak Lek
สระบุรี,Saraburi,มวกเหล็ก,Muak Lek,มิตรภาพ,Mittraphap
สระบุรี,Saraburi,มวกเหล็ก,Muak Lek,หนองย่างเสือ,Nong Yang Suea
สระบุรี,Saraburi,มวกเหล็ก,Muak Lek,ลำสมพุง,Lam Somphung
สระบุรี,Saraburi,มวกเหล็ก,Muak Lek,ลำพญากลาง,Lam Phaya Klang
สระบุรี,Saraburi,มวกเหล็ก,Muak Lek,ซับสนุ่น,Sap Sanun
สระบุรี,Saraburi,วังม่วง,Wang Muang,แสลงพัน,Salaeng Phan
สระบุรี,Saraburi,วังม่วง,Wang Muang,คำพราน,Kham Phran
สระบุรี,Saraburi,วังม่วง,Wang Muang,วังม่วง,Wang Muang
สระบุรี,Saraburi,เฉลิมพระเกียรติ,Chaloem Phra Kiat,เขาดินพัฒนา,Khao Din Phatthana
สระบุรี,Saraburi,เฉลิมพระเกียรติ,Chaloem Phra Kiat,บ้านแก้ง,Ban Kaeng
สระบุรี,Saraburi,เฉลิมพระเกียรติ,Chaloem Phra Kiat,ผึ้งรวง,Phueng Ruang
สระบุรี,Saraburi,เฉลิมพระเกียรติ,Chaloem Phra Kiat,พุแค,Phu Khae
สระบุรี,Saraburi,เฉลิมพระเกียรติ,Chaloem Phra Kiat,ห้วยบง,Huai Bong
สระบุรี,Saraburi,เฉลิมพระเกียรติ,Chaloem Phra Kiat,หน้าพระลาน,Na Phra Lan
ชลบุรี,Chon Buri,เมืองชลบุรี,Mueang Chon Buri,บางปลาสร้อย,Bang Pla Soi
ชลบุรี,Chon Buri,เมืองชลบุรี,Mueang Chon Buri,มะขามหย่ง,Makham Yong
ชลบุรี,Chon Buri,เมืองชลบุรี,Mueang Chon Buri,บ้านโขด,Ban Khot
ชลบุรี,Chon Buri,เมืองชลบุรี,Mueang Chon Buri,แสนสุข,Saen Suk
ชลบุรี,Chon Buri,เมืองชลบุรี,Mueang Chon Buri,บ้านสวน,Ban Suan
ชลบุรี,Chon Buri,เมืองชลบุรี,Mueang Chon Buri,หนองรี,Nong Ri
ชลบุรี,Chon Buri,เมืองชลบุรี,Mueang Chon Buri,นาป่า,Na Pa
ชลบุรี,Chon Buri,เมืองชลบุรี,Mueang Chon Buri,หนองข้างคอก,Nong Khang Khok
ชลบุรี,Chon Buri,เมืองชลบุรี,Mueang Chon Buri,ดอนหัวฬ่อ,Don Hua Lo
ชลบุรี,Chon Buri,เมืองชลบุรี,Mueang Chon Buri,หนองไม้แดง,Nong Mai Daeng
ชลบุรี,Chon Buri,เมืองชลบุรี,Mueang Chon Buri,บางทราย,Bang Sai
ชลบุรี,Chon Buri,เมืองชลบุรี,Mueang Chon Buri,คลองตำหรุ,Khlong Tamru
ชลบุรี,Chon Buri,เมืองชลบุรี,Mueang Chon Buri,เหมือง,Mueang
ชลบุรี,Chon Buri,เมืองชลบุรี,Mueang Chon Buri,บ้านปึก,Ban Puek
ชลบุรี,Chon Buri,เมืองชลบุรี,Mueang Chon Buri,ห้วยกะปิ,Huai Kapi
ชลบุรี,Chon Buri,เมืองชลบุรี,Mueang Chon Buri,เสม็ด,Samet
ชลบุรี,Chon Buri,เมืองชลบุรี,Mueang Chon Buri,อ่างศิลา,Ang Sila
ชลบุรี,Chon Buri,เมืองชลบุรี,Mueang Chon Buri,สำนักบก,Samnak Bok
ชลบุรี,Chon Buri,บ้านบึง,Ban Bueng,บ้านบึง,Ban Bueng
ชลบุรี,Chon Buri,บ้านบึง,Ban Bueng,คลองกิ่ว,Khlong Kio
ชลบุรี,Chon Buri,บ้านบึง,Ban Bueng,มาบไผ่,Map Phai
ชลบุรี,Chon Buri,บ้านบึง,Ban Bueng,หนองซ้ำซาก,Nong Samsak
ชลบุรี,Chon Buri,บ้านบึง,Ban Bueng,หนองบอนแดง,Nong Bon Daeng
ชลบุรี,Chon Buri,บ้านบึง,Ban Bueng,หนองชาก,Nong Chak
ชลบุรี,Chon Buri,บ้านบึง,Ban Bueng,หนองอิรุณ,Nong Irun
ชลบุรี,Chon Buri,บ้านบึง,Ban Bueng,หนองไผ่แก้ว,Nong Phai Kaeo
ชลบุรี,Chon Buri,หนองใหญ่,Nong Yai,หนองใหญ่,Nong Yai
ชลบุรี,Chon Buri,หนองใหญ่,Nong Yai,คลองพลู,Khlong Phlu
ชลบุรี,Chon Buri,หนองใหญ่,Nong Yai,หนองเสือช้าง,Nong Suea Chang
ชลบุรี,Chon Buri,หนองใหญ่,Nong Yai,ห้างสูง,Hang Sung
ชลบุรี,Chon Buri,หนองใหญ่,Nong Yai,เขาซก,Khao Sok
ชลบุรี,Chon Buri,บางละมุง,Bang Lamung,บางละมุง,Bang Lamung
ชลบุรี,Chon Buri,บางละมุง,Bang Lamung,หนองปรือ,Nong Prue
ชลบุรี,Chon Buri,บางละมุง,Bang Lamung,หนองปลาไหล,Nong Pla Lai
ชลบุรี,Chon Buri,บางละมุง,Bang Lamung,โป่ง,Pong
ชลบุรี,Chon Buri,บางละมุง,Bang Lamung,เขาไม้แก้ว,Khao Mai Kaeo
ชลบุรี,Chon Buri,บางละมุง,Bang Lamung,ห้วยใหญ่,Huai Yai
ชลบุรี,Chon Buri,บางละมุง,Bang Lamung,ตะเคียนเตี้ย,Takhian Tia
ชลบุรี,Chon Buri,บางละมุง,Bang Lamung,นาเกลือ,Na Kluea
ชลบุรี,Chon Buri,พานทอง,Phan Thong,พานทอง,Phan Thong
ชลบุรี,Chon Buri,พานทอง,Phan Thong,หนองตำลึง,Nong Tamlueng
ชลบุรี,Chon Buri,พานทอง,Phan Thong,มาบโป่ง,Map Pong
ชลบุรี,Chon Buri,พานทอง,Phan Thong,หนองกะขะ,Nong Kakha
ชลบุรี,Chon Buri,พานทอง,Phan Thong,หนองหงษ์,Nong Hong
ชลบุรี,Chon Buri,พานทอง,Phan Thong,โคกขี้หนอน,Khok Khi Non
ชลบุรี,Chon Buri,พานทอง,Phan Thong,บ้านเก่า,Ban Kao
ชลบุรี,Chon Buri,พานทอง,Phan Thong,หน้าประดู่,Na Pradu
ชลบุรี,Chon Buri,พานทอง,Phan Thong,บางนาง,Bang Nang
ชลบุรี,Chon Buri,พานทอง,Phan Thong,เกาะลอย,Ko Loi
ชลบุรี,Chon Buri,พานทอง,Phan Thong,บางหัก,Bang Hak
ชลบุรี,Chon Buri,พนัสนิคม,Phanat Nikhom,พนัสนิคม,Phanat Nikhom
ชลบุรี,Chon Buri,พนัสนิคม,Phanat Nikhom,หน้าพระธาตุ,Na Phra That
ชลบุรี,Chon Buri,พนัสนิคม,Phanat Nikhom,วัดหลวง,Wat Luang
ชลบุรี,Chon Buri,พนัสนิคม,Phanat Nikhom,บ้านเซิด,Ban Soet
ชลบุรี,Chon Buri,พนัสนิคม,Phanat Nikhom,นาเริก,Na Roek
ชลบุรี,Chon Buri,พนัสนิคม,Phanat Nikhom,หมอนนาง,Mon Nang
ชลบุรี,Chon Buri,พนัสนิคม,Phanat Nikhom,สระสี่เหลี่ยม,Sa Si Liam
ชลบุรี,Chon Buri,พนัสนิคม,Phanat Nikhom,วัดโบสถ์,Wat Bot
ชลบุรี,Chon Buri,พนัสนิคม,Phanat Nikhom,กุฎโง้ง,Kut Ngong
ชลบุรี,Chon Buri,พนัสนิคม,Phanat Nikhom,หัวถนน,Hua Thanon
ชลบุรี,Chon Buri,พนัสนิคม,Phanat Nikhom,ท่าข้าม,Tha Kham
ชลบุรี,Chon Buri,พนัสนิคม,Phanat Nikhom,หนองปรือ,Nong Prue
ชลบุรี,Chon Buri,พนัสนิคม,Phanat Nikhom,หนองขยาด,Nong Khayat
ชลบุรี,Chon Buri,พนัสนิคม,Phanat Nikhom,ทุ่งขวาง,Thung Khwang
ชลบุรี,Chon Buri,พนัสนิคม,Phanat Nikhom,หนองเหียง,Nong Hiang
ชลบุรี,Chon Buri,พนัสนิคม,Phanat Nikhom,นาวังหิน,Na Wang Hin
ชลบุรี,Chon Buri,พนัสนิคม,Phanat Nikhom,บ้านช้าง,Ban Chang
ชลบุรี,Chon Buri,พนัสนิคม,Phanat Nikhom,โคกเพลาะ,Khok Phlo
ชลบุรี,Chon Buri,พนัสนิคม,Phanat Nikhom,ไร่หลักทอง,Rai Lak Thong
ชลบุรี,Chon Buri,พนัสนิคม,Phanat Nikhom,นามะตูม,Na Matum
ชลบุรี,Chon Buri,ศรีราชา,Si Racha,ศรีราชา,Si Racha
ชลบุรี,Chon Buri,ศรีราชา,Si Racha,สุรศักดิ์,Surasak
ชลบุรี,Chon Buri,ศรีราชา,Si Racha,ทุ่งสุขลา,Thung Sukhla
ชลบุรี,Chon Buri,ศรีราชา,Si Racha,บึง,Bueng
ชลบุรี,Chon Buri,ศรีราชา,Si Racha,หนองขาม,Nong Kham
ชลบุรี,Chon Buri,ศรีราชา,Si Racha,เขาคันทรง,Khao Khansong
ชลบุรี,Chon Buri,ศรีราชา,Si Racha,บางพระ,Bang Phra
ชลบุรี,Chon Buri,ศรีราชา,Si Racha,บ่อวิน,Bo Win
ชลบุรี,Chon Buri,เกาะสีชัง,Ko Sichang,ท่าเทววงษ์,Tha Tewatong
ชลบุรี,Chon Buri,สัตหีบ,Sattahip,สัตหีบ,Sattahip
ชลบุรี,Chon Buri,สัตหีบ,Sattahip,นาจอมเทียน,Na Chom Thian
ชลบุรี,Chon Buri,สัตหีบ,Sattahip,พลูตาหลวง,Phlu Ta Luang
ชลบุรี,Chon Buri,สัตหีบ,Sattahip,บางเสร่,Bang Sare
ชลบุรี,Chon Buri,สัตหีบ,Sattahip,แสมสาร,Samaesan
ชลบุรี,Chon Buri,บ่อทอง,Bo Thong,บ่อทอง,Bo Thong
ชลบุรี,Chon Buri,บ่อทอง,Bo Thong,วัดสุวรรณ,Wat Suwan
ชลบุรี,Chon Buri,บ่อทอง,Bo Thong,บ่อกวางทอง,Bo Kwang Thong
ชลบุรี,Chon Buri,บ่อทอง,Bo Thong,ธาตุทอง,That Thong
ชลบุรี,Chon Buri,บ่อทอง,Bo Thong,เกษตรสุวรรณ,Kaset Suwan
ชลบุรี,Chon Buri,บ่อทอง,Bo Thong,พลวงทอง,Phluang Thong
ชลบุรี,Chon Buri,เกาะจันทร์,Ko Chan,เกาะจันทร์,Ko Chan
ชลบุรี,Chon Buri,เกาะจันทร์,Ko Chan,ท่าบุญมี,Tha Bun Mi
ระยอง,Rayong,เมืองระยอง,Mueang Rayong,ท่าประดู่,Tha Pradu
ระยอง,Rayong,เมืองระยอง,Mueang Rayong,เชิงเนิน,Choeng Noen
ระยอง,Rayong,เมืองระยอง,Mueang Rayong,ตะพง,Taphong
ระยอง,Rayong,เมืองระยอง,Mueang Rayong,ปากน้ำ,Pak Nam
ระยอง,Rayong,เมืองระยอง,Mueang Rayong,เพ,Phe
ระยอง,Rayong,เมืองระยอง,Mueang Rayong,แกลง,Klaeng
ระยอง,Rayong,เมืองระยอง,Mueang Rayong,บ้านแลง,Ban Laeng
ระยอง,Rayong,เมืองระยอง,Mueang Rayong,นาตาขวัญ,Na Ta Khwan
ระยอง,Rayong,เมืองระยอง,Mueang Rayong,เนินพระ,Noen Phra
ระยอง,Rayong,เมืองระยอง,Mueang Rayong,กะเฉด,Kachet
ระยอง,Rayong,เมืองระยอง,Mueang Rayong,ทับมา,Thap Ma
ระยอง,Rayong,เมืองระยอง,Mueang Rayong,น้ำคอก,Nam Khok
ระยอง,Rayong,เมืองระยอง,Mueang Rayong,ห้วยโป่ง,Huai Pong
ระยอง,Rayong,เมืองระยอง,Mueang Rayong,มาบตาพุด,Map Ta Phut
ระยอง,Rayong,เมืองระยอง,Mueang Rayong,สำนักทอง,Samnak Thong
ระยอง,Rayong,บ้านฉาง,Ban Chang,สำนักท้อน,Samnak Thon
ระยอง,Rayong,บ้านฉาง,Ban Chang,พลา,Phla
ระยอง,Rayong,บ้านฉาง,Ban Chang,บ้านฉาง,Ban Chang
ระยอง,Rayong,แกลง,Klaeng,ทางเกวียน,Thang Kwian
ระยอง,Rayong,แกลง,Klaeng,วังหว้า,Wang Wa
ระยอง,Rayong,แกลง,Klaeng,ชากโดน,Chak Don
ระยอง,Rayong,แกลง,Klaeng,เนินฆ้อ,Noen Kho
ระยอง,Rayong,แกลง,Klaeng,กร่ำ,Kram
ระยอง,Rayong,แกลง,Klaeng,ชากพง,Chak Phong
ระยอง,Rayong,แกลง,Klaeng,กระแสบน,Krasae Bon
ระยอง,Rayong,แกลง,Klaeng,บ้านนา,Ban Na
ระยอง,Rayong,แกลง,Klaeng,ทุ่งควายกิน,Thung Khwai Kin
ระยอง,Rayong,แกลง,Klaeng,กองดิน,Kong Din
ระยอง,Rayong,แกลง,Klaeng,คลองปูน,Khlong Pun
ระยอง,Rayong,แกลง,Klaeng,พังราด,Phang Rat
ระยอง,Rayong,แกลง,Klaeng,ปากน้ำกระแส,Pak Nam Krasae
ระยอง,Rayong,แกลง,Klaeng,ห้วยยาง,Huai Yang
ระยอง,Rayong,แกลง,Klaeng,สองสลึง,Song Salueng
ระยอง,Rayong,วังจันทร์,Wang Chan,วังจันทร์,Wang Chan
ระยอง,Rayong,วังจันทร์,Wang Chan,ชุมแสง,Chum Saeng
ระยอง,Rayong,วังจันทร์,Wang Chan,ป่ายุบใน,Pa Yup Nai
ระยอง,Rayong,วังจันทร์,Wang Chan,พลงตาเอี่ยม,Phlong Ta Iam
ระยอง,Rayong,บ้านค่าย,Ban Khai,บ้านค่าย,Ban Khai
ระยอง,Rayong,บ้านค่าย,Ban Khai,หนองละลอก,Nong Lalok
ระยอง,Rayong,บ้านค่าย,Ban Khai,หนองตะพาน,Nong Taphan
ระยอง,Rayong,บ้านค่าย,Ban Khai,ตาขัน,Ta Khan
ระยอง,Rayong,บ้านค่าย,Ban Khai,บางบุตร,Bang But
ระยอง,Rayong,บ้านค่าย,Ban Khai,หนองบัว,Nong Bua
ระยอง,Rayong,บ้านค่าย,Ban Khai,ชากบก,Chak Bok
ระยอง,Rayong,ปลวกแดง,Pluak Daeng,ปลวกแดง,Pluak Daeng
ระยอง,Rayong,ปลวกแดง,Pluak Daeng,ตาสิทธิ์,Ta Sit
ระยอง,Rayong,ปลวกแดง,Pluak Daeng,ละหาร,Lahan
ระยอง,Rayong,ปลวกแดง,Pluak Daeng,แม่น้ำคู้,Maenam Khu
ระยอง,Rayong,ปลวกแดง,Pluak Daeng,มาบยางพร,Map Yang Phon
ระยอง,Rayong,ปลวกแดง,Pluak Daeng,หนองไร่,Nong Rai
ระยอง,Rayong,เขาชะเมา,Khao Chamao,น้ำเป็น,Nam Pen
ระยอง,Rayong,เขาชะเมา,Khao Chamao,ห้วยทับมอญ,Huai Thap Mon
ระยอง,Rayong,เขาชะเมา,Khao Chamao,ชำฆ้อ,Cham Kho
ระยอง,Rayong,เขาชะเมา,Khao Chamao,เขาน้อย,Khao Noy
ระยอง,Rayong,นิคมพัฒนา,Nikhom Phatthana,นิคมพัฒนา,Nikhom Phatthana
ระยอง,Rayong,นิคมพัฒนา,Nikhom Phatthana,มาบข่า,Map Kha
ระยอง,Rayong,นิคมพัฒนา,Nikhom Phatthana,พนานิคม,Phana Nikhom
ระยอง,Rayong,นิคมพัฒนา,Nikhom Phatthana,มะขามคู่,Makham Khu
จันทบุรี,Chanthaburi,เมืองจันทบุรี,Mueang Chanthaburi,ตลาด,Talat
จันทบุรี,Chanthaburi,เมืองจันทบุรี,Mueang Chanthaburi,วัดใหม่,Wat Mai
จันทบุรี,Chanthaburi,เมืองจันทบุรี,Mueang Chanthaburi,คลองนารายณ์,Khlong Narai
จันทบุรี,Chanthaburi,เมืองจันทบุรี,Mueang Chanthaburi,เกาะขวาง,Ko Khwang
จันทบุรี,Chanthaburi,เมืองจันทบุรี,Mueang Chanthaburi,คมบาง,Khom Bang
จันทบุรี,Chanthaburi,เมืองจันทบุรี,Mueang Chanthaburi,ท่าช้าง,Tha Chang
จันทบุรี,Chanthaburi,เมืองจันทบุรี,Mueang Chanthaburi,จันทนิมิต,Chanthanimit
จันทบุรี,Chanthaburi,เมืองจันทบุรี,Mueang Chanthaburi,บางกะจะ,Bang Kacha
จันทบุรี,Chanthaburi,เมืองจันทบุรี,Mueang Chanthaburi,แสลง,Salaeng
จันทบุรี,Chanthaburi,เมืองจันทบุรี,Mueang Chanthaburi,หนองบัว,Nong Bua
จันทบุรี,Chanthaburi,เมืองจันทบุรี,Mueang Chanthaburi,พลับพลา,Phlapphla
จันทบุรี,Chanthaburi,ขลุง,Khlung,ขลุง,Khlung
จันทบุรี,Chanthaburi,ขลุง,Khlung,บ่อ,Bo
จันทบุรี,Chanthaburi,ขลุง,Khlung,เกวียนหัก,Kwian Hak
จันทบุรี,Chanthaburi,ขลุง,Khlung,ตะปอน,Tapon
จันทบุรี,Chanthaburi,ขลุง,Khlung,บางชัน,Bang Chan
จันทบุรี,Chanthaburi,ขลุง,Khlung,วันยาว,Wan Yao
จันทบุรี,Chanthaburi,ขลุง,Khlung,ซึ้ง,Sueng
จันทบุรี,Chanthaburi,ขลุง,Khlung,มาบไพ,Map Phai
จันทบุรี,Chanthaburi,ขลุง,Khlung,วังสรรพรส,Wang Sappharot
จันทบุรี,Chanthaburi,ขลุง,Khlung,ตรอกนอง,Trok Nong
จันทบุรี,Chanthaburi,ขลุง,Khlung,ตกพรม,Tok Phrom
จันทบุรี,Chanthaburi,ขลุง,Khlung,บ่อเวฬุ,Bo Welu
จันทบุรี,Chanthaburi,ท่าใหม่,Tha Mai,ท่าใหม่,Tha Mai
จันทบุรี,Chanthaburi,ท่าใหม่,Tha Mai,ยายร้า,Yai Ra
จันทบุรี,Chanthaburi,ท่าใหม่,Tha Mai,สีพยา,Si Phaya
จันทบุรี,Chanthaburi,ท่าใหม่,Tha Mai,บ่อพุ,Bo Phu
จันทบุรี,Chanthaburi,ท่าใหม่,Tha Mai,พลอยแหวน,Phloi Waen
จันทบุรี,Chanthaburi,ท่าใหม่,Tha Mai,เขาวัว,Khao Wua
จันทบุรี,Chanthaburi,ท่าใหม่,Tha Mai,เขาบายศรี,Khao Baisi
จันทบุรี,Chanthaburi,ท่าใหม่,Tha Mai,สองพี่น้อง,Song Phi Nong
จันทบุรี,Chanthaburi,ท่าใหม่,Tha Mai,ทุ่งเบญจา,Ramphan
จันทบุรี,Chanthaburi,ท่าใหม่,Tha Mai,รำพัน,Ramphan
จันทบุรี,Chanthaburi,ท่าใหม่,Tha Mai,โขมง,Khamong
จันทบุรี,Chanthaburi,ท่าใหม่,Tha Mai,ตะกาดเง้า,Takat Ngao
จันทบุรี,Chanthaburi,ท่าใหม่,Tha Mai,คลองขุด,Khlong Khut
จันทบุรี,Chanthaburi,ท่าใหม่,Tha Mai,เขาแก้ว,Khao Kaeo
จันทบุรี,Chanthaburi,โป่งน้ำร้อน,Pong Nam Ron,ทับไทร,Thap Sai
จันทบุรี,Chanthaburi,โป่งน้ำร้อน,Pong Nam Ron,โป่งน้ำร้อน,Pong Nam Ron
จันทบุรี,Chanthaburi,โป่งน้ำร้อน,Pong Nam Ron,หนองตาคง,Nong Ta Khong
จันทบุรี,Chanthaburi,โป่งน้ำร้อน,Pong Nam Ron,เทพนิมิต,Thep Nimit
จันทบุรี,Chanthaburi,โป่งน้ำร้อน,Pong Nam Ron,คลองใหญ่,Khlong Yai
จันทบุรี,Chanthaburi,มะขาม,Makham,มะขาม,Makham
จันทบุรี,Chanthaburi,มะขาม,Makham,ท่าหลวง,Tha Luang
จันทบุรี,Chanthaburi,มะขาม,Makham,ปัถวี,Patthawi
จันทบุรี,Chanthaburi,มะขาม,Makham,วังแซ้ม,Wang Saem
จันทบุรี,Chanthaburi,มะขาม,Makham,ฉมัน,Chaman
จันทบุรี,Chanthaburi,มะขาม,Makham,อ่างคีรี,Ang Khiri
จันทบุรี,Chanthaburi,แหลมสิงห์,Laem Sing,ปากน้ำแหลมสิงห์,Pak Nam Laem Sing
จันทบุรี,Chanthaburi,แหลมสิงห์,Laem Sing,เกาะเปริด,Ko Proet
จันทบุรี,Chanthaburi,แหลมสิงห์,Laem Sing,หนองชิ่ม,Nong Chim
จันทบุรี,Chanthaburi,แหลมสิงห์,Laem Sing,พลิ้ว,Phlio
จันทบุรี,Chanthaburi,แหลมสิงห์,Laem Sing,คลองน้ำเค็ม,Khlong Nam Khem
จันทบุรี,Chanthaburi,แหลมสิงห์,Laem Sing,บางสระเก้า,Bang Sa Kao
จันทบุรี,Chanthaburi,แหลมสิงห์,Laem Sing,บางกะไชย,Bang Kachai
จันทบุรี,Chanthaburi,สอยดาว,Soi Dao,ปะตง,Patong
จันทบุรี,Chanthaburi,สอยดาว,Soi Dao,ทุ่งขนาน,Thung Khanan
จันทบุรี,Chanthaburi,สอยดาว,Soi Dao,ทับช้าง,Thap Chang
จันทบุรี,Chanthaburi,สอยดาว,Soi Dao,ทรายขาว,Sai Khao
จันทบุรี,Chanthaburi,สอยดาว,Soi Dao,สะตอน,Saton
จันทบุรี,Chanthaburi,แก่งหางแมว,Kaeng Hang Maeo,แก่งหางแมว,Kaeng Hang Maeo
จันทบุรี,Chanthaburi,แก่งหางแมว,Kaeng Hang Maeo,ขุนซ่อง,Khun Song
จันทบุรี,Chanthaburi,แก่งหางแมว,Kaeng Hang Maeo,สามพี่น้อง,Sam Phi Nong
จันทบุรี,Chanthaburi,แก่งหางแมว,Kaeng Hang Maeo,พวา,Phawa
จันทบุรี,Chanthaburi,แก่งหางแมว,Kaeng Hang Maeo,เขาวงกต,Khao Wongkot
จันทบุรี,Chanthaburi,นายายอาม,Na Yai Am,นายายอาม,Na Yai Am
จันทบุรี,Chanthaburi,นายายอาม,Na Yai Am,วังโตนด,Wang Tanot
จันทบุรี,Chanthaburi,นายายอาม,Na Yai Am,กระแจะ,Krachae
จันทบุรี,Chanthaburi,นายายอาม,Na Yai Am,สนามไชย,Sanam Chai
จันทบุรี,Chanthaburi,นายายอาม,Na Yai Am,ช้างข้าม,Chang Kham
จันทบุรี,Chanthaburi,นายายอาม,Na Yai Am,วังใหม่,Wang Mai
จันทบุรี,Chanthaburi,เขาคิชฌกูฏ,Khao Khitchakut,ชากไทย,Chak Thai
จันทบุรี,Chanthaburi,เขาคิชฌกูฏ,Khao Khitchakut,พลวง,Phluang
จันทบุรี,Chanthaburi,เขาคิชฌกูฏ,Khao Khitchakut,ตะเคียนทอง,Takhian Thong
จันทบุรี,Chanthaburi,เขาคิชฌกูฏ,Khao Khitchakut,คลองพลู,Khlong Phlu
จันทบุรี,Chanthaburi,เขาคิชฌกูฏ,Khao Khitchakut,จันทเขลม,Chanthakhlem
ตราด,Trat,เมืองตราด,Mueang Trat,บางพระ,Bang Phra
ตราด,Trat,เมืองตราด,Mueang Trat,หนองเสม็ด,Nong Samet
ตราด,Trat,เมืองตราด,Mueang Trat,หนองโสน,Nong Sano
ตราด,Trat,เมืองตราด,Mueang Trat,หนองคันทรง,Nong Khan Song
ตราด,Trat,เมืองตราด,Mueang Trat,ห้วงน้ำขาว,Huang Nam Khao
ตราด,Trat,เมืองตราด,Mueang Trat,อ่าวใหญ่,Ao Yai
ตราด,Trat,เมืองตราด,Mueang Trat,วังกระแจะ,Wang Krachae
ตราด,Trat,เมืองตราด,Mueang Trat,ห้วยแร้ง,Huai Raeng
ตราด,Trat,เมืองตราด,Mueang Trat,เนินทราย,Noen Sai
ตราด,Trat,เมืองตราด,Mueang Trat,ท่าพริก,Tha Phrik
ตราด,Trat,เมืองตราด,Mueang Trat,ท่ากุ่ม,Tha Kum
ตราด,Trat,เมืองตราด,Mueang Trat,ตะกาง,Takang
ตราด,Trat,เมืองตราด,Mueang Trat,ชำราก,Chamrak
ตราด,Trat,เมืองตราด,Mueang Trat,แหลมกลัด,Laem Klat
ตราด,Trat,คลองใหญ่,Khlong Yai,คลองใหญ่,Khlong Yai
ตราด,Trat,คลองใหญ่,Khlong Yai,ไม้รูด,Mai Rut
ตราด,Trat,คลองใหญ่,Khlong Yai,หาดเล็ก,Hat Lek
ตราด,Trat,เขาสมิง,Khao Saming,เขาสมิง,Khao Saming
ตราด,Trat,เขาสมิง,Khao Saming,แสนตุ้ง,Saen Tung
ตราด,Trat,เขาสมิง,Khao Saming,วังตะเคียน,Wang Takhian
ตราด,Trat,เขาสมิง,Khao Saming,ท่าโสม,Tha Som
ตราด,Trat,เขาสมิง,Khao Saming,สะตอ,Sato
ตราด,Trat,เขาสมิง,Khao Saming,ประณีต,Pranit
ตราด,Trat,เขาสมิง,Khao Saming,เทพนิมิต,Thep Nimit
ตราด,Trat,เขาสมิง,Khao Saming,ทุ่งนนทรี,Thung Nonsi
ตราด,Trat,บ่อไร่,Bo Rai,บ่อพลอย,Bo Phloi
ตราด,Trat,บ่อไร่,Bo Rai,ช้างทูน,Chang Thun
ตราด,Trat,บ่อไร่,Bo Rai,ด่านชุมพล,Dan Chumphon
ตราด,Trat,บ่อไร่,Bo Rai,หนองบอน,Nong Bon
ตราด,Trat,บ่อไร่,Bo Rai,นนทรีย์,Nonsi
ตราด,Trat,แหลมงอบ,Laem Ngop,แหลมงอบ,Laem Ngop
ตราด,Trat,แหลมงอบ,Laem Ngop,น้ำเชี่ยว,Nam Chiao
ตราด,Trat,แหลมงอบ,Laem Ngop,บางปิด,Bang Pit
ตราด,Trat,แหลมงอบ,Laem Ngop,คลองใหญ่,Khlong Yai
ตราด,Trat,เกาะกูด,Ko Kut,เกาะหมาก,Ko Mak
ตราด,Trat,เกาะกูด,Ko Kut,เกาะกูด,Ko Kut
ตราด,Trat,เกาะช้าง,Ko Chang,เกาะช้าง,Ko Chang
ตราด,Trat,เกาะช้าง,Ko Chang,เกาะช้างใต้,Ko Chang Tai
ฉะเชิงเทรา,Chachoengsao,เมืองฉะเชิงเทรา,Mueang Chachoengsao,หน้าเมือง,Na Mueang
ฉะเชิงเทรา,Chachoengsao,เมืองฉะเชิงเทรา,Mueang Chachoengsao,ท่าไข่,Tha Khai
ฉะเชิงเทรา,Chachoengsao,เมืองฉะเชิงเทรา,Mueang Chachoengsao,บ้านใหม่,Ban Mai
ฉะเชิงเทรา,Chachoengsao,เมืองฉะเชิงเทรา,Mueang Chachoengsao,คลองนา,Khlong Na
ฉะเชิงเทรา,Chachoengsao,เมืองฉะเชิงเทรา,Mueang Chachoengsao,บางตีนเป็ด,Khlong Na
ฉะเชิงเทรา,Chachoengsao,เมืองฉะเชิงเทรา,Mueang Chachoengsao,บางไผ่,Bang Phai
ฉะเชิงเทรา,Chachoengsao,เมืองฉะเชิงเทรา,Mueang Chachoengsao,คลองจุกกระเฌอ,Khlong Chuk Krachoe
ฉะเชิงเทรา,Chachoengsao,เมืองฉะเชิงเทรา,Mueang Chachoengsao,บางแก้ว,Bang Kaeo
ฉะเชิงเทรา,Chachoengsao,เมืองฉะเชิงเทรา,Mueang Chachoengsao,บางขวัญ,Bang Khwan
ฉะเชิงเทรา,Chachoengsao,เมืองฉะเชิงเทรา,Mueang Chachoengsao,คลองนครเนื่องเขต,Khlong Nakhon Nueang Khet
ฉะเชิงเทรา,Chachoengsao,เมืองฉะเชิงเทรา,Mueang Chachoengsao,วังตะเคียน,Wang Takhian
ฉะเชิงเทรา,Chachoengsao,เมืองฉะเชิงเทรา,Mueang Chachoengsao,โสธร,Sothon
ฉะเชิงเทรา,Chachoengsao,เมืองฉะเชิงเทรา,Mueang Chachoengsao,บางพระ,Bang Phra
ฉะเชิงเทรา,Chachoengsao,เมืองฉะเชิงเทรา,Mueang Chachoengsao,บางกะไห,Bang Kahai
ฉะเชิงเทรา,Chachoengsao,เมืองฉะเชิงเทรา,Mueang Chachoengsao,หนามแดง,Nam Daeng
ฉะเชิงเทรา,Chachoengsao,เมืองฉะเชิงเทรา,Mueang Chachoengsao,คลองเปรง,Khlong Preng
ฉะเชิงเทรา,Chachoengsao,เมืองฉะเชิงเทรา,Mueang Chachoengsao,คลองอุดมชลจร,Khlong Udom Chonlachon
ฉะเชิงเทรา,Chachoengsao,เมืองฉะเชิงเทรา,Mueang Chachoengsao,คลองหลวงแพ่ง,Khlong Luang Phaeng
ฉะเชิงเทรา,Chachoengsao,เมืองฉะเชิงเทรา,Mueang Chachoengsao,บางเตย,Bang Toei
ฉะเชิงเทรา,Chachoengsao,บางคล้า,Bang Khla,บางคล้า,Bang Khla
ฉะเชิงเทรา,Chachoengsao,บางคล้า,Bang Khla,บางสวน,Bang Suan
ฉะเชิงเทรา,Chachoengsao,บางคล้า,Bang Khla,บางกระเจ็ด,Bang Krachet
ฉะเชิงเทรา,Chachoengsao,บางคล้า,Bang Khla,ปากน้ำ,Pak Nam
ฉะเชิงเทรา,Chachoengsao,บางคล้า,Bang Khla,ท่าทองหลาง,Tha Thonglang
ฉะเชิงเทรา,Chachoengsao,บางคล้า,Bang Khla,สาวชะโงก,Sao Cha-ngok
ฉะเชิงเทรา,Chachoengsao,บางคล้า,Bang Khla,เสม็ดเหนือ,Samet Nuea
ฉะเชิงเทรา,Chachoengsao,บางคล้า,Bang Khla,เสม็ดใต้,Samet Tai
ฉะเชิงเทรา,Chachoengsao,บางคล้า,Bang Khla,หัวไทร,Hua Sai
ฉะเชิงเทรา,Chachoengsao,บางน้ำเปรี้ยว,Bang Nam Priao,บางน้ำเปรี้ยว,Bang Nam Priao
ฉะเชิงเทรา,Chachoengsao,บางน้ำเปรี้ยว,Bang Nam Priao,บางขนาก,Bang Khanak
ฉะเชิงเทรา,Chachoengsao,บางน้ำเปรี้ยว,Bang Nam Priao,สิงโตทอง,Singto Thong
ฉะเชิงเทรา,Chachoengsao,บางน้ำเปรี้ยว,Bang Nam Priao,หมอนทอง,Mon Thong
ฉะเชิงเทรา,Chachoengsao,บางน้ำเปรี้ยว,Bang Nam Priao,บึงน้ำรักษ์,Bueng Nam Rak
ฉะเชิงเทรา,Chachoengsao,บางน้ำเปรี้ยว,Bang Nam Priao,ดอนเกาะกา,Don Ko Ka
ฉะเชิงเทรา,Chachoengsao,บางน้ำเปรี้ยว,Bang Nam Priao,โยธะกา,Yothaka
ฉะเชิงเทรา,Chachoengsao,บางน้ำเปรี้ยว,Bang Nam Priao,ดอนฉิมพลี,Don Chimphli
ฉะเชิงเทรา,Chachoengsao,บางน้ำเปรี้ยว,Bang Nam Priao,ศาลาแดง,Sala Daeng
ฉะเชิงเทรา,Chachoengsao,บางน้ำเปรี้ยว,Bang Nam Priao,โพรงอากาศ,Phrong Akat
ฉะเชิงเทรา,Chachoengsao,บางปะกง,Bang Pakong,บางปะกง,Bang Pakong
ฉะเชิงเทรา,Chachoengsao,บางปะกง,Bang Pakong,ท่าสะอ้าน,Tha Sa-an
ฉะเชิงเทรา,Chachoengsao,บางปะกง,Bang Pakong,บางวัว,Bang Wua
ฉะเชิงเทรา,Chachoengsao,บางปะกง,Bang Pakong,บางสมัคร,Bang Samak
ฉะเชิงเทรา,Chachoengsao,บางปะกง,Bang Pakong,บางผึ้ง,Bang Phueng
ฉะเชิงเทรา,Chachoengsao,บางปะกง,Bang Pakong,บางเกลือ,Bang Kluea
ฉะเชิงเทรา,Chachoengsao,บางปะกง,Bang Pakong,สองคลอง,Song Khlong
ฉะเชิงเทรา,Chachoengsao,บางปะกง,Bang Pakong,หนองจอก,Nong Chok
ฉะเชิงเทรา,Chachoengsao,บางปะกง,Bang Pakong,พิมพา,Phimpha
ฉะเชิงเทรา,Chachoengsao,บางปะกง,Bang Pakong,ท่าข้าม,Tha Kham
ฉะเชิงเทรา,Chachoengsao,บางปะกง,Bang Pakong,หอมศีล,Hom Sin
ฉะเชิงเทรา,Chachoengsao,บางปะกง,Bang Pakong,เขาดิน,Khao Din
ฉะเชิงเทรา,Chachoengsao,บ้านโพธิ์,Ban Pho,บ้านโพธิ์,Ban Pho
ฉะเชิงเทรา,Chachoengsao,บ้านโพธิ์,Ban Pho,เกาะไร่,Ko Rai
ฉะเชิงเทรา,Chachoengsao,บ้านโพธิ์,Ban Pho,คลองขุด,Khlong Khut
ฉะเชิงเทรา,Chachoengsao,บ้านโพธิ์,Ban Pho,คลองบ้านโพธิ์,Khlong Ban Pho
ฉะเชิงเทรา,Chachoengsao,บ้านโพธิ์,Ban Pho,คลองประเวศ,Khlong Prawet
ฉะเชิงเทรา,Chachoengsao,บ้านโพธิ์,Ban Pho,ดอนทราย,Don Sai
ฉะเชิงเทรา,Chachoengsao,บ้านโพธิ์,Ban Pho,เทพราช,Theppharat
ฉะเชิงเทรา,Chachoengsao,บ้านโพธิ์,Ban Pho,ท่าพลับ,Tha Phlap
ฉะเชิงเทรา,Chachoengsao,บ้านโพธิ์,Ban Pho,หนองตีนนก,Nong Tin Nok
ฉะเชิงเทรา,Chachoengsao,บ้านโพธิ์,Ban Pho,หนองบัว,Nong Bua
ฉะเชิงเทรา,Chachoengsao,บ้านโพธิ์,Ban Pho,บางซ่อน,Bang Son
ฉะเชิงเทรา,Chachoengsao,บ้านโพธิ์,Ban Pho,บางกรูด,Bang Krut
ฉะเชิงเทรา,Chachoengsao,บ้านโพธิ์,Ban Pho,แหลมประดู่,Laem Pradu
ฉะเชิงเทรา,Chachoengsao,บ้านโพธิ์,Ban Pho,ลาดขวาง,Lat Khwang
ฉะเชิงเทรา,Chachoengsao,บ้านโพธิ์,Ban Pho,สนามจันทร์,Sanam Chan
ฉะเชิงเทรา,Chachoengsao,บ้านโพธิ์,Ban Pho,แสนภูดาษ,Saen Phu Dat
ฉะเชิงเทรา,Chachoengsao,บ้านโพธิ์,Ban Pho,สิบเอ็ดศอก,Sip Et Sok
ฉะเชิงเทรา,Chachoengsao,พนมสารคาม,Phanom Sarakham,เกาะขนุน,Ko Khanun
ฉะเชิงเทรา,Chachoengsao,พนมสารคาม,Phanom Sarakham,บ้านซ่อง,Ban Song
ฉะเชิงเทรา,Chachoengsao,พนมสารคาม,Phanom Sarakham,พนมสารคาม,Phanom Sarakham
ฉะเชิงเทรา,Chachoengsao,พนมสารคาม,Phanom Sarakham,เมืองเก่า,Mueang Kao
ฉะเชิงเทรา,Chachoengsao,พนมสารคาม,Phanom Sarakham,หนองยาว,Nong Yao
ฉะเชิงเทรา,Chachoengsao,พนมสารคาม,Phanom Sarakham,ท่าถ่าน,Tha Than
ฉะเชิงเทรา,Chachoengsao,พนมสารคาม,Phanom Sarakham,หนองแหน,Nong Nae
ฉะเชิงเทรา,Chachoengsao,พนมสารคาม,Phanom Sarakham,เขาหินซ้อน,Khao Hin Son
ฉะเชิงเทรา,Chachoengsao,ราชสาส์น,Ratchasan,บางคา,Bang Kha
ฉะเชิงเทรา,Chachoengsao,ราชสาส์น,Ratchasan,เมืองใหม่,Mueang Mai
ฉะเชิงเทรา,Chachoengsao,ราชสาส์น,Ratchasan,ดงน้อย,Dong Noi
ฉะเชิงเทรา,Chachoengsao,สนามชัยเขต,Sanam Chai Khet,คู้ยายหมี,Khu Yai Mi
ฉะเชิงเทรา,Chachoengsao,สนามชัยเขต,Sanam Chai Khet,ท่ากระดาน,Tha Kradan
ฉะเชิงเทรา,Chachoengsao,สนามชัยเขต,Sanam Chai Khet,ทุ่งพระยา,Thung Phraya
ฉะเชิงเทรา,Chachoengsao,สนามชัยเขต,Sanam Chai Khet,ลาดกระทิง,Lat Krathing
ฉะเชิงเทรา,Chachoengsao,แปลงยาว,Plaeng Yao,แปลงยาว,Plaeng Yao
ฉะเชิงเทรา,Chachoengsao,แปลงยาว,Plaeng Yao,วังเย็น,Wang Yen
ฉะเชิงเทรา,Chachoengsao,แปลงยาว,Plaeng Yao,หัวสำโรง,Hua Samrong
ฉะเชิงเทรา,Chachoengsao,แปลงยาว,Plaeng Yao,หนองไม้แก่น,Nong Mai Kaen
ฉะเชิงเทรา,Chachoengsao,ท่าตะเกียบ,Tha Takiap,ท่าตะเกียบ,Tha Takiap
ฉะเชิงเทรา,Chachoengsao,ท่าตะเกียบ,Tha Takiap,คลองตะเกรา,Khlong Takrao
ฉะเชิงเทรา,Chachoengsao,คลองเขื่อน,Khlong Khuean,ก้อนแก้ว,Kon Kaeo
ฉะเชิงเทรา,Chachoengsao,คลองเขื่อน,Khlong Khuean,คลองเขื่อน,Khlong Khuean
ฉะเชิงเทรา,Chachoengsao,คลองเขื่อน,Khlong Khuean,บางเล่า,Bang Lao
ฉะเชิงเทรา,Chachoengsao,คลองเขื่อน,Khlong Khuean,บางโรง,Bang Rong
ฉะเชิงเทรา,Chachoengsao,คลองเขื่อน,Khlong Khuean,บางตลาด,Bang Talat
ปราจีนบุรี,Prachin Buri,เมืองปราจีนบุรี,Mueang Prachin Buri,หน้าเมือง,Na Mueang
ปราจีนบุรี,Prachin Buri,เมืองปราจีนบุรี,Mueang Prachin Buri,รอบเมือง,Na Mueang
ปราจีนบุรี,Prachin Buri,เมืองปราจีนบุรี,Mueang Prachin Buri,วัดโบสถ์,Wat Bot
ปราจีนบุรี,Prachin Buri,เมืองปราจีนบุรี,Mueang Prachin Buri,บางเดชะ,Bang Decha
ปราจีนบุรี,Prachin Buri,เมืองปราจีนบุรี,Mueang Prachin Buri,ท่างาม,Tha Ngam
ปราจีนบุรี,Prachin Buri,เมืองปราจีนบุรี,Mueang Prachin Buri,บางบริบูรณ์,Bang Boribun
ปราจีนบุรี,Prachin Buri,เมืองปราจีนบุรี,Mueang Prachin Buri,ดงพระราม,Dong Phra Ram
ปราจีนบุรี,Prachin Buri,เมืองปราจีนบุรี,Mueang Prachin Buri,บ้านพระ,Ban Phra
ปราจีนบุรี,Prachin Buri,เมืองปราจีนบุรี,Mueang Prachin Buri,โคกไม้ลาย,Khok Mai Lai
ปราจีนบุรี,Prachin Buri,เมืองปราจีนบุรี,Mueang Prachin Buri,ไม้เค็ด,Mai Khet
ปราจีนบุรี,Prachin Buri,เมืองปราจีนบุรี,Mueang Prachin Buri,ดงขี้เหล็ก,Dong Khilek
ปราจีนบุรี,Prachin Buri,เมืองปราจีนบุรี,Mueang Prachin Buri,เนินหอม,Noen Hom
ปราจีนบุรี,Prachin Buri,เมืองปราจีนบุรี,Mueang Prachin Buri,โนนห้อม,Non Hom
ปราจีนบุรี,Prachin Buri,กบินทร์บุรี,Kabin Buri,กบินทร์,Kabin
ปราจีนบุรี,Prachin Buri,กบินทร์บุรี,Kabin Buri,เมืองเก่า,Mueang Kao
ปราจีนบุรี,Prachin Buri,กบินทร์บุรี,Kabin Buri,วังดาล,Wang Dan
ปราจีนบุรี,Prachin Buri,กบินทร์บุรี,Kabin Buri,นนทรี,Nonsi
ปราจีนบุรี,Prachin Buri,กบินทร์บุรี,Kabin Buri,ย่านรี,Yan Ri
ปราจีนบุรี,Prachin Buri,กบินทร์บุรี,Kabin Buri,วังตะเคียน,Wang Takhian
ปราจีนบุรี,Prachin Buri,กบินทร์บุรี,Kabin Buri,หาดนางแก้ว,Hat Nang Kaeo
ปราจีนบุรี,Prachin Buri,กบินทร์บุรี,Kabin Buri,ลาดตะเคียน,Lat Takhian
ปราจีนบุรี,Prachin Buri,กบินทร์บุรี,Kabin Buri,บ้านนา,Ban Na
ปราจีนบุรี,Prachin Buri,กบินทร์บุรี,Kabin Buri,บ่อทอง,Bo Thong
ปราจีนบุรี,Prachin Buri,กบินทร์บุรี,Kabin Buri,หนองกี่,Nong Ki
ปราจีนบุรี,Prachin Buri,กบินทร์บุรี,Kabin Buri,นาแขม,Na Khaem
ปราจีนบุรี,Prachin Buri,กบินทร์บุรี,Kabin Buri,เขาไม้แก้ว,Khao Mai Kaeo
ปราจีนบุรี,Prachin Buri,กบินทร์บุรี,Kabin Buri,วังท่าช้าง,Wang Tha Chang
ปราจีนบุรี,Prachin Buri,นาดี,Na Di,นาดี,Na Di
ปราจีนบุรี,Prachin Buri,นาดี,Na Di,สำพันตา,Samphan Ta
ปราจีนบุรี,Prachin Buri,นาดี,Na Di,สะพานหิน,Saphan Hin
ปราจีนบุรี,Prachin Buri,นาดี,Na Di,ทุ่งโพธิ์,Thung Pho
ปราจีนบุรี,Prachin Buri,นาดี,Na Di,แก่งดินสอ,Kaeng Dinso
ปราจีนบุรี,Prachin Buri,นาดี,Na Di,บุพราหมณ์,Bu Phram
ปราจีนบุรี,Prachin Buri,บ้านสร้าง,Ban Sang,บ้านสร้าง,Ban Sang
ปราจีนบุรี,Prachin Buri,บ้านสร้าง,Ban Sang,บางกระเบา,Bang Krabao
ปราจีนบุรี,Prachin Buri,บ้านสร้าง,Ban Sang,บางเตย,Bang Toei
ปราจีนบุรี,Prachin Buri,บ้านสร้าง,Ban Sang,บางยาง,Bang Yang
ปราจีนบุรี,Prachin Buri,บ้านสร้าง,Ban Sang,บางแตน,Bang Taen
ปราจีนบุรี,Prachin Buri,บ้านสร้าง,Ban Sang,บางพลวง,Bang Phluang
ปราจีนบุรี,Prachin Buri,บ้านสร้าง,Ban Sang,บางปลาร้า,Bang Pla Ra
ปราจีนบุรี,Prachin Buri,บ้านสร้าง,Ban Sang,บางขาม,Bang Kham
ปราจีนบุรี,Prachin Buri,บ้านสร้าง,Ban Sang,กระทุ่มแพ้ว,Krathum Phaeo
ปราจีนบุรี,Prachin Buri,ประจันตคาม,Prachantakham,ประจันตคาม,Prachantakham
ปราจีนบุรี,Prachin Buri,ประจันตคาม,Prachantakham,เกาะลอย,Ko Loi
ปราจีนบุรี,Prachin Buri,ประจันตคาม,Prachantakham,บ้านหอย,Ban Hoi
ปราจีนบุรี,Prachin Buri,ประจันตคาม,Prachantakham,หนองแสง,Nong Saeng
ปราจีนบุรี,Prachin Buri,ประจันตคาม,Prachantakham,ดงบัง,Dong Bang
ปราจีนบุรี,Prachin Buri,ประจันตคาม,Prachantakham,คำโตนด,Kham Tanot
ปราจีนบุรี,Prachin Buri,ประจันตคาม,Prachantakham,บุฝ้าย,Bu Fai
ปราจีนบุรี,Prachin Buri,ประจันตคาม,Prachantakham,หนองแก้ว,Nong Kaeo
ปราจีนบุรี,Prachin Buri,ประจันตคาม,Prachantakham,โพธิ์งาม,Pho Ngam
ปราจีนบุรี,Prachin Buri,ศรีมหาโพธิ,Si Maha Phot,ศรีมหาโพธิ,Si Maha Phot
ปราจีนบุรี,Prachin Buri,ศรีมหาโพธิ,Si Maha Phot,สัมพันธ์,Samphan
ปราจีนบุรี,Prachin Buri,ศรีมหาโพธิ,Si Maha Phot,บ้านทาม,Ban Tham
ปราจีนบุรี,Prachin Buri,ศรีมหาโพธิ,Si Maha Phot,ท่าตูม,Tha Tum
ปราจีนบุรี,Prachin Buri,ศรีมหาโพธิ,Si Maha Phot,บางกุ้ง,Bang Kung
ปราจีนบุรี,Prachin Buri,ศรีมหาโพธิ,Si Maha Phot,ดงกระทงยาม,Dong Krathong Yam
ปราจีนบุรี,Prachin Buri,ศรีมหาโพธิ,Si Maha Phot,หนองโพรง,Nong Phrong
ปราจีนบุรี,Prachin Buri,ศรีมหาโพธิ,Si Maha Phot,หัวหว้า,Hua Wa
ปราจีนบุรี,Prachin Buri,ศรีมหาโพธิ,Si Maha Phot,หาดยาง,Hat Yang
ปราจีนบุรี,Prachin Buri,ศรีมหาโพธิ,Si Maha Phot,กรอกสมบูรณ์,Krok Sombun
ปราจีนบุรี,Prachin Buri,ศรีมโหสถ,Si Mahosot,โคกปีบ,Khok Pip
ปราจีนบุรี,Prachin Buri,ศรีมโหสถ,Si Mahosot,โคกไทย,Khok Thai
ปราจีนบุรี,Prachin Buri,ศรีมโหสถ,Si Mahosot,คู้ลำพัน,Khu Lam Phan
ปราจีนบุรี,Prachin Buri,ศรีมโหสถ,Si Mahosot,ไผ่ชะเลือด,Phai Cha Lueat
นครนายก,Nakhon Nayok,เมืองนครนายก,Mueang Nakhon Nayok,นครนายก,Nakhon Nayok
นครนายก,Nakhon Nayok,เมืองนครนายก,Mueang Nakhon Nayok,ท่าช้าง,Tha Chang
นครนายก,Nakhon Nayok,เมืองนครนายก,Mueang Nakhon Nayok,บ้านใหญ่,Ban Yai
นครนายก,Nakhon Nayok,เมืองนครนายก,Mueang Nakhon Nayok,วังกระโจม,Wang Krachom
นครนายก,Nakhon Nayok,เมืองนครนายก,Mueang Nakhon Nayok,ท่าทราย,Tha Sai
นครนายก,Nakhon Nayok,เมืองนครนายก,Mueang Nakhon Nayok,ดอนยอ,Don Yo
นครนายก,Nakhon Nayok,เมืองนครนายก,Mueang Nakhon Nayok,ศรีจุฬา,Si Chula
นครนายก,Nakhon Nayok,เมืองนครนายก,Mueang Nakhon Nayok,ดงละคร,Dong Lakhon
นครนายก,Nakhon Nayok,เมืองนครนายก,Mueang Nakhon Nayok,ศรีนาวา,Si Nawa
นครนายก,Nakhon Nayok,เมืองนครนายก,Mueang Nakhon Nayok,สาริกา,Sarika
นครนายก,Nakhon Nayok,เมืองนครนายก,Mueang Nakhon Nayok,หินตั้ง,Hin Tang
นครนายก,Nakhon Nayok,เมืองนครนายก,Mueang Nakhon Nayok,เขาพระ,Khao Phra
นครนายก,Nakhon Nayok,เมืองนครนายก,Mueang Nakhon Nayok,พรหมณี,Phrommani
นครนายก,Nakhon Nayok,ปากพลี,Pak Phli,เกาะหวาย,Ko Wai
นครนายก,Nakhon Nayok,ปากพลี,Pak Phli,เกาะโพธิ์,Ko Pho
นครนายก,Nakhon Nayok,ปากพลี,Pak Phli,ปากพลี,Pak Phli
นครนายก,Nakhon Nayok,ปากพลี,Pak Phli,โคกกรวด,Khok Kruat
นครนายก,Nakhon Nayok,ปากพลี,Pak Phli,ท่าเรือ,Tha Ruea
นครนายก,Nakhon Nayok,ปากพลี,Pak Phli,หนองแสง,Nong Saeng
นครนายก,Nakhon Nayok,ปากพลี,Pak Phli,นาหินลาด,Na Hin Lat
นครนายก,Nakhon Nayok,บ้านนา,Ban Na,บ้านนา,Ban Na
นครนายก,Nakhon Nayok,บ้านนา,Ban Na,บ้านพร้าว,Ban Phrao
นครนายก,Nakhon Nayok,บ้านนา,Ban Na,บ้านพริก,Ban Phrik
นครนายก,Nakhon Nayok,บ้านนา,Ban Na,อาษา,Asa
นครนายก,Nakhon Nayok,บ้านนา,Ban Na,ทองหลาง,Thonglang
นครนายก,Nakhon Nayok,บ้านนา,Ban Na,บางอ้อ,Bang O
นครนายก,Nakhon Nayok,บ้านนา,Ban Na,พิกุลออก,Phikun Ok
นครนายก,Nakhon Nayok,บ้านนา,Ban Na,ป่าขะ,Pa Kha
นครนายก,Nakhon Nayok,บ้านนา,Ban Na,เขาเพิ่ม,Khao Phoem
นครนายก,Nakhon Nayok,บ้านนา,Ban Na,ศรีกะอาง,Si Ka-ang
นครนายก,Nakhon Nayok,องครักษ์,Ongkharak,พระอาจารย์,Phra Achan
นครนายก,Nakhon Nayok,องครักษ์,Ongkharak,บึงศาล,Bueng San
นครนายก,Nakhon Nayok,องครักษ์,Ongkharak,ศีรษะกระบือ,Sisa Krabue
นครนายก,Nakhon Nayok,องครักษ์,Ongkharak,โพธิ์แทน,Pho Thaen
นครนายก,Nakhon Nayok,องครักษ์,Ongkharak,บางสมบูรณ์,Bang Sombun
นครนายก,Nakhon Nayok,องครักษ์,Ongkharak,ทรายมูล,Sai Mun
นครนายก,Nakhon Nayok,องครักษ์,Ongkharak,บางปลากด,Bang Pla Kot
นครนายก,Nakhon Nayok,องครักษ์,Ongkharak,บางลูกเสือ,Bang Luk Suea
นครนายก,Nakhon Nayok,องครักษ์,Ongkharak,องครักษ์,Ongkharak
นครนายก,Nakhon Nayok,องครักษ์,Ongkharak,ชุมพล,Chumphon
นครนายก,Nakhon Nayok,องครักษ์,Ongkharak,คลองใหญ่,Khlong Yai
สระแก้ว,Sa Kaeo,เมืองสระแก้ว,Mueang Sa Kaeo,สระแก้ว,Sa Kaeo
สระแก้ว,Sa Kaeo,เมืองสระแก้ว,Mueang Sa Kaeo,บ้านแก้ง,Ban Kaeng
สระแก้ว,Sa Kaeo,เมืองสระแก้ว,Mueang Sa Kaeo,ศาลาลำดวน,Sala Lamduan
สระแก้ว,Sa Kaeo,เมืองสระแก้ว,Mueang Sa Kaeo,โคกปี่ฆ้อง,Khok Pi Khong
สระแก้ว,Sa Kaeo,เมืองสระแก้ว,Mueang Sa Kaeo,ท่าแยก,Tha Yaek
สระแก้ว,Sa Kaeo,เมืองสระแก้ว,Mueang Sa Kaeo,ท่าเกษม,Tha Kasem
สระแก้ว,Sa Kaeo,เมืองสระแก้ว,Mueang Sa Kaeo,สระขวัญ,Sa Khwan
สระแก้ว,Sa Kaeo,เมืองสระแก้ว,Mueang Sa Kaeo,หนองบอน,Nong Bon
สระแก้ว,Sa Kaeo,คลองหาด,Khlong Hat,คลองหาด,Khlong Hat
สระแก้ว,Sa Kaeo,คลองหาด,Khlong Hat,ไทยอุดม,Thai Udom
สระแก้ว,Sa Kaeo,คลองหาด,Khlong Hat,ซับมะกรูด,Sap Makrut
สระแก้ว,Sa Kaeo,คลองหาด,Khlong Hat,ไทรเดี่ยว,Sai Diao
สระแก้ว,Sa Kaeo,คลองหาด,Khlong Hat,คลองไก่เถื่อน,Khlong Kai Thuean
สระแก้ว,Sa Kaeo,คลองหาด,Khlong Hat,เบญจขร,Benchakhon
สระแก้ว,Sa Kaeo,คลองหาด,Khlong Hat,ไทรทอง,Sai Thong
สระแก้ว,Sa Kaeo,ตาพระยา,Ta Phraya,ตาพระยา,Ta Phraya
สระแก้ว,Sa Kaeo,ตาพระยา,Ta Phraya,ทัพเสด็จ,Thap Sadet
สระแก้ว,Sa Kaeo,ตาพระยา,Ta Phraya,ทัพราช,Thap Rat
สระแก้ว,Sa Kaeo,ตาพระยา,Ta Phraya,ทัพไทย,Thap Thai
สระแก้ว,Sa Kaeo,ตาพระยา,Ta Phraya,โคคลาน,Kho Khlan
สระแก้ว,Sa Kaeo,วังน้ำเย็น,Wang Nam Yen,วังน้ำเย็น,Wang Nam Yen
สระแก้ว,Sa Kaeo,วังน้ำเย็น,Wang Nam Yen,ตาหลังใน,Ta Lang Nai
สระแก้ว,Sa Kaeo,วังน้ำเย็น,Wang Nam Yen,คลองหินปูน,Khlong Hin Pun
สระแก้ว,Sa Kaeo,วังน้ำเย็น,Wang Nam Yen,ทุ่งมหาเจริญ,Thung Maha Charoen
สระแก้ว,Sa Kaeo,วัฒนานคร,Watthana Nakhon,วัฒนานคร,Watthana Nakhon
สระแก้ว,Sa Kaeo,วัฒนานคร,Watthana Nakhon,ท่าเกวียน,Tha Kwian
สระแก้ว,Sa Kaeo,วัฒนานคร,Watthana Nakhon,ผักขะ,Phak Kha
สระแก้ว,Sa Kaeo,วัฒนานคร,Watthana Nakhon,โนนหมากเค็ง,Non Mak Kheng
สระแก้ว,Sa Kaeo,วัฒนานคร,Watthana Nakhon,หนองน้ำใส,Nong Nam Sai
สระแก้ว,Sa Kaeo,วัฒนานคร,Watthana Nakhon,ช่องกุ่ม,Chong Kum
สระแก้ว,Sa Kaeo,วัฒนานคร,Watthana Nakhon,หนองแวง,Nong Waeng
สระแก้ว,Sa Kaeo,วัฒนานคร,Watthana Nakhon,แซร์ออ,Sae-o
สระแก้ว,Sa Kaeo,วัฒนานคร,Watthana Nakhon,หนองหมากฝ้าย,Nong Mak Fai
สระแก้ว,Sa Kaeo,วัฒนานคร,Watthana Nakhon,หนองตะเคียนบอน,Nong Takhian Bon
สระแก้ว,Sa Kaeo,วัฒนานคร,Watthana Nakhon,ห้วยโจด,Huai Chot
สระแก้ว,Sa Kaeo,อรัญประเทศ,Aranyaprathet,อรัญประเทศ,Aranprathet
สระแก้ว,Sa Kaeo,อรัญประเทศ,Aranyaprathet,เมืองไผ่,Mueang Phai
สระแก้ว,Sa Kaeo,อรัญประเทศ,Aranyaprathet,หันทราย,Han Sai
สระแก้ว,Sa Kaeo,อรัญประเทศ,Aranyaprathet,คลองน้ำใส,Khlong Nam Sai
สระแก้ว,Sa Kaeo,อรัญประเทศ,Aranyaprathet,ท่าข้าม,Tha Kham
สระแก้ว,Sa Kaeo,อรัญประเทศ,Aranyaprathet,ป่าไร่,Pa Rai
สระแก้ว,Sa Kaeo,อรัญประเทศ,Aranyaprathet,ทับพริก,Thap Phrik
สระแก้ว,Sa Kaeo,อรัญประเทศ,Aranyaprathet,บ้านใหม่หนองไทร,Ban Mai Nong Sai
สระแก้ว,Sa Kaeo,อรัญประเทศ,Aranyaprathet,ผ่านศึก,Phan Suek
สระแก้ว,Sa Kaeo,อรัญประเทศ,Aranyaprathet,หนองสังข์,Nong Sang
สระแก้ว,Sa Kaeo,อรัญประเทศ,Aranyaprathet,คลองทับจันทร์,Khlong Thap Chan
สระแก้ว,Sa Kaeo,อรัญประเทศ,Aranyaprathet,ฟากห้วย,Fak Huai
สระแก้ว,Sa Kaeo,อรัญประเทศ,Aranyaprathet,บ้านด่าน,Ban Dan
สระแก้ว,Sa Kaeo,เขาฉกรรจ์,Khao Chakan,เขาฉกรรจ์,Khao Chakan
สระแก้ว,Sa Kaeo,เขาฉกรรจ์,Khao Chakan,หนองหว้า,Nong Wa
สระแก้ว,Sa Kaeo,เขาฉกรรจ์,Khao Chakan,พระเพลิง,Phra Phloeng
สระแก้ว,Sa Kaeo,เขาฉกรรจ์,Khao Chakan,เขาสามสิบ,Khao Sam Sip
สระแก้ว,Sa Kaeo,โคกสูง,Khok Sung,โคกสูง,Khok Sung
สระแก้ว,Sa Kaeo,โคกสูง,Khok Sung,หนองม่วง,Nong Muang
สระแก้ว,Sa Kaeo,โคกสูง,Khok Sung,หนองแวง,Nong Waeng
สระแก้ว,Sa Kaeo,โคกสูง,Khok Sung,โนนหมากมุ่น,Non Mak Mun
สระแก้ว,Sa Kaeo,วังสมบูรณ์,Wang Sombun,วังสมบูรณ์,Wang Sombun
สระแก้ว,Sa Kaeo,วังสมบูรณ์,Wang Sombun,วังใหม่,Wang Mai
สระแก้ว,Sa Kaeo,วังสมบูรณ์,Wang Sombun,วังทอง,Wang Thong
นครราชสีมา,Nakhon Ratchasima,เมืองนครราชสีมา,Mueang Nakhon Ratchasima,ในเมือง,Nai Mueang
นครราชสีมา,Nakhon Ratchasima,เมืองนครราชสีมา,Mueang Nakhon Ratchasima,โพธิ์กลาง,Pho Klang
นครราชสีมา,Nakhon Ratchasima,เมืองนครราชสีมา,Mueang Nakhon Ratchasima,หนองจะบก,Nong Chabok
นครราชสีมา,Nakhon Ratchasima,เมืองนครราชสีมา,Mueang Nakhon Ratchasima,โคกสูง,Khok Sung
นครราชสีมา,Nakhon Ratchasima,เมืองนครราชสีมา,Mueang Nakhon Ratchasima,มะเริง,Maroeng
นครราชสีมา,Nakhon Ratchasima,เมืองนครราชสีมา,Mueang Nakhon Ratchasima,หนองระเวียง,Nong Rawiang
นครราชสีมา,Nakhon Ratchasima,เมืองนครราชสีมา,Mueang Nakhon Ratchasima,ปรุใหญ่,Pru Yai
นครราชสีมา,Nakhon Ratchasima,เมืองนครราชสีมา,Mueang Nakhon Ratchasima,หมื่นไวย,Muen Wai
นครราชสีมา,Nakhon Ratchasima,เมืองนครราชสีมา,Mueang Nakhon Ratchasima,พลกรัง,Phon Krang
นครราชสีมา,Nakhon Ratchasima,เมืองนครราชสีมา,Mueang Nakhon Ratchasima,หนองไผ่ล้อม,Nong Phai Lom
นครราชสีมา,Nakhon Ratchasima,เมืองนครราชสีมา,Mueang Nakhon Ratchasima,หัวทะเล,Hua Thale
นครราชสีมา,Nakhon Ratchasima,เมืองนครราชสีมา,Mueang Nakhon Ratchasima,บ้านเกาะ,Ban Ko
นครราชสีมา,Nakhon Ratchasima,เมืองนครราชสีมา,Mueang Nakhon Ratchasima,บ้านใหม่,Ban Mai
นครราชสีมา,Nakhon Ratchasima,เมืองนครราชสีมา,Mueang Nakhon Ratchasima,พุดซา,Phutsa
นครราชสีมา,Nakhon Ratchasima,เมืองนครราชสีมา,Mueang Nakhon Ratchasima,บ้านโพธิ์,Ban Pho
นครราชสีมา,Nakhon Ratchasima,เมืองนครราชสีมา,Mueang Nakhon Ratchasima,จอหอ,Cho Ho
นครราชสีมา,Nakhon Ratchasima,เมืองนครราชสีมา,Mueang Nakhon Ratchasima,โคกกรวด,Khok Kruat
นครราชสีมา,Nakhon Ratchasima,เมืองนครราชสีมา,Mueang Nakhon Ratchasima,ไชยมงคล,Chai Mongkhon
นครราชสีมา,Nakhon Ratchasima,เมืองนครราชสีมา,Mueang Nakhon Ratchasima,หนองบัวศาลา,Nong Bua Sala
นครราชสีมา,Nakhon Ratchasima,เมืองนครราชสีมา,Mueang Nakhon Ratchasima,สุรนารี,Suranari
นครราชสีมา,Nakhon Ratchasima,เมืองนครราชสีมา,Mueang Nakhon Ratchasima,สีมุม,Si Mum
นครราชสีมา,Nakhon Ratchasima,เมืองนครราชสีมา,Mueang Nakhon Ratchasima,ตลาด,Talat
นครราชสีมา,Nakhon Ratchasima,เมืองนครราชสีมา,Mueang Nakhon Ratchasima,พะเนา,Phanao
นครราชสีมา,Nakhon Ratchasima,เมืองนครราชสีมา,Mueang Nakhon Ratchasima,หนองกระทุ่ม,Nong Krathum
นครราชสีมา,Nakhon Ratchasima,เมืองนครราชสีมา,Mueang Nakhon Ratchasima,หนองไข่น้ำ,Nong Khai Nam
นครราชสีมา,Nakhon Ratchasima,ครบุรี,Khon Buri,แชะ,Chae
นครราชสีมา,Nakhon Ratchasima,ครบุรี,Khon Buri,เฉลียง,Chaliang
นครราชสีมา,Nakhon Ratchasima,ครบุรี,Khon Buri,ครบุรี,Khon Buri
นครราชสีมา,Nakhon Ratchasima,ครบุรี,Khon Buri,โคกกระชาย,Khok Krachai
นครราชสีมา,Nakhon Ratchasima,ครบุรี,Khon Buri,จระเข้หิน,Chorakhe Hin
นครราชสีมา,Nakhon Ratchasima,ครบุรี,Khon Buri,มาบตะโกเอน,Map Tako En
นครราชสีมา,Nakhon Ratchasima,ครบุรี,Khon Buri,อรพิมพ์,Oraphim
นครราชสีมา,Nakhon Ratchasima,ครบุรี,Khon Buri,บ้านใหม่,Ban Mai
นครราชสีมา,Nakhon Ratchasima,ครบุรี,Khon Buri,ลำเพียก,Lam Phiak
นครราชสีมา,Nakhon Ratchasima,ครบุรี,Khon Buri,ครบุรีใต้,Khon Buri Tai
นครราชสีมา,Nakhon Ratchasima,ครบุรี,Khon Buri,ตะแบกบาน,Tabaek Ban
นครราชสีมา,Nakhon Ratchasima,ครบุรี,Khon Buri,สระว่านพระยา,Sa Wan Phraya
นครราชสีมา,Nakhon Ratchasima,เสิงสาง,Soeng Sang,เสิงสาง,Soeng Sang
นครราชสีมา,Nakhon Ratchasima,เสิงสาง,Soeng Sang,สระตะเคียน,Sa Takhian
นครราชสีมา,Nakhon Ratchasima,เสิงสาง,Soeng Sang,โนนสมบูรณ์,Non Sombun
นครราชสีมา,Nakhon Ratchasima,เสิงสาง,Soeng Sang,กุดโบสถ์,Kut Bot
นครราชสีมา,Nakhon Ratchasima,เสิงสาง,Soeng Sang,สุขไพบูลย์,Suk Phaibun
นครราชสีมา,Nakhon Ratchasima,เสิงสาง,Soeng Sang,บ้านราษฎร์,Ban Rat
นครราชสีมา,Nakhon Ratchasima,คง,Khong,เมืองคง,Mueang Khong
นครราชสีมา,Nakhon Ratchasima,คง,Khong,คูขาด,Khu Khat
นครราชสีมา,Nakhon Ratchasima,คง,Khong,เทพาลัย,Thephalai
นครราชสีมา,Nakhon Ratchasima,คง,Khong,ตาจั่น,Ta Chan
นครราชสีมา,Nakhon Ratchasima,คง,Khong,บ้านปรางค์,Ban Prang
นครราชสีมา,Nakhon Ratchasima,คง,Khong,หนองมะนาว,Nong Manao
นครราชสีมา,Nakhon Ratchasima,คง,Khong,หนองบัว,Nong Bua
นครราชสีมา,Nakhon Ratchasima,คง,Khong,โนนเต็ง,Non Teng
นครราชสีมา,Nakhon Ratchasima,คง,Khong,ดอนใหญ่,Don Yai
นครราชสีมา,Nakhon Ratchasima,คง,Khong,ขามสมบูรณ์,Kham Sombun
นครราชสีมา,Nakhon Ratchasima,บ้านเหลื่อม,Ban Lueam,บ้านเหลื่อม,Ban Lueam
นครราชสีมา,Nakhon Ratchasima,บ้านเหลื่อม,Ban Lueam,วังโพธิ์,Wang Pho
นครราชสีมา,Nakhon Ratchasima,บ้านเหลื่อม,Ban Lueam,โคกกระเบื้อง,Khok Krabueang
นครราชสีมา,Nakhon Ratchasima,บ้านเหลื่อม,Ban Lueam,ช่อระกา,Cho Raka
นครราชสีมา,Nakhon Ratchasima,จักราช,Chakkarat,จักราช,Chakkarat
นครราชสีมา,Nakhon Ratchasima,จักราช,Chakkarat,ท่าช้าง,Tha Chang
นครราชสีมา,Nakhon Ratchasima,จักราช,Chakkarat,ทองหลาง,Thonglang
นครราชสีมา,Nakhon Ratchasima,จักราช,Chakkarat,สีสุก,Si Suk
นครราชสีมา,Nakhon Ratchasima,จักราช,Chakkarat,หนองขาม,Nong Kham
นครราชสีมา,Nakhon Ratchasima,จักราช,Chakkarat,หนองงูเหลือม,Nong Ngu Luam
นครราชสีมา,Nakhon Ratchasima,จักราช,Chakkarat,หนองพลวง,Nong Phluang
นครราชสีมา,Nakhon Ratchasima,จักราช,Chakkarat,หนองยาง,Nong Yang
นครราชสีมา,Nakhon Ratchasima,จักราช,Chakkarat,พระพุทธ,Phra Phut
นครราชสีมา,Nakhon Ratchasima,จักราช,Chakkarat,ศรีละกอ,Si Lako
นครราชสีมา,Nakhon Ratchasima,จักราช,Chakkarat,คลองเมือง,Khlong Mueang
นครราชสีมา,Nakhon Ratchasima,จักราช,Chakkarat,ช้างทอง,Chang Thong
นครราชสีมา,Nakhon Ratchasima,จักราช,Chakkarat,หินโคน,Hin Khon
นครราชสีมา,Nakhon Ratchasima,โชคชัย,Chok Chai,กระโทก,Krathok
นครราชสีมา,Nakhon Ratchasima,โชคชัย,Chok Chai,พลับพลา,Phlapphla
นครราชสีมา,Nakhon Ratchasima,โชคชัย,Chok Chai,ท่าอ่าง,Tha Ang
นครราชสีมา,Nakhon Ratchasima,โชคชัย,Chok Chai,ทุ่งอรุณ,Thung Arun
นครราชสีมา,Nakhon Ratchasima,โชคชัย,Chok Chai,ท่าลาดขาว,Tha Lat Khao
นครราชสีมา,Nakhon Ratchasima,โชคชัย,Chok Chai,ท่าจะหลุง,Tha Chalung
นครราชสีมา,Nakhon Ratchasima,โชคชัย,Chok Chai,ท่าเยี่ยม,Tha Yiam
นครราชสีมา,Nakhon Ratchasima,โชคชัย,Chok Chai,โชคชัย,Chok Chai
นครราชสีมา,Nakhon Ratchasima,โชคชัย,Chok Chai,ละลมใหม่พัฒนา,Lalom Mai Phatthana
นครราชสีมา,Nakhon Ratchasima,โชคชัย,Chok Chai,ด่านเกวียน,Dan Kwian
นครราชสีมา,Nakhon Ratchasima,ด่านขุนทด,Dan Khun Thot,กุดพิมาน,Kut Phiman
นครราชสีมา,Nakhon Ratchasima,ด่านขุนทด,Dan Khun Thot,ด่านขุนทด,Dan Khun Thot
นครราชสีมา,Nakhon Ratchasima,ด่านขุนทด,Dan Khun Thot,ด่านนอก,Dan Nok
นครราชสีมา,Nakhon Ratchasima,ด่านขุนทด,Dan Khun Thot,ด่านใน,Dan Nai
นครราชสีมา,Nakhon Ratchasima,ด่านขุนทด,Dan Khun Thot,ตะเคียน,Takhian
นครราชสีมา,Nakhon Ratchasima,ด่านขุนทด,Dan Khun Thot,บ้านเก่า,Ban Kao
นครราชสีมา,Nakhon Ratchasima,ด่านขุนทด,Dan Khun Thot,บ้านแปรง,Ban Praeng
นครราชสีมา,Nakhon Ratchasima,ด่านขุนทด,Dan Khun Thot,พันชนะ,Phan Chana
นครราชสีมา,Nakhon Ratchasima,ด่านขุนทด,Dan Khun Thot,สระจรเข้,Sa Chorakhe
นครราชสีมา,Nakhon Ratchasima,ด่านขุนทด,Dan Khun Thot,หนองกราด,Nong Krat
นครราชสีมา,Nakhon Ratchasima,ด่านขุนทด,Dan Khun Thot,หนองบัวตะเกียด,Nong Bua Takiat
นครราชสีมา,Nakhon Ratchasima,ด่านขุนทด,Dan Khun Thot,หนองบัวละคร,Nong Bua Lakhon
นครราชสีมา,Nakhon Ratchasima,ด่านขุนทด,Dan Khun Thot,หินดาด,Hin Dat
นครราชสีมา,Nakhon Ratchasima,ด่านขุนทด,Dan Khun Thot,ห้วยบง,Huai Bong
นครราชสีมา,Nakhon Ratchasima,ด่านขุนทด,Dan Khun Thot,โนนเมืองพัฒนา,Non Mueang Phatthana
นครราชสีมา,Nakhon Ratchasima,ด่านขุนทด,Dan Khun Thot,หนองไทร,Nong Sai
นครราชสีมา,Nakhon Ratchasima,โนนไทย,Non Thai,โนนไทย,Non Thai
นครราชสีมา,Nakhon Ratchasima,โนนไทย,Non Thai,ด่านจาก,Dan Chak
นครราชสีมา,Nakhon Ratchasima,โนนไทย,Non Thai,กำปัง,Kampang
นครราชสีมา,Nakhon Ratchasima,โนนไทย,Non Thai,สำโรง,Samrong
นครราชสีมา,Nakhon Ratchasima,โนนไทย,Non Thai,ค้างพลู,Khang Phlu
นครราชสีมา,Nakhon Ratchasima,โนนไทย,Non Thai,บ้านวัง,Ban Wang
นครราชสีมา,Nakhon Ratchasima,โนนไทย,Non Thai,บัลลังก์,Banlang
นครราชสีมา,Nakhon Ratchasima,โนนไทย,Non Thai,สายออ,Sai O
นครราชสีมา,Nakhon Ratchasima,โนนไทย,Non Thai,ถนนโพธิ์,Thanon Pho
นครราชสีมา,Nakhon Ratchasima,โนนไทย,Non Thai,พังเทียม,Phung Theam
นครราชสีมา,Nakhon Ratchasima,โนนไทย,Non Thai,สระพระ,Sra Pra
นครราชสีมา,Nakhon Ratchasima,โนนไทย,Non Thai,ทัพรั้ง,Tup Rang
นครราชสีมา,Nakhon Ratchasima,โนนไทย,Non Thai,หนองหอย,Nong Hoi
นครราชสีมา,Nakhon Ratchasima,โนนไทย,Non Thai,มะค่า,Makha
นครราชสีมา,Nakhon Ratchasima,โนนไทย,Non Thai,มาบกราด,Mab Krad
นครราชสีมา,Nakhon Ratchasima,โนนสูง,Non Sung,โนนสูง,Non Sung
นครราชสีมา,Nakhon Ratchasima,โนนสูง,Non Sung,ใหม่,Mai
นครราชสีมา,Nakhon Ratchasima,โนนสูง,Non Sung,โตนด,Tanot
นครราชสีมา,Nakhon Ratchasima,โนนสูง,Non Sung,บิง,Bing
นครราชสีมา,Nakhon Ratchasima,โนนสูง,Non Sung,ดอนชมพู,Don Chomphu
นครราชสีมา,Nakhon Ratchasima,โนนสูง,Non Sung,ธารปราสาท,Than Prasat
นครราชสีมา,Nakhon Ratchasima,โนนสูง,Non Sung,หลุมข้าว,Lum Khao
นครราชสีมา,Nakhon Ratchasima,โนนสูง,Non Sung,มะค่า,Makha
นครราชสีมา,Nakhon Ratchasima,โนนสูง,Non Sung,พลสงคราม,Phon Songkhram
นครราชสีมา,Nakhon Ratchasima,โนนสูง,Non Sung,จันอัด,Chan-at
นครราชสีมา,Nakhon Ratchasima,โนนสูง,Non Sung,ขามเฒ่า,Kham Thao
นครราชสีมา,Nakhon Ratchasima,โนนสูง,Non Sung,ด่านคล้า,Dan Khla
นครราชสีมา,Nakhon Ratchasima,โนนสูง,Non Sung,ลำคอหงษ์,Lam Kho Hong
นครราชสีมา,Nakhon Ratchasima,โนนสูง,Non Sung,เมืองปราสาท,Mueang Prasat
นครราชสีมา,Nakhon Ratchasima,โนนสูง,Non Sung,ดอนหวาย,Don Wai
นครราชสีมา,Nakhon Ratchasima,โนนสูง,Non Sung,ลำมูล,Lam Mun
นครราชสีมา,Nakhon Ratchasima,ขามสะแกแสง,Kham Sakaesaeng,ขามสะแกแสง,Kham Sakaesaeng
นครราชสีมา,Nakhon Ratchasima,ขามสะแกแสง,Kham Sakaesaeng,โนนเมือง,Non Mueang
นครราชสีมา,Nakhon Ratchasima,ขามสะแกแสง,Kham Sakaesaeng,เมืองนาท,Mueang Nat
นครราชสีมา,Nakhon Ratchasima,ขามสะแกแสง,Kham Sakaesaeng,ชีวึก,Chiwuek
นครราชสีมา,Nakhon Ratchasima,ขามสะแกแสง,Kham Sakaesaeng,พะงาด,Pha-ngat
นครราชสีมา,Nakhon Ratchasima,ขามสะแกแสง,Kham Sakaesaeng,หนองหัวฟาน,Nong Hua Fan
นครราชสีมา,Nakhon Ratchasima,ขามสะแกแสง,Kham Sakaesaeng,เมืองเกษตร,Mueang Kaset
นครราชสีมา,Nakhon Ratchasima,บัวใหญ่,Bua Yai,บัวใหญ่,Bua Yai
นครราชสีมา,Nakhon Ratchasima,บัวใหญ่,Bua Yai,ห้วยยาง,Huai Yang
นครราชสีมา,Nakhon Ratchasima,บัวใหญ่,Bua Yai,เสมาใหญ่,Sema Yai
นครราชสีมา,Nakhon Ratchasima,บัวใหญ่,Bua Yai,ดอนตะหนิน,Don Tanin
นครราชสีมา,Nakhon Ratchasima,บัวใหญ่,Bua Yai,หนองบัวสะอาด,Nong Bua Sa-at
นครราชสีมา,Nakhon Ratchasima,บัวใหญ่,Bua Yai,โนนทองหลาง,Non Thonglang
นครราชสีมา,Nakhon Ratchasima,บัวใหญ่,Bua Yai,หนองหว้า,Nong Wha
นครราชสีมา,Nakhon Ratchasima,บัวใหญ่,Bua Yai,บัวลาย,Bua Lai
นครราชสีมา,Nakhon Ratchasima,บัวใหญ่,Bua Yai,สีดา,Sri Da
นครราชสีมา,Nakhon Ratchasima,บัวใหญ่,Bua Yai,โพนทอง,Pon Thong
นครราชสีมา,Nakhon Ratchasima,บัวใหญ่,Bua Yai,กุดจอก,Kut Chok
นครราชสีมา,Nakhon Ratchasima,บัวใหญ่,Bua Yai,ด่านช้าง,Dan Chang
นครราชสีมา,Nakhon Ratchasima,บัวใหญ่,Bua Yai,โนนจาน,Non Jan
นครราชสีมา,Nakhon Ratchasima,บัวใหญ่,Bua Yai,สามเมือง,Sam Muang
นครราชสีมา,Nakhon Ratchasima,บัวใหญ่,Bua Yai,ขุนทอง,Khun Thong
นครราชสีมา,Nakhon Ratchasima,บัวใหญ่,Bua Yai,หนองตาดใหญ่,Nong Tad Yai
นครราชสีมา,Nakhon Ratchasima,บัวใหญ่,Bua Yai,เมืองพะไล,Mueang Pa Lai
นครราชสีมา,Nakhon Ratchasima,บัวใหญ่,Bua Yai,โนนประดู่,Non Pradoo
นครราชสีมา,Nakhon Ratchasima,บัวใหญ่,Bua Yai,หนองแจ้งใหญ่,Nong Chaeng Yai
นครราชสีมา,Nakhon Ratchasima,ประทาย,Prathai,ประทาย,Prathai
นครราชสีมา,Nakhon Ratchasima,ประทาย,Prathai,กระทุ่มราย,Krathum Rai
นครราชสีมา,Nakhon Ratchasima,ประทาย,Prathai,วังไม้แดง,Wang Mai Daeng
นครราชสีมา,Nakhon Ratchasima,ประทาย,Prathai,ตลาดไทร,Talat Sai
นครราชสีมา,Nakhon Ratchasima,ประทาย,Prathai,หนองพลวง,Nong Phluang
นครราชสีมา,Nakhon Ratchasima,ประทาย,Prathai,หนองค่าย,Nong Khai
นครราชสีมา,Nakhon Ratchasima,ประทาย,Prathai,หันห้วยทราย,Han Huai Sai
นครราชสีมา,Nakhon Ratchasima,ประทาย,Prathai,ดอนมัน,Don Man
นครราชสีมา,Nakhon Ratchasima,ประทาย,Prathai,นางรำ,Nang Ram
นครราชสีมา,Nakhon Ratchasima,ประทาย,Prathai,โนนเพ็ด,Non Phet
นครราชสีมา,Nakhon Ratchasima,ประทาย,Prathai,ทุ่งสว่าง,Thung Sawang
นครราชสีมา,Nakhon Ratchasima,ประทาย,Prathai,โคกกลาง,Khok Klang
นครราชสีมา,Nakhon Ratchasima,ประทาย,Prathai,เมืองโดน,Mueang Don
นครราชสีมา,Nakhon Ratchasima,ปักธงชัย,Pak Thong Chai,เมืองปัก,Mueang Pak
นครราชสีมา,Nakhon Ratchasima,ปักธงชัย,Pak Thong Chai,ตะคุ,Takhu
นครราชสีมา,Nakhon Ratchasima,ปักธงชัย,Pak Thong Chai,โคกไทย,Khok Thai
นครราชสีมา,Nakhon Ratchasima,ปักธงชัย,Pak Thong Chai,สำโรง,Samrong
นครราชสีมา,Nakhon Ratchasima,ปักธงชัย,Pak Thong Chai,ตะขบ,Takhop
นครราชสีมา,Nakhon Ratchasima,ปักธงชัย,Pak Thong Chai,นกออก,Nok Ok
นครราชสีมา,Nakhon Ratchasima,ปักธงชัย,Pak Thong Chai,ดอน,Don
นครราชสีมา,Nakhon Ratchasima,ปักธงชัย,Pak Thong Chai,ตูม,Tum
นครราชสีมา,Nakhon Ratchasima,ปักธงชัย,Pak Thong Chai,งิ้ว,Ngio
นครราชสีมา,Nakhon Ratchasima,ปักธงชัย,Pak Thong Chai,สะแกราช,Sakae Rat
นครราชสีมา,Nakhon Ratchasima,ปักธงชัย,Pak Thong Chai,ลำนางแก้ว,Lam Nang Kaeo
นครราชสีมา,Nakhon Ratchasima,ปักธงชัย,Pak Thong Chai,ภูหลวง,Phu Luang
นครราชสีมา,Nakhon Ratchasima,ปักธงชัย,Pak Thong Chai,ธงชัยเหนือ,Thong Chai Nuea
นครราชสีมา,Nakhon Ratchasima,ปักธงชัย,Pak Thong Chai,สุขเกษม,Suk Kasem
นครราชสีมา,Nakhon Ratchasima,ปักธงชัย,Pak Thong Chai,เกษมทรัพย์,Kasem Sap
นครราชสีมา,Nakhon Ratchasima,ปักธงชัย,Pak Thong Chai,บ่อปลาทอง,Bo Pla Thong
นครราชสีมา,Nakhon Ratchasima,พิมาย,Phimai,ในเมือง,Nai Mueang
นครราชสีมา,Nakhon Ratchasima,พิมาย,Phimai,สัมฤทธิ์,Samrit
นครราชสีมา,Nakhon Ratchasima,พิมาย,Phimai,โบสถ์,Bot
นครราชสีมา,Nakhon Ratchasima,พิมาย,Phimai,กระเบื้องใหญ่,Krabueang Yai
นครราชสีมา,Nakhon Ratchasima,พิมาย,Phimai,ท่าหลวง,Tha Luang
นครราชสีมา,Nakhon Ratchasima,พิมาย,Phimai,รังกาใหญ่,Rang Ka Yai
นครราชสีมา,Nakhon Ratchasima,พิมาย,Phimai,ชีวาน,Chiwan
นครราชสีมา,Nakhon Ratchasima,พิมาย,Phimai,นิคมสร้างตนเอง,Nikhom Sang Ton-eng
นครราชสีมา,Nakhon Ratchasima,พิมาย,Phimai,กระชอน,Krachon
นครราชสีมา,Nakhon Ratchasima,พิมาย,Phimai,ดงใหญ่,Dong Yai
นครราชสีมา,Nakhon Ratchasima,พิมาย,Phimai,ธารละหลอด,Than Lalot
นครราชสีมา,Nakhon Ratchasima,พิมาย,Phimai,หนองระเวียง,Nong Rawiang
นครราชสีมา,Nakhon Ratchasima,ห้วยแถลง,Huai Thalaeng,ห้วยแถลง,Huai Thalaeng
นครราชสีมา,Nakhon Ratchasima,ห้วยแถลง,Huai Thalaeng,ทับสวาย,Thap Sawai
นครราชสีมา,Nakhon Ratchasima,ห้วยแถลง,Huai Thalaeng,เมืองพลับพลา,Mueang Phlapphla
นครราชสีมา,Nakhon Ratchasima,ห้วยแถลง,Huai Thalaeng,หลุ่งตะเคียน,Lung Takhian
นครราชสีมา,Nakhon Ratchasima,ห้วยแถลง,Huai Thalaeng,หินดาด,Hin Dat
นครราชสีมา,Nakhon Ratchasima,ห้วยแถลง,Huai Thalaeng,งิ้ว,Ngio
นครราชสีมา,Nakhon Ratchasima,ห้วยแถลง,Huai Thalaeng,กงรถ,Kong Rot
นครราชสีมา,Nakhon Ratchasima,ห้วยแถลง,Huai Thalaeng,หลุ่งประดู่,Lung Pradu
นครราชสีมา,Nakhon Ratchasima,ห้วยแถลง,Huai Thalaeng,ตะโก,Tako
นครราชสีมา,Nakhon Ratchasima,ห้วยแถลง,Huai Thalaeng,ห้วยแคน,Huai Khaen
นครราชสีมา,Nakhon Ratchasima,ชุมพวง,Chum Phuang,ชุมพวง,Chum Phuang
นครราชสีมา,Nakhon Ratchasima,ชุมพวง,Chum Phuang,ประสุข,Prasuk
นครราชสีมา,Nakhon Ratchasima,ชุมพวง,Chum Phuang,ท่าลาด,Tha Lat
นครราชสีมา,Nakhon Ratchasima,ชุมพวง,Chum Phuang,สาหร่าย,Sarai
นครราชสีมา,Nakhon Ratchasima,ชุมพวง,Chum Phuang,ตลาดไทร,Talat Sai
นครราชสีมา,Nakhon Ratchasima,ชุมพวง,Chum Phuang,ช่องแมว,Chong Maew
นครราชสีมา,Nakhon Ratchasima,ชุมพวง,Chum Phuang,ขุย,Kui
นครราชสีมา,Nakhon Ratchasima,ชุมพวง,Chum Phuang,โนนรัง,Non Rang
นครราชสีมา,Nakhon Ratchasima,ชุมพวง,Chum Phuang,บ้านยาง,Ban Yang
นครราชสีมา,Nakhon Ratchasima,ชุมพวง,Chum Phuang,หนองหลัก,Nong Lak
นครราชสีมา,Nakhon Ratchasima,ชุมพวง,Chum Phuang,ไพล,Plai
นครราชสีมา,Nakhon Ratchasima,ชุมพวง,Chum Phuang,โนนตูม,Non Tum
นครราชสีมา,Nakhon Ratchasima,ชุมพวง,Chum Phuang,โนนยอ,Non Yo
นครราชสีมา,Nakhon Ratchasima,สูงเนิน,Sung Noen,สูงเนิน,Sung Noen
นครราชสีมา,Nakhon Ratchasima,สูงเนิน,Sung Noen,เสมา,Sema
นครราชสีมา,Nakhon Ratchasima,สูงเนิน,Sung Noen,โคราช,Khorat
นครราชสีมา,Nakhon Ratchasima,สูงเนิน,Sung Noen,บุ่งขี้เหล็ก,Bung Khilek
นครราชสีมา,Nakhon Ratchasima,สูงเนิน,Sung Noen,โนนค่า,Non Kha
นครราชสีมา,Nakhon Ratchasima,สูงเนิน,Sung Noen,โค้งยาง,Khong Yang
นครราชสีมา,Nakhon Ratchasima,สูงเนิน,Sung Noen,มะเกลือเก่า,Makluea Kao
นครราชสีมา,Nakhon Ratchasima,สูงเนิน,Sung Noen,มะเกลือใหม่,Makluea Mai
นครราชสีมา,Nakhon Ratchasima,สูงเนิน,Sung Noen,นากลาง,Na Klang
นครราชสีมา,Nakhon Ratchasima,สูงเนิน,Sung Noen,หนองตะไก้,Nong Takai
นครราชสีมา,Nakhon Ratchasima,สูงเนิน,Sung Noen,กุดจิก,Kut Chik
นครราชสีมา,Nakhon Ratchasima,ขามทะเลสอ,Kham Thale So,ขามทะเลสอ,Kham Thale So
นครราชสีมา,Nakhon Ratchasima,ขามทะเลสอ,Kham Thale So,โป่งแดง,Pong Daeng
นครราชสีมา,Nakhon Ratchasima,ขามทะเลสอ,Kham Thale So,พันดุง,Phan Dung
นครราชสีมา,Nakhon Ratchasima,ขามทะเลสอ,Kham Thale So,หนองสรวง,Nong Suang
นครราชสีมา,Nakhon Ratchasima,ขามทะเลสอ,Kham Thale So,บึงอ้อ,Bueng O
นครราชสีมา,Nakhon Ratchasima,สีคิ้ว,Sikhio,สีคิ้ว,Sikhio
นครราชสีมา,Nakhon Ratchasima,สีคิ้ว,Sikhio,บ้านหัน,Ban Han
นครราชสีมา,Nakhon Ratchasima,สีคิ้ว,Sikhio,กฤษณา,Kritsana
นครราชสีมา,Nakhon Ratchasima,สีคิ้ว,Sikhio,ลาดบัวขาว,Lat Bua Khao
นครราชสีมา,Nakhon Ratchasima,สีคิ้ว,Sikhio,หนองหญ้าขาว,Nong Ya Khao
นครราชสีมา,Nakhon Ratchasima,สีคิ้ว,Sikhio,กุดน้อย,Kut Noi
นครราชสีมา,Nakhon Ratchasima,สีคิ้ว,Sikhio,หนองน้ำใส,Nong Nam Sai
นครราชสีมา,Nakhon Ratchasima,สีคิ้ว,Sikhio,วังโรงใหญ่,Wang Rong Yai
นครราชสีมา,Nakhon Ratchasima,สีคิ้ว,Sikhio,มิตรภาพ,Mittraphap
นครราชสีมา,Nakhon Ratchasima,สีคิ้ว,Sikhio,คลองไผ่,Khlong Phai
นครราชสีมา,Nakhon Ratchasima,สีคิ้ว,Sikhio,ดอนเมือง,Don Mueang
นครราชสีมา,Nakhon Ratchasima,สีคิ้ว,Sikhio,หนองบัวน้อย,Nong Bua Noi
นครราชสีมา,Nakhon Ratchasima,ปากช่อง,Pak Chong,ปากช่อง,Pak Chong
นครราชสีมา,Nakhon Ratchasima,ปากช่อง,Pak Chong,กลางดง,Klang Dong
นครราชสีมา,Nakhon Ratchasima,ปากช่อง,Pak Chong,จันทึก,Chanthuek
นครราชสีมา,Nakhon Ratchasima,ปากช่อง,Pak Chong,วังกะทะ,Wang Katha
นครราชสีมา,Nakhon Ratchasima,ปากช่อง,Pak Chong,หมูสี,Mu Si
นครราชสีมา,Nakhon Ratchasima,ปากช่อง,Pak Chong,หนองสาหร่าย,Nong Sarai
นครราชสีมา,Nakhon Ratchasima,ปากช่อง,Pak Chong,ขนงพระ,Khanong Phra
นครราชสีมา,Nakhon Ratchasima,ปากช่อง,Pak Chong,โป่งตาลอง,Pong Talong
นครราชสีมา,Nakhon Ratchasima,ปากช่อง,Pak Chong,คลองม่วง,Khlong Muang
นครราชสีมา,Nakhon Ratchasima,ปากช่อง,Pak Chong,หนองน้ำแดง,Nong Nam Daeng
นครราชสีมา,Nakhon Ratchasima,ปากช่อง,Pak Chong,วังไทร,Wang Sai
นครราชสีมา,Nakhon Ratchasima,ปากช่อง,Pak Chong,พญาเย็น,Phaya Yen
นครราชสีมา,Nakhon Ratchasima,หนองบุญมาก,Nong Bun Mak,หนองบุนนาก,Nong Bunnak
นครราชสีมา,Nakhon Ratchasima,หนองบุญมาก,Nong Bun Mak,สารภี,Saraphi
นครราชสีมา,Nakhon Ratchasima,หนองบุญมาก,Nong Bun Mak,ไทยเจริญ,Thai Charoen
นครราชสีมา,Nakhon Ratchasima,หนองบุญมาก,Nong Bun Mak,หนองหัวแรต,Nong Hua Raet
นครราชสีมา,Nakhon Ratchasima,หนองบุญมาก,Nong Bun Mak,แหลมทอง,Laem Thong
นครราชสีมา,Nakhon Ratchasima,หนองบุญมาก,Nong Bun Mak,หนองตะไก้,Nong Takai
นครราชสีมา,Nakhon Ratchasima,หนองบุญมาก,Nong Bun Mak,ลุงเขว้า,Lung Khwao
นครราชสีมา,Nakhon Ratchasima,หนองบุญมาก,Nong Bun Mak,หนองไม้ไผ่,Nong Mai Phai
นครราชสีมา,Nakhon Ratchasima,หนองบุญมาก,Nong Bun Mak,บ้านใหม่,Ban Mai
นครราชสีมา,Nakhon Ratchasima,แก้งสนามนาง,Kaeng Sanam Nang,แก้งสนามนาง,Kaeng Sanam Nang
นครราชสีมา,Nakhon Ratchasima,แก้งสนามนาง,Kaeng Sanam Nang,โนนสำราญ,Non Samran
นครราชสีมา,Nakhon Ratchasima,แก้งสนามนาง,Kaeng Sanam Nang,บึงพะไล,Bueng Phalai
นครราชสีมา,Nakhon Ratchasima,แก้งสนามนาง,Kaeng Sanam Nang,สีสุก,Si Suk
นครราชสีมา,Nakhon Ratchasima,แก้งสนามนาง,Kaeng Sanam Nang,บึงสำโรง,Bueng Samrong
นครราชสีมา,Nakhon Ratchasima,โนนแดง,Non Daeng,โนนแดง,Non Daeng
นครราชสีมา,Nakhon Ratchasima,โนนแดง,Non Daeng,โนนตาเถร,Non Ta Then
นครราชสีมา,Nakhon Ratchasima,โนนแดง,Non Daeng,สำพะเนียง,Samphaniang
นครราชสีมา,Nakhon Ratchasima,โนนแดง,Non Daeng,วังหิน,Wang Hin
นครราชสีมา,Nakhon Ratchasima,โนนแดง,Non Daeng,ดอนยาวใหญ่,Don Yao Yai
นครราชสีมา,Nakhon Ratchasima,วังน้ำเขียว,Wang Nam Khiao,วังน้ำเขียว,Wang Nam Khiao
นครราชสีมา,Nakhon Ratchasima,วังน้ำเขียว,Wang Nam Khiao,วังหมี,Wang Mi
นครราชสีมา,Nakhon Ratchasima,วังน้ำเขียว,Wang Nam Khiao,ระเริง,Raroeng
นครราชสีมา,Nakhon Ratchasima,วังน้ำเขียว,Wang Nam Khiao,อุดมทรัพย์,Udom Sap
นครราชสีมา,Nakhon Ratchasima,วังน้ำเขียว,Wang Nam Khiao,ไทยสามัคคี,Thai Samakkhi
นครราชสีมา,Nakhon Ratchasima,เทพารักษ์,Thepharak,สำนักตะคร้อ,Samnak Takhro
นครราชสีมา,Nakhon Ratchasima,เทพารักษ์,Thepharak,หนองแวง,Nong Waeng
นครราชสีมา,Nakhon Ratchasima,เทพารักษ์,Thepharak,บึงปรือ,Bueng Prue
นครราชสีมา,Nakhon Ratchasima,เทพารักษ์,Thepharak,วังยายทอง,Wang Yai Thong
นครราชสีมา,Nakhon Ratchasima,เมืองยาง,Mueang Yang,เมืองยาง,Mueang Yang
นครราชสีมา,Nakhon Ratchasima,เมืองยาง,Mueang Yang,กระเบื้องนอก,Krabueang Nok
นครราชสีมา,Nakhon Ratchasima,เมืองยาง,Mueang Yang,ละหานปลาค้าว,Lahan Pla Khao
นครราชสีมา,Nakhon Ratchasima,เมืองยาง,Mueang Yang,โนนอุดม,Non Udom
นครราชสีมา,Nakhon Ratchasima,พระทองคำ,Phra Thong Kham,สระพระ,Sa Phra
นครราชสีมา,Nakhon Ratchasima,พระทองคำ,Phra Thong Kham,มาบกราด,Map Krat
นครราชสีมา,Nakhon Ratchasima,พระทองคำ,Phra Thong Kham,พังเทียม,Phang Thiam
นครราชสีมา,Nakhon Ratchasima,พระทองคำ,Phra Thong Kham,ทัพรั้ง,Thap Rang
นครราชสีมา,Nakhon Ratchasima,พระทองคำ,Phra Thong Kham,หนองหอย,Nong Hoi
นครราชสีมา,Nakhon Ratchasima,ลำทะเมนชัย,Lam Thamenchai,ขุย,Khui
นครราชสีมา,Nakhon Ratchasima,ลำทะเมนชัย,Lam Thamenchai,บ้านยาง,Ban Yang
นครราชสีมา,Nakhon Ratchasima,ลำทะเมนชัย,Lam Thamenchai,ช่องแมว,Chong Maeo
นครราชสีมา,Nakhon Ratchasima,ลำทะเมนชัย,Lam Thamenchai,ไพล,Phlai
นครราชสีมา,Nakhon Ratchasima,บัวลาย,Bua Lai,เมืองพะไล,Mueang Phalai
นครราชสีมา,Nakhon Ratchasima,บัวลาย,Bua Lai,โนนจาน,Non Chan
นครราชสีมา,Nakhon Ratchasima,บัวลาย,Bua Lai,บัวลาย,Bua Lai
นครราชสีมา,Nakhon Ratchasima,บัวลาย,Bua Lai,หนองหว้า,Nong Wa
นครราชสีมา,Nakhon Ratchasima,สีดา,Sida,สีดา,Sida
นครราชสีมา,Nakhon Ratchasima,สีดา,Sida,โพนทอง,Phon Thong
นครราชสีมา,Nakhon Ratchasima,สีดา,Sida,โนนประดู่,Non Pradu
นครราชสีมา,Nakhon Ratchasima,สีดา,Sida,สามเมือง,Sam Mueang
นครราชสีมา,Nakhon Ratchasima,สีดา,Sida,หนองตาดใหญ่,Nong Tat Yai
นครราชสีมา,Nakhon Ratchasima,เฉลิมพระเกียรติ,Chaloem Phra Kiat,ช้างทอง,Chang Thong
นครราชสีมา,Nakhon Ratchasima,เฉลิมพระเกียรติ,Chaloem Phra Kiat,ท่าช้าง,Tha Chang
นครราชสีมา,Nakhon Ratchasima,เฉลิมพระเกียรติ,Chaloem Phra Kiat,พระพุทธ,Phra Phut
นครราชสีมา,Nakhon Ratchasima,เฉลิมพระเกียรติ,Chaloem Phra Kiat,หนองงูเหลือม,Nong Ngu Lueam
นครราชสีมา,Nakhon Ratchasima,เฉลิมพระเกียรติ,Chaloem Phra Kiat,หนองยาง,Nong Yang
บุรีรัมย์,Buri Ram,เมืองบุรีรัมย์,Mueang Buri Ram,ในเมือง,Nai Mueang
บุรีรัมย์,Buri Ram,เมืองบุรีรัมย์,Mueang Buri Ram,อิสาณ,Isan
บุรีรัมย์,Buri Ram,เมืองบุรีรัมย์,Mueang Buri Ram,เสม็ด,Samet
บุรีรัมย์,Buri Ram,เมืองบุรีรัมย์,Mueang Buri Ram,บ้านบัว,Ban Bua
บุรีรัมย์,Buri Ram,เมืองบุรีรัมย์,Mueang Buri Ram,สะแกโพรง,Sakae Phrong
บุรีรัมย์,Buri Ram,เมืองบุรีรัมย์,Mueang Buri Ram,สวายจีก,Sawai Chik
บุรีรัมย์,Buri Ram,เมืองบุรีรัมย์,Mueang Buri Ram,บ้านยาง,Ban Yang
บุรีรัมย์,Buri Ram,เมืองบุรีรัมย์,Mueang Buri Ram,พระครู,Phra Khru
บุรีรัมย์,Buri Ram,เมืองบุรีรัมย์,Mueang Buri Ram,ถลุงเหล็ก,Thalung Lek
บุรีรัมย์,Buri Ram,เมืองบุรีรัมย์,Mueang Buri Ram,หนองตาด,Nong Tat
บุรีรัมย์,Buri Ram,เมืองบุรีรัมย์,Mueang Buri Ram,ลุมปุ๊ก,Lumpuk
บุรีรัมย์,Buri Ram,เมืองบุรีรัมย์,Mueang Buri Ram,สองห้อง,Song Hong
บุรีรัมย์,Buri Ram,เมืองบุรีรัมย์,Mueang Buri Ram,บัวทอง,Bua Thong
บุรีรัมย์,Buri Ram,เมืองบุรีรัมย์,Mueang Buri Ram,ชุมเห็ด,Chum Het
บุรีรัมย์,Buri Ram,เมืองบุรีรัมย์,Mueang Buri Ram,หลักเขต,Lak Khet
บุรีรัมย์,Buri Ram,เมืองบุรีรัมย์,Mueang Buri Ram,สะแกซำ,Sakae Sam
บุรีรัมย์,Buri Ram,เมืองบุรีรัมย์,Mueang Buri Ram,กลันทา,Kalantha
บุรีรัมย์,Buri Ram,เมืองบุรีรัมย์,Mueang Buri Ram,กระสัง,Krasang
บุรีรัมย์,Buri Ram,เมืองบุรีรัมย์,Mueang Buri Ram,เมืองฝาง,Mueang Fang
บุรีรัมย์,Buri Ram,คูเมือง,Khu Mueang,คูเมือง,Khu Mueang
บุรีรัมย์,Buri Ram,คูเมือง,Khu Mueang,ปะเคียบ,Pakhiap
บุรีรัมย์,Buri Ram,คูเมือง,Khu Mueang,บ้านแพ,Ban Phae
บุรีรัมย์,Buri Ram,คูเมือง,Khu Mueang,พรสำราญ,Phon Samran
บุรีรัมย์,Buri Ram,คูเมือง,Khu Mueang,หินเหล็กไฟ,Hin Lek Fai
บุรีรัมย์,Buri Ram,คูเมือง,Khu Mueang,ตูมใหญ่,Tum Yai
บุรีรัมย์,Buri Ram,คูเมือง,Khu Mueang,หนองขมาร,Nong Khaman
บุรีรัมย์,Buri Ram,กระสัง,Krasang,กระสัง,Krasang
บุรีรัมย์,Buri Ram,กระสัง,Krasang,ลำดวน,Lamduan
บุรีรัมย์,Buri Ram,กระสัง,Krasang,สองชั้น,Song Chan
บุรีรัมย์,Buri Ram,กระสัง,Krasang,สูงเนิน,Sung Noen
บุรีรัมย์,Buri Ram,กระสัง,Krasang,หนองเต็ง,Nong Teng
บุรีรัมย์,Buri Ram,กระสัง,Krasang,เมืองไผ่,Mueang Phai
บุรีรัมย์,Buri Ram,กระสัง,Krasang,ชุมแสง,Chum Saeng
บุรีรัมย์,Buri Ram,กระสัง,Krasang,บ้านปรือ,Ban Prue
บุรีรัมย์,Buri Ram,กระสัง,Krasang,ห้วยสำราญ,Huai Samran
บุรีรัมย์,Buri Ram,กระสัง,Krasang,กันทรารมย์,Kanthararom
บุรีรัมย์,Buri Ram,กระสัง,Krasang,ศรีภูมิ,Si Phum
บุรีรัมย์,Buri Ram,นางรอง,Nang Rong,นางรอง,Nang Rong
บุรีรัมย์,Buri Ram,นางรอง,Nang Rong,สะเดา,Sadao
บุรีรัมย์,Buri Ram,นางรอง,Nang Rong,ชุมแสง,Chum Saeng
บุรีรัมย์,Buri Ram,นางรอง,Nang Rong,หนองโบสถ์,Nong Bot
บุรีรัมย์,Buri Ram,นางรอง,Nang Rong,หนองกง,Nong Kong
บุรีรัมย์,Buri Ram,นางรอง,Nang Rong,ถนนหัก,Thanon Hak
บุรีรัมย์,Buri Ram,นางรอง,Nang Rong,หนองไทร,Nong Sai
บุรีรัมย์,Buri Ram,นางรอง,Nang Rong,ก้านเหลือง,Kan Lueang
บุรีรัมย์,Buri Ram,นางรอง,Nang Rong,บ้านสิงห์,Ban Sing
บุรีรัมย์,Buri Ram,นางรอง,Nang Rong,ลำไทรโยง,Lam Sai Yong
บุรีรัมย์,Buri Ram,นางรอง,Nang Rong,ทรัพย์พระยา,Sap Phraya
บุรีรัมย์,Buri Ram,นางรอง,Nang Rong,หนองยายพิมพ์,Nong Yai Phim
บุรีรัมย์,Buri Ram,นางรอง,Nang Rong,หัวถนน,Hua Thanon
บุรีรัมย์,Buri Ram,นางรอง,Nang Rong,ทุ่งแสงทอง,Thung Saeng Thong
บุรีรัมย์,Buri Ram,นางรอง,Nang Rong,หนองโสน,Nong Sano
บุรีรัมย์,Buri Ram,หนองกี่,Nong Ki,หนองกี่,Nong Ki
บุรีรัมย์,Buri Ram,หนองกี่,Nong Ki,เย้ยปราสาท,Yoei Prasat
บุรีรัมย์,Buri Ram,หนองกี่,Nong Ki,เมืองไผ่,Mueang Phai
บุรีรัมย์,Buri Ram,หนองกี่,Nong Ki,ดอนอะราง,Don Arang
บุรีรัมย์,Buri Ram,หนองกี่,Nong Ki,โคกสว่าง,Khok Sawang
บุรีรัมย์,Buri Ram,หนองกี่,Nong Ki,ทุ่งกระตาดพัฒนา,Thung Kratat Phatthana
บุรีรัมย์,Buri Ram,หนองกี่,Nong Ki,ทุ่งกระเต็น,Thung Kraten
บุรีรัมย์,Buri Ram,หนองกี่,Nong Ki,ท่าโพธิ์ชัย,Tha Pho Chai
บุรีรัมย์,Buri Ram,หนองกี่,Nong Ki,โคกสูง,Khok Sung
บุรีรัมย์,Buri Ram,หนองกี่,Nong Ki,บุกระสัง,Bu Krasang
บุรีรัมย์,Buri Ram,ละหานทราย,Lahan Sai,ละหานทราย,Lahan Sai
บุรีรัมย์,Buri Ram,ละหานทราย,Lahan Sai,ตาจง,Ta Chong
บุรีรัมย์,Buri Ram,ละหานทราย,Lahan Sai,สำโรงใหม่,Samrong Mai
บุรีรัมย์,Buri Ram,ละหานทราย,Lahan Sai,หนองแวง,Nong Waeng
บุรีรัมย์,Buri Ram,ละหานทราย,Lahan Sai,หนองตะครอง,Nong Trakhrong
บุรีรัมย์,Buri Ram,ละหานทราย,Lahan Sai,โคกว่าน,Khok Wan
บุรีรัมย์,Buri Ram,ประโคนชัย,Prakhon Chai,ประโคนชัย,Prakhon Chai
บุรีรัมย์,Buri Ram,ประโคนชัย,Prakhon Chai,แสลงโทน,Salaeng Thon
บุรีรัมย์,Buri Ram,ประโคนชัย,Prakhon Chai,บ้านไทร,Ban Sai
บุรีรัมย์,Buri Ram,ประโคนชัย,Prakhon Chai,ละเวี้ย,Lawia
บุรีรัมย์,Buri Ram,ประโคนชัย,Prakhon Chai,จรเข้มาก,Chorakhe Mak
บุรีรัมย์,Buri Ram,ประโคนชัย,Prakhon Chai,ปังกู,Pang Ku
บุรีรัมย์,Buri Ram,ประโคนชัย,Prakhon Chai,โคกย่าง,Khok Yang
บุรีรัมย์,Buri Ram,ประโคนชัย,Prakhon Chai,โคกม้า,Khok Ma
บุรีรัมย์,Buri Ram,ประโคนชัย,Prakhon Chai,ไพศาล,Phaisan
บุรีรัมย์,Buri Ram,ประโคนชัย,Prakhon Chai,ตะโกตาพิ,Tako Taphi
บุรีรัมย์,Buri Ram,ประโคนชัย,Prakhon Chai,เขาคอก,Khao Khok
บุรีรัมย์,Buri Ram,ประโคนชัย,Prakhon Chai,หนองบอน,Nong Bon
บุรีรัมย์,Buri Ram,ประโคนชัย,Prakhon Chai,โคกมะขาม,Khok Makham
บุรีรัมย์,Buri Ram,ประโคนชัย,Prakhon Chai,โคกตูม,Khok Tum
บุรีรัมย์,Buri Ram,ประโคนชัย,Prakhon Chai,ประทัดบุ,Prathat Bu
บุรีรัมย์,Buri Ram,ประโคนชัย,Prakhon Chai,สี่เหลี่ยม,Si Liam
บุรีรัมย์,Buri Ram,บ้านกรวด,Ban Kruat,บ้านกรวด,Ban Kruat
บุรีรัมย์,Buri Ram,บ้านกรวด,Ban Kruat,โนนเจริญ,Non Charoen
บุรีรัมย์,Buri Ram,บ้านกรวด,Ban Kruat,หนองไม้งาม,Nong Mai Ngam
บุรีรัมย์,Buri Ram,บ้านกรวด,Ban Kruat,ปราสาท,Prasat
บุรีรัมย์,Buri Ram,บ้านกรวด,Ban Kruat,สายตะกู,Sai Taku
บุรีรัมย์,Buri Ram,บ้านกรวด,Ban Kruat,หินลาด,Hin Lat
บุรีรัมย์,Buri Ram,บ้านกรวด,Ban Kruat,บึงเจริญ,Bueng Charoen
บุรีรัมย์,Buri Ram,บ้านกรวด,Ban Kruat,จันทบเพชร,Chanthop Phet
บุรีรัมย์,Buri Ram,บ้านกรวด,Ban Kruat,เขาดินเหนือ,Khao Din Nuea
บุรีรัมย์,Buri Ram,พุทไธสง,Phutthaisong,พุทไธสง,Phutthaisong
บุรีรัมย์,Buri Ram,พุทไธสง,Phutthaisong,มะเฟือง,Mafueang
บุรีรัมย์,Buri Ram,พุทไธสง,Phutthaisong,บ้านจาน,Ban Chan
บุรีรัมย์,Buri Ram,พุทไธสง,Phutthaisong,บ้านเป้า,Ban Pao
บุรีรัมย์,Buri Ram,พุทไธสง,Phutthaisong,บ้านแวง,Ban Waeng
บุรีรัมย์,Buri Ram,พุทไธสง,Phutthaisong,บ้านยาง,Ban Yang
บุรีรัมย์,Buri Ram,พุทไธสง,Phutthaisong,หายโศก,Hai Sok
บุรีรัมย์,Buri Ram,ลำปลายมาศ,Lam Plai Mat,ลำปลายมาศ,Lam Plai Mat
บุรีรัมย์,Buri Ram,ลำปลายมาศ,Lam Plai Mat,หนองคู,Nong Khu
บุรีรัมย์,Buri Ram,ลำปลายมาศ,Lam Plai Mat,แสลงพัน,Salaeng Phan
บุรีรัมย์,Buri Ram,ลำปลายมาศ,Lam Plai Mat,ทะเมนชัย,Thamen Chai
บุรีรัมย์,Buri Ram,ลำปลายมาศ,Lam Plai Mat,ตลาดโพธิ์,Talat Pho
บุรีรัมย์,Buri Ram,ลำปลายมาศ,Lam Plai Mat,หนองกะทิง,Nong Kathing
บุรีรัมย์,Buri Ram,ลำปลายมาศ,Lam Plai Mat,โคกกลาง,Khok Klang
บุรีรัมย์,Buri Ram,ลำปลายมาศ,Lam Plai Mat,โคกสะอาด,Khok Sa-at
บุรีรัมย์,Buri Ram,ลำปลายมาศ,Lam Plai Mat,เมืองแฝก,Mueang Faek
บุรีรัมย์,Buri Ram,ลำปลายมาศ,Lam Plai Mat,บ้านยาง,Ban Yang
บุรีรัมย์,Buri Ram,ลำปลายมาศ,Lam Plai Mat,ผไทรินทร์,Phathairin
บุรีรัมย์,Buri Ram,ลำปลายมาศ,Lam Plai Mat,โคกล่าม,Khok Lam
บุรีรัมย์,Buri Ram,ลำปลายมาศ,Lam Plai Mat,หินโคน,Hin Khon
บุรีรัมย์,Buri Ram,ลำปลายมาศ,Lam Plai Mat,หนองบัวโคก,Nong Bua Khok
บุรีรัมย์,Buri Ram,ลำปลายมาศ,Lam Plai Mat,บุโพธิ์,Bu Pho
บุรีรัมย์,Buri Ram,ลำปลายมาศ,Lam Plai Mat,หนองโดน,Nong Don
บุรีรัมย์,Buri Ram,สตึก,Satuek,สตึก,Satuek
บุรีรัมย์,Buri Ram,สตึก,Satuek,นิคม,Nikhom
บุรีรัมย์,Buri Ram,สตึก,Satuek,ทุ่งวัง,Thung Wang
บุรีรัมย์,Buri Ram,สตึก,Satuek,เมืองแก,Mueang Kae
บุรีรัมย์,Buri Ram,สตึก,Satuek,หนองใหญ่,Nong Yai
บุรีรัมย์,Buri Ram,สตึก,Satuek,ร่อนทอง,Ron Thong
บุรีรัมย์,Buri Ram,สตึก,Satuek,ดอนมนต์,Don Mon
บุรีรัมย์,Buri Ram,สตึก,Satuek,ชุมแสง,Chum Saeng
บุรีรัมย์,Buri Ram,สตึก,Satuek,ท่าม่วง,Tha Muang
บุรีรัมย์,Buri Ram,สตึก,Satuek,สะแก,Sakae
บุรีรัมย์,Buri Ram,สตึก,Satuek,สนามชัย,Sanam Chai
บุรีรัมย์,Buri Ram,สตึก,Satuek,กระสัง,Krasang
บุรีรัมย์,Buri Ram,ปะคำ,Pakham,ปะคำ,Pakham
บุรีรัมย์,Buri Ram,ปะคำ,Pakham,ไทยเจริญ,Thai Charoen
บุรีรัมย์,Buri Ram,ปะคำ,Pakham,หนองบัว,Nong Bua
บุรีรัมย์,Buri Ram,ปะคำ,Pakham,โคกมะม่วง,Khok Mamuang
บุรีรัมย์,Buri Ram,ปะคำ,Pakham,หูทำนบ,Hu Thamnop
บุรีรัมย์,Buri Ram,นาโพธิ์,Na Pho,นาโพธิ์,Na Pho
บุรีรัมย์,Buri Ram,นาโพธิ์,Na Pho,บ้านคู,Ban Khu
บุรีรัมย์,Buri Ram,นาโพธิ์,Na Pho,บ้านดู่,Ban Du
บุรีรัมย์,Buri Ram,นาโพธิ์,Na Pho,ดอนกอก,Don Kok
บุรีรัมย์,Buri Ram,นาโพธิ์,Na Pho,ศรีสว่าง,Si Sawang
บุรีรัมย์,Buri Ram,หนองหงส์,Nong Hong,สระแก้ว,Sa Kaeo
บุรีรัมย์,Buri Ram,หนองหงส์,Nong Hong,ห้วยหิน,Huai Hin
บุรีรัมย์,Buri Ram,หนองหงส์,Nong Hong,ไทยสามัคคี,Thai Samakkhi
บุรีรัมย์,Buri Ram,หนองหงส์,Nong Hong,หนองชัยศรี,Nong Chai Si
บุรีรัมย์,Buri Ram,หนองหงส์,Nong Hong,เสาเดียว,Sao Diao
บุรีรัมย์,Buri Ram,หนองหงส์,Nong Hong,เมืองฝ้าย,Mueang Fai
บุรีรัมย์,Buri Ram,หนองหงส์,Nong Hong,สระทอง,Sa Thong
บุรีรัมย์,Buri Ram,พลับพลาชัย,Phlapphla Chai,จันดุม,Chan Dum
บุรีรัมย์,Buri Ram,พลับพลาชัย,Phlapphla Chai,โคกขมิ้น,Khok Khamin
บุรีรัมย์,Buri Ram,พลับพลาชัย,Phlapphla Chai,ป่าชัน,Pa Chan
บุรีรัมย์,Buri Ram,พลับพลาชัย,Phlapphla Chai,สะเดา,Sadao
บุรีรัมย์,Buri Ram,พลับพลาชัย,Phlapphla Chai,สำโรง,Samrong
บุรีรัมย์,Buri Ram,ห้วยราช,Huai Rat,ห้วยราช,Huai Rat
บุรีรัมย์,Buri Ram,ห้วยราช,Huai Rat,สามแวง,Sam Waeng
บุรีรัมย์,Buri Ram,ห้วยราช,Huai Rat,ตาเสา,Ta Sao
บุรีรัมย์,Buri Ram,ห้วยราช,Huai Rat,บ้านตะโก,Ban Tako
บุรีรัมย์,Buri Ram,ห้วยราช,Huai Rat,สนวน,Sanuan
บุรีรัมย์,Buri Ram,ห้วยราช,Huai Rat,โคกเหล็ก,Khok Lek
บุรีรัมย์,Buri Ram,ห้วยราช,Huai Rat,เมืองโพธิ์,Mueang Pho
บุรีรัมย์,Buri Ram,ห้วยราช,Huai Rat,ห้วยราชา,Huai Racha
บุรีรัมย์,Buri Ram,โนนสุวรรณ,Non Suwan,โนนสุวรรณ,Non Suwan
บุรีรัมย์,Buri Ram,โนนสุวรรณ,Non Suwan,ทุ่งจังหัน,Thung Changhan
บุรีรัมย์,Buri Ram,โนนสุวรรณ,Non Suwan,โกรกแก้ว,Krok Kaeo
บุรีรัมย์,Buri Ram,โนนสุวรรณ,Non Suwan,ดงอีจาน,Dong I Chan
บุรีรัมย์,Buri Ram,ชำนิ,Chamni,ชำนิ,Chamni
บุรีรัมย์,Buri Ram,ชำนิ,Chamni,หนองปล่อง,Nong Plong
บุรีรัมย์,Buri Ram,ชำนิ,Chamni,เมืองยาง,Mueang Yang
บุรีรัมย์,Buri Ram,ชำนิ,Chamni,ช่อผกา,Cho Phaka
บุรีรัมย์,Buri Ram,ชำนิ,Chamni,ละลวด,Laluat
บุรีรัมย์,Buri Ram,ชำนิ,Chamni,โคกสนวน,Khok Sanuan
บุรีรัมย์,Buri Ram,บ้านใหม่ไชยพจน์,Ban Mai Chaiyaphot,หนองแวง,Nong Waeng
บุรีรัมย์,Buri Ram,บ้านใหม่ไชยพจน์,Ban Mai Chaiyaphot,ทองหลาง,Thonglang
บุรีรัมย์,Buri Ram,บ้านใหม่ไชยพจน์,Ban Mai Chaiyaphot,แดงใหญ่,Daeng Yai
บุรีรัมย์,Buri Ram,บ้านใหม่ไชยพจน์,Ban Mai Chaiyaphot,กู่สวนแตง,Ku Suan Taeng
บุรีรัมย์,Buri Ram,บ้านใหม่ไชยพจน์,Ban Mai Chaiyaphot,หนองเยือง,Nong Yueang
บุรีรัมย์,Buri Ram,โนนดินแดง,Non Din Daeng,โนนดินแดง,Non Din Daeng
บุรีรัมย์,Buri Ram,โนนดินแดง,Non Din Daeng,ส้มป่อย,Som Poi
บุรีรัมย์,Buri Ram,โนนดินแดง,Non Din Daeng,ลำนางรอง,Lam Nang Rong
บุรีรัมย์,Buri Ram,บ้านด่าน,Ban Dan,บ้านด่าน,Ban Dan
บุรีรัมย์,Buri Ram,บ้านด่าน,Ban Dan,ปราสาท,Prasat
บุรีรัมย์,Buri Ram,บ้านด่าน,Ban Dan,วังเหนือ,Wang Nuea
บุรีรัมย์,Buri Ram,บ้านด่าน,Ban Dan,โนนขวาง,Non Khwang
บุรีรัมย์,Buri Ram,แคนดง,Khaen Dong,แคนดง,Khaen Dong
บุรีรัมย์,Buri Ram,แคนดง,Khaen Dong,ดงพลอง,Dong Phlong
บุรีรัมย์,Buri Ram,แคนดง,Khaen Dong,สระบัว,Sa Bua
บุรีรัมย์,Buri Ram,แคนดง,Khaen Dong,หัวฝาย,Hua Fai
บุรีรัมย์,Buri Ram,เฉลิมพระเกียรติ,Chaloem Phra Kiat,เจริญสุข,Charoen Suk
บุรีรัมย์,Buri Ram,เฉลิมพระเกียรติ,Chaloem Phra Kiat,ตาเป๊ก,Ta Pek
บุรีรัมย์,Buri Ram,เฉลิมพระเกียรติ,Chaloem Phra Kiat,อีสานเขต,Isan Khet
บุรีรัมย์,Buri Ram,เฉลิมพระเกียรติ,Chaloem Phra Kiat,ถาวร,Thawon
บุรีรัมย์,Buri Ram,เฉลิมพระเกียรติ,Chaloem Phra Kiat,ยายแย้มวัฒนา,Yai Yaem Watthana
สุรินทร์,Surin,เมืองสุรินทร์,Mueang Surin,ในเมือง,Nai Mueang
สุรินทร์,Surin,เมืองสุรินทร์,Mueang Surin,ตั้งใจ,Tang Chai
สุรินทร์,Surin,เมืองสุรินทร์,Mueang Surin,เพี้ยราม,Phia Ram
สุรินทร์,Surin,เมืองสุรินทร์,Mueang Surin,นาดี,Na Di
สุรินทร์,Surin,เมืองสุรินทร์,Mueang Surin,ท่าสว่าง,Tha Sawang
สุรินทร์,Surin,เมืองสุรินทร์,Mueang Surin,สลักได,Salakdai
สุรินทร์,Surin,เมืองสุรินทร์,Mueang Surin,ตาอ็อง,Ta Ong
สุรินทร์,Surin,เมืองสุรินทร์,Mueang Surin,สำโรง,Samrong
สุรินทร์,Surin,เมืองสุรินทร์,Mueang Surin,แกใหญ่,Kae Yai
สุรินทร์,Surin,เมืองสุรินทร์,Mueang Surin,นอกเมือง,Nok Mueang
สุรินทร์,Surin,เมืองสุรินทร์,Mueang Surin,คอโค,Kho Kho
สุรินทร์,Surin,เมืองสุรินทร์,Mueang Surin,สวาย,Sawai
สุรินทร์,Surin,เมืองสุรินทร์,Mueang Surin,เฉนียง,Chaniang
สุรินทร์,Surin,เมืองสุรินทร์,Mueang Surin,เทนมีย์,Thenmi
สุรินทร์,Surin,เมืองสุรินทร์,Mueang Surin,นาบัว,Na Bua
สุรินทร์,Surin,เมืองสุรินทร์,Mueang Surin,เมืองที,Mueang Thi
สุรินทร์,Surin,เมืองสุรินทร์,Mueang Surin,ราม,Ram
สุรินทร์,Surin,เมืองสุรินทร์,Mueang Surin,บุฤาษี,Bu Ruesi
สุรินทร์,Surin,เมืองสุรินทร์,Mueang Surin,ตระแสง,Trasaeng
สุรินทร์,Surin,เมืองสุรินทร์,Mueang Surin,แสลงพันธ์,Salaeng Phan
สุรินทร์,Surin,เมืองสุรินทร์,Mueang Surin,กาเกาะ,Ka Ko
สุรินทร์,Surin,ชุมพลบุรี,Chumphon Buri,ชุมพลบุรี,Chumphon Buri
สุรินทร์,Surin,ชุมพลบุรี,Chumphon Buri,นาหนองไผ่,Na Nong Phai
สุรินทร์,Surin,ชุมพลบุรี,Chumphon Buri,ไพรขลา,Phrai Khla
สุรินทร์,Surin,ชุมพลบุรี,Chumphon Buri,ศรีณรงค์,Si Narong
สุรินทร์,Surin,ชุมพลบุรี,Chumphon Buri,ยะวึก,Yawuek
สุรินทร์,Surin,ชุมพลบุรี,Chumphon Buri,เมืองบัว,Mueang Bua
สุรินทร์,Surin,ชุมพลบุรี,Chumphon Buri,สระขุด,Sa Khut
สุรินทร์,Surin,ชุมพลบุรี,Chumphon Buri,กระเบื้อง,Krabueang
สุรินทร์,Surin,ชุมพลบุรี,Chumphon Buri,หนองเรือ,Nong Ruea
สุรินทร์,Surin,ท่าตูม,Tha Tum,ท่าตูม,Tha Tum
สุรินทร์,Surin,ท่าตูม,Tha Tum,กระโพ,Krapho
สุรินทร์,Surin,ท่าตูม,Tha Tum,พรมเทพ,Phrom Thep
สุรินทร์,Surin,ท่าตูม,Tha Tum,โพนครก,Phon Khrok
สุรินทร์,Surin,ท่าตูม,Tha Tum,เมืองแก,Mueang Kae
สุรินทร์,Surin,ท่าตูม,Tha Tum,บะ,Ba
สุรินทร์,Surin,ท่าตูม,Tha Tum,หนองบัว,Nong Bua
สุรินทร์,Surin,ท่าตูม,Tha Tum,บัวโคก,Bua Khok
สุรินทร์,Surin,ท่าตูม,Tha Tum,หนองเมธี,Nong Methi
สุรินทร์,Surin,ท่าตูม,Tha Tum,ทุ่งกุลา,Thung Kula
สุรินทร์,Surin,จอมพระ,Chom Phra,จอมพระ,Chom Phra
สุรินทร์,Surin,จอมพระ,Chom Phra,เมืองลีง,Mueang Ling
สุรินทร์,Surin,จอมพระ,Chom Phra,กระหาด,Krahat
สุรินทร์,Surin,จอมพระ,Chom Phra,บุแกรง,Bu Kraeng
สุรินทร์,Surin,จอมพระ,Chom Phra,หนองสนิท,Nong Sanit
สุรินทร์,Surin,จอมพระ,Chom Phra,บ้านผือ,Ban Phue
สุรินทร์,Surin,จอมพระ,Chom Phra,ลุ่มระวี,Lum Rawi
สุรินทร์,Surin,จอมพระ,Chom Phra,ชุมแสง,Chum Saeng
สุรินทร์,Surin,จอมพระ,Chom Phra,เป็นสุข,Pen Suk
สุรินทร์,Surin,ปราสาท,Prasat,กังแอน,Kang-aen
สุรินทร์,Surin,ปราสาท,Prasat,ทมอ,Thamo
สุรินทร์,Surin,ปราสาท,Prasat,ไพล,Phlai
สุรินทร์,Surin,ปราสาท,Prasat,ปรือ,Prue
สุรินทร์,Surin,ปราสาท,Prasat,ทุ่งมน,Thung Mon
สุรินทร์,Surin,ปราสาท,Prasat,ตาเบา,Ta Bao
สุรินทร์,Surin,ปราสาท,Prasat,หนองใหญ่,Nong Yai
สุรินทร์,Surin,ปราสาท,Prasat,โคกยาง,Khok Yang
สุรินทร์,Surin,ปราสาท,Prasat,โคกสะอาด,Khok Sa-at
สุรินทร์,Surin,ปราสาท,Prasat,บ้านไทร,Ban Sai
สุรินทร์,Surin,ปราสาท,Prasat,โชคนาสาม,Chok Na Sam
สุรินทร์,Surin,ปราสาท,Prasat,เชื้อเพลิง,Chuea Phloeng
สุรินทร์,Surin,ปราสาท,Prasat,ปราสาททนง,Prasat Thanong
สุรินทร์,Surin,ปราสาท,Prasat,ตานี,Tani
สุรินทร์,Surin,ปราสาท,Prasat,บ้านพลวง,Ban Phluang
สุรินทร์,Surin,ปราสาท,Prasat,กันตวจระมวล,Kantuat Ramuan
สุรินทร์,Surin,ปราสาท,Prasat,สมุด,Samut
สุรินทร์,Surin,ปราสาท,Prasat,ประทัดบุ,Prathat Bu
สุรินทร์,Surin,กาบเชิง,Kap Choeng,กาบเชิง,Kap Choeng
สุรินทร์,Surin,กาบเชิง,Kap Choeng,คูตัน,Khu Tan
สุรินทร์,Surin,กาบเชิง,Kap Choeng,ด่าน,Dan
สุรินทร์,Surin,กาบเชิง,Kap Choeng,แนงมุด,Naeng Mut
สุรินทร์,Surin,กาบเชิง,Kap Choeng,โคกตะเคียน,Khok Takhian
สุรินทร์,Surin,กาบเชิง,Kap Choeng,ตะเคียน,Takhian
สุรินทร์,Surin,รัตนบุรี,Rattanaburi,รัตนบุรี,Rattanaburi
สุรินทร์,Surin,รัตนบุรี,Rattanaburi,ธาตุ,That
สุรินทร์,Surin,รัตนบุรี,Rattanaburi,แก,Kae
สุรินทร์,Surin,รัตนบุรี,Rattanaburi,ดอนแรด,Don Raet
สุรินทร์,Surin,รัตนบุรี,Rattanaburi,หนองบัวทอง,Nong Bua Thong
สุรินทร์,Surin,รัตนบุรี,Rattanaburi,หนองบัวบาน,Nong Bua Ban
สุรินทร์,Surin,รัตนบุรี,Rattanaburi,ไผ่,Phai
สุรินทร์,Surin,รัตนบุรี,Rattanaburi,เบิด,Boet
สุรินทร์,Surin,รัตนบุรี,Rattanaburi,น้ำเขียว,Nam Khiao
สุรินทร์,Surin,รัตนบุรี,Rattanaburi,กุดขาคีม,Kut Kha Khim
สุรินทร์,Surin,รัตนบุรี,Rattanaburi,ยางสว่าง,Yang Sawang
สุรินทร์,Surin,รัตนบุรี,Rattanaburi,ทับใหญ่,Thap Ya
สุรินทร์,Surin,สนม,Sanom,สนม,Sanom
สุรินทร์,Surin,สนม,Sanom,โพนโก,Phon Ko
สุรินทร์,Surin,สนม,Sanom,หนองระฆัง,Nong Rakhang
สุรินทร์,Surin,สนม,Sanom,นานวน,Na Nuan
สุรินทร์,Surin,สนม,Sanom,แคน,Khaen
สุรินทร์,Surin,สนม,Sanom,หัวงัว,Hua Ngua
สุรินทร์,Surin,สนม,Sanom,หนองอียอ,Nong I Yo
สุรินทร์,Surin,ศีขรภูมิ,Sikhoraphum,ระแงง,Ra-ngaeng
สุรินทร์,Surin,ศีขรภูมิ,Sikhoraphum,ตรึม,Truem
สุรินทร์,Surin,ศีขรภูมิ,Sikhoraphum,จารพัต,Charaphat
สุรินทร์,Surin,ศีขรภูมิ,Sikhoraphum,ยาง,Yang
สุรินทร์,Surin,ศีขรภูมิ,Sikhoraphum,แตล,Taen
สุรินทร์,Surin,ศีขรภูมิ,Sikhoraphum,หนองบัว,Nong Bua
สุรินทร์,Surin,ศีขรภูมิ,Sikhoraphum,คาละแมะ,Khalamae
สุรินทร์,Surin,ศีขรภูมิ,Sikhoraphum,หนองเหล็ก,Nong Lek
สุรินทร์,Surin,ศีขรภูมิ,Sikhoraphum,หนองขวาว,Nong Khwao
สุรินทร์,Surin,ศีขรภูมิ,Sikhoraphum,ช่างปี่,Chang Pi
สุรินทร์,Surin,ศีขรภูมิ,Sikhoraphum,กุดหวาย,Kut Wai
สุรินทร์,Surin,ศีขรภูมิ,Sikhoraphum,ขวาวใหญ่,Khwao Yai
สุรินทร์,Surin,ศีขรภูมิ,Sikhoraphum,นารุ่ง,Na Rung
สุรินทร์,Surin,ศีขรภูมิ,Sikhoraphum,ตรมไพร,Trom Phrai
สุรินทร์,Surin,ศีขรภูมิ,Sikhoraphum,ผักไหม,Phak Mai
สุรินทร์,Surin,สังขะ,Sangkha,สังขะ,Sangkha
สุรินทร์,Surin,สังขะ,Sangkha,ขอนแตก,Khon Taek
สุรินทร์,Surin,สังขะ,Sangkha,ดม,Dom
สุรินทร์,Surin,สังขะ,Sangkha,พระแก้ว,Phra Kaeo
สุรินทร์,Surin,สังขะ,Sangkha,บ้านจารย์,Ban Chan
สุรินทร์,Surin,สังขะ,Sangkha,กระเทียม,Krathiam
สุรินทร์,Surin,สังขะ,Sangkha,สะกาด,Sakat
สุรินทร์,Surin,สังขะ,Sangkha,ตาตุม,Ta Tum
สุรินทร์,Surin,สังขะ,Sangkha,ทับทัน,Thap Than
สุรินทร์,Surin,สังขะ,Sangkha,ตาคง,Ta Khong
สุรินทร์,Surin,สังขะ,Sangkha,บ้านชบ,Ban Chop
สุรินทร์,Surin,สังขะ,Sangkha,เทพรักษา,Thep Raksa
สุรินทร์,Surin,ลำดวน,Lamduan,ลำดวน,Lamduan
สุรินทร์,Surin,ลำดวน,Lamduan,โชคเหนือ,Chok Nuea
สุรินทร์,Surin,ลำดวน,Lamduan,อู่โลก,U Lok
สุรินทร์,Surin,ลำดวน,Lamduan,ตรำดม,Tram Dom
สุรินทร์,Surin,ลำดวน,Lamduan,ตระเปียงเตีย,Trapiang Tia
สุรินทร์,Surin,สำโรงทาบ,Samrong Thap,สำโรงทาบ,Samrong Thap
สุรินทร์,Surin,สำโรงทาบ,Samrong Thap,หนองไผ่ล้อม,Nong Phai Lom
สุรินทร์,Surin,สำโรงทาบ,Samrong Thap,กระออม,Kra-om
สุรินทร์,Surin,สำโรงทาบ,Samrong Thap,หนองฮะ,Nong Ha
สุรินทร์,Surin,สำโรงทาบ,Samrong Thap,ศรีสุข,Si Suk
สุรินทร์,Surin,สำโรงทาบ,Samrong Thap,เกาะแก้ว,Ko Kaeo
สุรินทร์,Surin,สำโรงทาบ,Samrong Thap,หมื่นศรี,Muen Si
สุรินทร์,Surin,สำโรงทาบ,Samrong Thap,เสม็จ,Samet
สุรินทร์,Surin,สำโรงทาบ,Samrong Thap,สะโน,Sano
สุรินทร์,Surin,สำโรงทาบ,Samrong Thap,ประดู่,Pradu
สุรินทร์,Surin,บัวเชด,Buachet,บัวเชด,Buachet
สุรินทร์,Surin,บัวเชด,Buachet,สะเดา,Sadao
สุรินทร์,Surin,บัวเชด,Buachet,จรัส,Charat
สุรินทร์,Surin,บัวเชด,Buachet,ตาวัง,Ta Wang
สุรินทร์,Surin,บัวเชด,Buachet,อาโพน,A Phon
สุรินทร์,Surin,บัวเชด,Buachet,สำเภาลูน,Samphao Lun
สุรินทร์,Surin,พนมดงรัก,Phanom Dong Rak,บักได,Bakdai
สุรินทร์,Surin,พนมดงรัก,Phanom Dong Rak,โคกกลาง,Khok Klang
สุรินทร์,Surin,พนมดงรัก,Phanom Dong Rak,จีกแดก,Chik Daek
สุรินทร์,Surin,พนมดงรัก,Phanom Dong Rak,ตาเมียง,Ta Miang
สุรินทร์,Surin,ศรีณรงค์,Si Narong,ณรงค์,Narong
สุรินทร์,Surin,ศรีณรงค์,Si Narong,แจนแวน,Chaenwaen
สุรินทร์,Surin,ศรีณรงค์,Si Narong,ตรวจ,Truat
สุรินทร์,Surin,ศรีณรงค์,Si Narong,หนองแวง,Nong Waeng
สุรินทร์,Surin,ศรีณรงค์,Si Narong,ศรีสุข,Si Suk
สุรินทร์,Surin,เขวาสินรินทร์,Khwao Sinarin,เขวาสินรินทร์,Khwao Sinarin
สุรินทร์,Surin,เขวาสินรินทร์,Khwao Sinarin,บึง,Bueng
สุรินทร์,Surin,เขวาสินรินทร์,Khwao Sinarin,ตากูก,Ta Kuk
สุรินทร์,Surin,เขวาสินรินทร์,Khwao Sinarin,ปราสาททอง,Prasat Thong
สุรินทร์,Surin,เขวาสินรินทร์,Khwao Sinarin,บ้านแร่,Ban Rae
สุรินทร์,Surin,โนนนารายณ์,Non Narai,หนองหลวง,Nong Luang
สุรินทร์,Surin,โนนนารายณ์,Non Narai,คำผง,Kham Phong
สุรินทร์,Surin,โนนนารายณ์,Non Narai,โนน,Non
สุรินทร์,Surin,โนนนารายณ์,Non Narai,ระเวียง,Rawiang
สุรินทร์,Surin,โนนนารายณ์,Non Narai,หนองเทพ,Nong Thep
ศรีสะเกษ,Si Sa Ket,เมืองศรีสะเกษ,Mueang Si Sa Ket,เมืองเหนือ,Mueang Nuea
ศรีสะเกษ,Si Sa Ket,เมืองศรีสะเกษ,Mueang Si Sa Ket,เมืองใต้,Mueang Tai
ศรีสะเกษ,Si Sa Ket,เมืองศรีสะเกษ,Mueang Si Sa Ket,คูซอด,Khu Sot
ศรีสะเกษ,Si Sa Ket,เมืองศรีสะเกษ,Mueang Si Sa Ket,ซำ,Sam
ศรีสะเกษ,Si Sa Ket,เมืองศรีสะเกษ,Mueang Si Sa Ket,จาน,Chan
ศรีสะเกษ,Si Sa Ket,เมืองศรีสะเกษ,Mueang Si Sa Ket,ตะดอบ,Tadop
ศรีสะเกษ,Si Sa Ket,เมืองศรีสะเกษ,Mueang Si Sa Ket,หนองครก,Nong Khrok
ศรีสะเกษ,Si Sa Ket,เมืองศรีสะเกษ,Mueang Si Sa Ket,โพนข่า,Phon Kha
ศรีสะเกษ,Si Sa Ket,เมืองศรีสะเกษ,Mueang Si Sa Ket,โพนค้อ,Phon Kho
ศรีสะเกษ,Si Sa Ket,เมืองศรีสะเกษ,Mueang Si Sa Ket,โพนเขวา,Phon Khwao
ศรีสะเกษ,Si Sa Ket,เมืองศรีสะเกษ,Mueang Si Sa Ket,หญ้าปล้อง,Ya Plong
ศรีสะเกษ,Si Sa Ket,เมืองศรีสะเกษ,Mueang Si Sa Ket,ทุ่ม,Thum
ศรีสะเกษ,Si Sa Ket,เมืองศรีสะเกษ,Mueang Si Sa Ket,หนองไฮ,Nong Hai
ศรีสะเกษ,Si Sa Ket,เมืองศรีสะเกษ,Mueang Si Sa Ket,หนองแก้ว,Nong Kaeo
ศรีสะเกษ,Si Sa Ket,เมืองศรีสะเกษ,Mueang Si Sa Ket,น้ำคำ,Nam Kham
ศรีสะเกษ,Si Sa Ket,เมืองศรีสะเกษ,Mueang Si Sa Ket,โพธิ์,Pho
ศรีสะเกษ,Si Sa Ket,เมืองศรีสะเกษ,Mueang Si Sa Ket,หมากเขียบ,Mak Khiap
ศรีสะเกษ,Si Sa Ket,เมืองศรีสะเกษ,Mueang Si Sa Ket,หนองไผ่,Nong Phai
ศรีสะเกษ,Si Sa Ket,ยางชุมน้อย,Yang Chum Noi,ยางชุมน้อย,Yang Chum Noi
ศรีสะเกษ,Si Sa Ket,ยางชุมน้อย,Yang Chum Noi,ลิ้นฟ้า,Lin Fa
ศรีสะเกษ,Si Sa Ket,ยางชุมน้อย,Yang Chum Noi,คอนกาม,Khon Kam
ศรีสะเกษ,Si Sa Ket,ยางชุมน้อย,Yang Chum Noi,โนนคูณ,Non Khun
ศรีสะเกษ,Si Sa Ket,ยางชุมน้อย,Yang Chum Noi,กุดเมืองฮาม,Kut Mueang Ham
ศรีสะเกษ,Si Sa Ket,ยางชุมน้อย,Yang Chum Noi,บึงบอน,Bueng Bon
ศรีสะเกษ,Si Sa Ket,ยางชุมน้อย,Yang Chum Noi,ยางชุมใหญ่,Yang Chum Yai
ศรีสะเกษ,Si Sa Ket,กันทรารมย์,Kanthararom,ดูน,Dun
ศรีสะเกษ,Si Sa Ket,กันทรารมย์,Kanthararom,โนนสัง,Non Sang
ศรีสะเกษ,Si Sa Ket,กันทรารมย์,Kanthararom,หนองหัวช้าง,Nong Hua Chang
ศรีสะเกษ,Si Sa Ket,กันทรารมย์,Kanthararom,ยาง,Yang
ศรีสะเกษ,Si Sa Ket,กันทรารมย์,Kanthararom,หนองแวง,Nong Waeng
ศรีสะเกษ,Si Sa Ket,กันทรารมย์,Kanthararom,หนองแก้ว,Nong Kaeo
ศรีสะเกษ,Si Sa Ket,กันทรารมย์,Kanthararom,ทาม,Tham
ศรีสะเกษ,Si Sa Ket,กันทรารมย์,Kanthararom,ละทาย,Lathai
ศรีสะเกษ,Si Sa Ket,กันทรารมย์,Kanthararom,เมืองน้อย,Mueang Noi
ศรีสะเกษ,Si Sa Ket,กันทรารมย์,Kanthararom,อีปาด,I Pat
ศรีสะเกษ,Si Sa Ket,กันทรารมย์,Kanthararom,บัวน้อย,Bua Noi
ศรีสะเกษ,Si Sa Ket,กันทรารมย์,Kanthararom,หนองบัว,Nong Bua
ศรีสะเกษ,Si Sa Ket,กันทรารมย์,Kanthararom,ดู่,Du
ศรีสะเกษ,Si Sa Ket,กันทรารมย์,Kanthararom,ผักแพว,Phak Phaeo
ศรีสะเกษ,Si Sa Ket,กันทรารมย์,Kanthararom,จาน,Chan
ศรีสะเกษ,Si Sa Ket,กันทรารมย์,Kanthararom,คำเนียม,Kham Niam
ศรีสะเกษ,Si Sa Ket,กันทรลักษ์,Kantharalak,บึงมะลู,Bueng Malu
ศรีสะเกษ,Si Sa Ket,กันทรลักษ์,Kantharalak,กุดเสลา,Kut Salao
ศรีสะเกษ,Si Sa Ket,กันทรลักษ์,Kantharalak,เมือง,Mueang
ศรีสะเกษ,Si Sa Ket,กันทรลักษ์,Kantharalak,สังเม็ก,Sang Mek
ศรีสะเกษ,Si Sa Ket,กันทรลักษ์,Kantharalak,น้ำอ้อม,Nam Om
ศรีสะเกษ,Si Sa Ket,กันทรลักษ์,Kantharalak,ละลาย,Lalai
ศรีสะเกษ,Si Sa Ket,กันทรลักษ์,Kantharalak,รุง,Rung
ศรีสะเกษ,Si Sa Ket,กันทรลักษ์,Kantharalak,ตระกาจ,Trakat
ศรีสะเกษ,Si Sa Ket,กันทรลักษ์,Kantharalak,จานใหญ่,Chan Yai
ศรีสะเกษ,Si Sa Ket,กันทรลักษ์,Kantharalak,ภูเงิน,Phu Ngoen
ศรีสะเกษ,Si Sa Ket,กันทรลักษ์,Kantharalak,ชำ,Cham
ศรีสะเกษ,Si Sa Ket,กันทรลักษ์,Kantharalak,กระแชง,Krachaeng
ศรีสะเกษ,Si Sa Ket,กันทรลักษ์,Kantharalak,โนนสำราญ,Non Samran
ศรีสะเกษ,Si Sa Ket,กันทรลักษ์,Kantharalak,หนองหญ้าลาด,Nong Ya Lat
ศรีสะเกษ,Si Sa Ket,กันทรลักษ์,Kantharalak,เสาธงชัย,Sao Thong Chai
ศรีสะเกษ,Si Sa Ket,กันทรลักษ์,Kantharalak,ขนุน,Khanun
ศรีสะเกษ,Si Sa Ket,กันทรลักษ์,Kantharalak,สวนกล้วย,Suan Kluai
ศรีสะเกษ,Si Sa Ket,กันทรลักษ์,Kantharalak,เวียงเหนือ,Wiang Nuea
ศรีสะเกษ,Si Sa Ket,กันทรลักษ์,Kantharalak,ทุ่งใหญ่,Thung Yai
ศรีสะเกษ,Si Sa Ket,กันทรลักษ์,Kantharalak,ภูผาหมอก,Phu Pha Mok
ศรีสะเกษ,Si Sa Ket,ขุขันธ์,Khukhan,กันทรารมย์,Kanthararom
ศรีสะเกษ,Si Sa Ket,ขุขันธ์,Khukhan,จะกง,Chakong
ศรีสะเกษ,Si Sa Ket,ขุขันธ์,Khukhan,ใจดี,Chai Di
ศรีสะเกษ,Si Sa Ket,ขุขันธ์,Khukhan,ดองกำเม็ด,Dong Kammet
ศรีสะเกษ,Si Sa Ket,ขุขันธ์,Khukhan,โสน,Sano
ศรีสะเกษ,Si Sa Ket,ขุขันธ์,Khukhan,ปรือใหญ่,Prue Yai
ศรีสะเกษ,Si Sa Ket,ขุขันธ์,Khukhan,สะเดาใหญ่,Sadao Yai
ศรีสะเกษ,Si Sa Ket,ขุขันธ์,Khukhan,ตาอุด,Ta Ut
ศรีสะเกษ,Si Sa Ket,ขุขันธ์,Khukhan,ห้วยเหนือ,Huai Nuea
ศรีสะเกษ,Si Sa Ket,ขุขันธ์,Khukhan,ห้วยใต้,Huai Tai
ศรีสะเกษ,Si Sa Ket,ขุขันธ์,Khukhan,หัวเสือ,Hua Suea
ศรีสะเกษ,Si Sa Ket,ขุขันธ์,Khukhan,ตะเคียน,Takhian
ศรีสะเกษ,Si Sa Ket,ขุขันธ์,Khukhan,นิคมพัฒนา,Nikhom Phatthana
ศรีสะเกษ,Si Sa Ket,ขุขันธ์,Khukhan,โคกเพชร,Khok Phet
ศรีสะเกษ,Si Sa Ket,ขุขันธ์,Khukhan,ปราสาท,Prasat
ศรีสะเกษ,Si Sa Ket,ขุขันธ์,Khukhan,สำโรงตาเจ็น,Samrong Ta Chen
ศรีสะเกษ,Si Sa Ket,ขุขันธ์,Khukhan,ห้วยสำราญ,Huai Samran
ศรีสะเกษ,Si Sa Ket,ขุขันธ์,Khukhan,กฤษณา,Kritsana
ศรีสะเกษ,Si Sa Ket,ขุขันธ์,Khukhan,ลมศักดิ์,Lom Sak
ศรีสะเกษ,Si Sa Ket,ขุขันธ์,Khukhan,หนองฉลอง,Nong Chalong
ศรีสะเกษ,Si Sa Ket,ขุขันธ์,Khukhan,ศรีตระกูล,Si Trakun
ศรีสะเกษ,Si Sa Ket,ขุขันธ์,Khukhan,ศรีสะอาด,Si Sa-at
ศรีสะเกษ,Si Sa Ket,ไพรบึง,Phrai Bueng,ไพรบึง,Phrai Bueng
ศรีสะเกษ,Si Sa Ket,ไพรบึง,Phrai Bueng,ดินแดง,Din Daeng
ศรีสะเกษ,Si Sa Ket,ไพรบึง,Phrai Bueng,ปราสาทเยอ,Prasat Yoe
ศรีสะเกษ,Si Sa Ket,ไพรบึง,Phrai Bueng,สำโรงพลัน,Samrong Phlan
ศรีสะเกษ,Si Sa Ket,ไพรบึง,Phrai Bueng,สุขสวัสดิ์,Suk Sawat
ศรีสะเกษ,Si Sa Ket,ไพรบึง,Phrai Bueng,โนนปูน,Non Pun
ศรีสะเกษ,Si Sa Ket,ปรางค์กู่,Prang Ku,พิมาย,Phimai
ศรีสะเกษ,Si Sa Ket,ปรางค์กู่,Prang Ku,กู่,Ku
ศรีสะเกษ,Si Sa Ket,ปรางค์กู่,Prang Ku,หนองเชียงทูน,Nong Chiang Thun
ศรีสะเกษ,Si Sa Ket,ปรางค์กู่,Prang Ku,ตูม,Tum
ศรีสะเกษ,Si Sa Ket,ปรางค์กู่,Prang Ku,สมอ,Samo
ศรีสะเกษ,Si Sa Ket,ปรางค์กู่,Prang Ku,โพธิ์ศรี,Pho Si
ศรีสะเกษ,Si Sa Ket,ปรางค์กู่,Prang Ku,สำโรงปราสาท,Samrong Prasat
ศรีสะเกษ,Si Sa Ket,ปรางค์กู่,Prang Ku,ดู่,Du
ศรีสะเกษ,Si Sa Ket,ปรางค์กู่,Prang Ku,สวาย,Sawai
ศรีสะเกษ,Si Sa Ket,ปรางค์กู่,Prang Ku,พิมายเหนือ,Phimai Nuea
ศรีสะเกษ,Si Sa Ket,ขุนหาญ,Khun Han,สิ,Si
ศรีสะเกษ,Si Sa Ket,ขุนหาญ,Khun Han,บักดอง,Bak Dong
ศรีสะเกษ,Si Sa Ket,ขุนหาญ,Khun Han,พราน,Phran
ศรีสะเกษ,Si Sa Ket,ขุนหาญ,Khun Han,โพธิ์วงศ์,Pho Wong
ศรีสะเกษ,Si Sa Ket,ขุนหาญ,Khun Han,ไพร,Phrai
ศรีสะเกษ,Si Sa Ket,ขุนหาญ,Khun Han,กระหวัน,Krawan
ศรีสะเกษ,Si Sa Ket,ขุนหาญ,Khun Han,ขุนหาญ,Khun Han
ศรีสะเกษ,Si Sa Ket,ขุนหาญ,Khun Han,โนนสูง,Non Sung
ศรีสะเกษ,Si Sa Ket,ขุนหาญ,Khun Han,กันทรอม,Kanthrom
ศรีสะเกษ,Si Sa Ket,ขุนหาญ,Khun Han,ภูฝ้าย,Phu Fai
ศรีสะเกษ,Si Sa Ket,ขุนหาญ,Khun Han,โพธิ์กระสังข์,Pho Krasang
ศรีสะเกษ,Si Sa Ket,ขุนหาญ,Khun Han,ห้วยจันทร์,Huai Chan
ศรีสะเกษ,Si Sa Ket,ราษีไศล,Rasi Salai,เมืองคง,Mueang Khong
ศรีสะเกษ,Si Sa Ket,ราษีไศล,Rasi Salai,เมืองแคน,Muang Khaen
ศรีสะเกษ,Si Sa Ket,ราษีไศล,Rasi Salai,หนองแค,Nong Khae
ศรีสะเกษ,Si Sa Ket,ราษีไศล,Rasi Salai,จิกสังข์ทอง,Chik Sang Thong
ศรีสะเกษ,Si Sa Ket,ราษีไศล,Rasi Salai,ด่าน,Dan
ศรีสะเกษ,Si Sa Ket,ราษีไศล,Rasi Salai,ดู่,Du
ศรีสะเกษ,Si Sa Ket,ราษีไศล,Rasi Salai,หนองอึ่ง,Nong Ueng
ศรีสะเกษ,Si Sa Ket,ราษีไศล,Rasi Salai,บัวหุ่ง,Bua Hung
ศรีสะเกษ,Si Sa Ket,ราษีไศล,Rasi Salai,ไผ่,Phai
ศรีสะเกษ,Si Sa Ket,ราษีไศล,Rasi Salai,ส้มป่อย,Som Poi
ศรีสะเกษ,Si Sa Ket,ราษีไศล,Rasi Salai,หนองหมี,Nong Mi
ศรีสะเกษ,Si Sa Ket,ราษีไศล,Rasi Salai,หว้านคำ,Wan Kham
ศรีสะเกษ,Si Sa Ket,ราษีไศล,Rasi Salai,สร้างปี่,Sang Pi
ศรีสะเกษ,Si Sa Ket,อุทุมพรพิสัย,Uthumphon Phisai,กำแพง,Kamphaeng
ศรีสะเกษ,Si Sa Ket,อุทุมพรพิสัย,Uthumphon Phisai,อี่หล่ำ,I Lam
ศรีสะเกษ,Si Sa Ket,อุทุมพรพิสัย,Uthumphon Phisai,ก้านเหลือง,Kan Lueang
ศรีสะเกษ,Si Sa Ket,อุทุมพรพิสัย,Uthumphon Phisai,ทุ่งไชย,Thung Chai
ศรีสะเกษ,Si Sa Ket,อุทุมพรพิสัย,Uthumphon Phisai,สำโรง,Samrong
ศรีสะเกษ,Si Sa Ket,อุทุมพรพิสัย,Uthumphon Phisai,แขม,Khaem
ศรีสะเกษ,Si Sa Ket,อุทุมพรพิสัย,Uthumphon Phisai,หนองไฮ,Nong Hai
ศรีสะเกษ,Si Sa Ket,อุทุมพรพิสัย,Uthumphon Phisai,ขะยูง,Khayung
ศรีสะเกษ,Si Sa Ket,อุทุมพรพิสัย,Uthumphon Phisai,ตาเกษ,Ta Ket
ศรีสะเกษ,Si Sa Ket,อุทุมพรพิสัย,Uthumphon Phisai,หัวช้าง,Hua Chang
ศรีสะเกษ,Si Sa Ket,อุทุมพรพิสัย,Uthumphon Phisai,รังแร้ง,Rang Raeng
ศรีสะเกษ,Si Sa Ket,อุทุมพรพิสัย,Uthumphon Phisai,แต้,Tae
ศรีสะเกษ,Si Sa Ket,อุทุมพรพิสัย,Uthumphon Phisai,แข้,Khae
ศรีสะเกษ,Si Sa Ket,อุทุมพรพิสัย,Uthumphon Phisai,โพธิ์ชัย,Pho Chai
ศรีสะเกษ,Si Sa Ket,อุทุมพรพิสัย,Uthumphon Phisai,ปะอาว,Pa Ao
ศรีสะเกษ,Si Sa Ket,อุทุมพรพิสัย,Uthumphon Phisai,หนองห้าง,Nong Hang
ศรีสะเกษ,Si Sa Ket,อุทุมพรพิสัย,Uthumphon Phisai,สระกำแพงใหญ่,Sa Kamphaeng Yai
ศรีสะเกษ,Si Sa Ket,อุทุมพรพิสัย,Uthumphon Phisai,โคกหล่าม,Khok Lam
ศรีสะเกษ,Si Sa Ket,อุทุมพรพิสัย,Uthumphon Phisai,โคกจาน,Khok Chan
ศรีสะเกษ,Si Sa Ket,บึงบูรพ์,Bueng Bun,เป๊าะ,Po
ศรีสะเกษ,Si Sa Ket,บึงบูรพ์,Bueng Bun,บึงบูรพ์,Bueng Bun
ศรีสะเกษ,Si Sa Ket,ห้วยทับทัน,Huai Thap Than,ห้วยทับทัน,Huai Thap Than
ศรีสะเกษ,Si Sa Ket,ห้วยทับทัน,Huai Thap Than,เมืองหลวง,Mueang Luang
ศรีสะเกษ,Si Sa Ket,ห้วยทับทัน,Huai Thap Than,กล้วยกว้าง,Kluai Kwang
ศรีสะเกษ,Si Sa Ket,ห้วยทับทัน,Huai Thap Than,ผักไหม,Phak Mai
ศรีสะเกษ,Si Sa Ket,ห้วยทับทัน,Huai Thap Than,จานแสนไชย,Chan Saen Chai
ศรีสะเกษ,Si Sa Ket,ห้วยทับทัน,Huai Thap Than,ปราสาท,Prasat
ศรีสะเกษ,Si Sa Ket,โนนคูณ,Non Khun,โนนค้อ,Non Kho
ศรีสะเกษ,Si Sa Ket,โนนคูณ,Non Khun,บก,Bok
ศรีสะเกษ,Si Sa Ket,โนนคูณ,Non Khun,โพธิ์,Pho
ศรีสะเกษ,Si Sa Ket,โนนคูณ,Non Khun,หนองกุง,Nong Kung
ศรีสะเกษ,Si Sa Ket,โนนคูณ,Non Khun,เหล่ากวาง,Lao Kwang
ศรีสะเกษ,Si Sa Ket,ศรีรัตนะ,Si Rattana,ศรีแก้ว,Si Kaeo
ศรีสะเกษ,Si Sa Ket,ศรีรัตนะ,Si Rattana,พิงพวย,Phing Phuai
ศรีสะเกษ,Si Sa Ket,ศรีรัตนะ,Si Rattana,สระเยาว์,Sa Yao
ศรีสะเกษ,Si Sa Ket,ศรีรัตนะ,Si Rattana,ตูม,Tum
ศรีสะเกษ,Si Sa Ket,ศรีรัตนะ,Si Rattana,เสื่องข้าว,Sueang Khao
ศรีสะเกษ,Si Sa Ket,ศรีรัตนะ,Si Rattana,ศรีโนนงาม,Si Non Ngam
ศรีสะเกษ,Si Sa Ket,ศรีรัตนะ,Si Rattana,สะพุง,Saphung
ศรีสะเกษ,Si Sa Ket,น้ำเกลี้ยง,Nam Kliang,น้ำเกลี้ยง,Nam Kliang
ศรีสะเกษ,Si Sa Ket,น้ำเกลี้ยง,Nam Kliang,ละเอาะ,La-o
ศรีสะเกษ,Si Sa Ket,น้ำเกลี้ยง,Nam Kliang,ตองปิด,Tong Pit
ศรีสะเกษ,Si Sa Ket,น้ำเกลี้ยง,Nam Kliang,เขิน,Khoen
ศรีสะเกษ,Si Sa Ket,น้ำเกลี้ยง,Nam Kliang,รุ่งระวี,Rung Rawi
ศรีสะเกษ,Si Sa Ket,น้ำเกลี้ยง,Nam Kliang,คูบ,Khup
ศรีสะเกษ,Si Sa Ket,วังหิน,Wang Hin,บุสูง,Bu Sung
ศรีสะเกษ,Si Sa Ket,วังหิน,Wang Hin,ธาตุ,That
ศรีสะเกษ,Si Sa Ket,วังหิน,Wang Hin,ดวนใหญ่,Duan Yai
ศรีสะเกษ,Si Sa Ket,วังหิน,Wang Hin,บ่อแก้ว,Bo Kaeo
ศรีสะเกษ,Si Sa Ket,วังหิน,Wang Hin,ศรีสำราญ,Si Samran
ศรีสะเกษ,Si Sa Ket,วังหิน,Wang Hin,ทุ่งสว่าง,Thung Sawang
ศรีสะเกษ,Si Sa Ket,วังหิน,Wang Hin,วังหิน,Wang Hin
ศรีสะเกษ,Si Sa Ket,วังหิน,Wang Hin,โพนยาง,Phon Yang
ศรีสะเกษ,Si Sa Ket,ภูสิงห์,Phu Sing,โคกตาล,Khok Tan
ศรีสะเกษ,Si Sa Ket,ภูสิงห์,Phu Sing,ห้วยตามอญ,Huai Ta Mon
ศรีสะเกษ,Si Sa Ket,ภูสิงห์,Phu Sing,ห้วยตึ๊กชู,Huai Tuekchu
ศรีสะเกษ,Si Sa Ket,ภูสิงห์,Phu Sing,ละลม,Lalom
ศรีสะเกษ,Si Sa Ket,ภูสิงห์,Phu Sing,ตะเคียนราม,Takhian Ram
ศรีสะเกษ,Si Sa Ket,ภูสิงห์,Phu Sing,ดงรัก,Dong Rak
ศรีสะเกษ,Si Sa Ket,ภูสิงห์,Phu Sing,ไพรพัฒนา,Phrai Phatthana
ศรีสะเกษ,Si Sa Ket,เมืองจันทร์,Mueang Chan,เมืองจันทร์,Mueang Chan
ศรีสะเกษ,Si Sa Ket,เมืองจันทร์,Mueang Chan,ตาโกน,Takon
ศรีสะเกษ,Si Sa Ket,เมืองจันทร์,Mueang Chan,หนองใหญ่,Nong Yai
ศรีสะเกษ,Si Sa Ket,เบญจลักษ์,Benchalak,เสียว,Siao
ศรีสะเกษ,Si Sa Ket,เบญจลักษ์,Benchalak,หนองหว้า,Nong Wa
ศรีสะเกษ,Si Sa Ket,เบญจลักษ์,Benchalak,หนองงูเหลือม,Nong Ngu Lueam
ศรีสะเกษ,Si Sa Ket,เบญจลักษ์,Benchalak,หนองฮาง,Nong Hang
ศรีสะเกษ,Si Sa Ket,เบญจลักษ์,Benchalak,ท่าคล้อ,Tha Khlo
ศรีสะเกษ,Si Sa Ket,พยุห์,Phayu,พยุห์,Phayu
ศรีสะเกษ,Si Sa Ket,พยุห์,Phayu,พรหมสวัสดิ์,Phrom Sawat
ศรีสะเกษ,Si Sa Ket,พยุห์,Phayu,ตำแย,Tamyae
ศรีสะเกษ,Si Sa Ket,พยุห์,Phayu,โนนเพ็ก,Non Phek
ศรีสะเกษ,Si Sa Ket,พยุห์,Phayu,หนองค้า,Nong Kha
ศรีสะเกษ,Si Sa Ket,โพธิ์ศรีสุวรรณ,Pho Si Suwan,โดด,Dot
ศรีสะเกษ,Si Sa Ket,โพธิ์ศรีสุวรรณ,Pho Si Suwan,เสียว,Siao
ศรีสะเกษ,Si Sa Ket,โพธิ์ศรีสุวรรณ,Pho Si Suwan,หนองม้า,Nong Ma
ศรีสะเกษ,Si Sa Ket,โพธิ์ศรีสุวรรณ,Pho Si Suwan,ผือใหญ่,Phue Yai
ศรีสะเกษ,Si Sa Ket,โพธิ์ศรีสุวรรณ,Pho Si Suwan,อีเซ,I Se
ศรีสะเกษ,Si Sa Ket,ศิลาลาด,Sila Lat,กุง,Kung
ศรีสะเกษ,Si Sa Ket,ศิลาลาด,Sila Lat,คลีกลิ้ง,Kleek Ling
ศรีสะเกษ,Si Sa Ket,ศิลาลาด,Sila Lat,หนองบัวดง,Nong Bua Dong
ศรีสะเกษ,Si Sa Ket,ศิลาลาด,Sila Lat,โจดม่วง,Jod Maung
อุบลราชธานี,Ubon Ratchathani,เมืองอุบลราชธานี,Mueang Ubon Ratchathani,ในเมือง,Nai Mueang
อุบลราชธานี,Ubon Ratchathani,เมืองอุบลราชธานี,Mueang Ubon Ratchathani,หัวเรือ,Hua Ruea
อุบลราชธานี,Ubon Ratchathani,เมืองอุบลราชธานี,Mueang Ubon Ratchathani,หนองขอน,Nong Khon
อุบลราชธานี,Ubon Ratchathani,เมืองอุบลราชธานี,Mueang Ubon Ratchathani,ปทุม,Pathum
อุบลราชธานี,Ubon Ratchathani,เมืองอุบลราชธานี,Mueang Ubon Ratchathani,ขามใหญ่,Kham Yai
อุบลราชธานี,Ubon Ratchathani,เมืองอุบลราชธานี,Mueang Ubon Ratchathani,แจระแม,Chaeramae
อุบลราชธานี,Ubon Ratchathani,เมืองอุบลราชธานี,Mueang Ubon Ratchathani,หนองบ่อ,Nong Bo
อุบลราชธานี,Ubon Ratchathani,เมืองอุบลราชธานี,Mueang Ubon Ratchathani,ไร่น้อย,Rai Noi
อุบลราชธานี,Ubon Ratchathani,เมืองอุบลราชธานี,Mueang Ubon Ratchathani,กระโสบ,Krasop
อุบลราชธานี,Ubon Ratchathani,เมืองอุบลราชธานี,Mueang Ubon Ratchathani,กุดลาด,Kut Lat
อุบลราชธานี,Ubon Ratchathani,เมืองอุบลราชธานี,Mueang Ubon Ratchathani,ขี้เหล็ก,Khilek
อุบลราชธานี,Ubon Ratchathani,เมืองอุบลราชธานี,Mueang Ubon Ratchathani,ปะอาว,Pa-ao
อุบลราชธานี,Ubon Ratchathani,ศรีเมืองใหม่,Si Mueang Mai,นาคำ,Na Kham
อุบลราชธานี,Ubon Ratchathani,ศรีเมืองใหม่,Si Mueang Mai,แก้งกอก,Kaeng Kok
อุบลราชธานี,Ubon Ratchathani,ศรีเมืองใหม่,Si Mueang Mai,เอือดใหญ่,Ueat Yai
อุบลราชธานี,Ubon Ratchathani,ศรีเมืองใหม่,Si Mueang Mai,วาริน,Warin
อุบลราชธานี,Ubon Ratchathani,ศรีเมืองใหม่,Si Mueang Mai,ลาดควาย,Lat Khwai
อุบลราชธานี,Ubon Ratchathani,ศรีเมืองใหม่,Si Mueang Mai,สงยาง,Song Yang
อุบลราชธานี,Ubon Ratchathani,ศรีเมืองใหม่,Si Mueang Mai,ตะบ่าย,Ta Bai
อุบลราชธานี,Ubon Ratchathani,ศรีเมืองใหม่,Si Mueang Mai,คำไหล,Kham Lai
อุบลราชธานี,Ubon Ratchathani,ศรีเมืองใหม่,Si Mueang Mai,หนามแท่ง,Nam Thaeng
อุบลราชธานี,Ubon Ratchathani,ศรีเมืองใหม่,Si Mueang Mai,นาเลิน,Na Loen
อุบลราชธานี,Ubon Ratchathani,ศรีเมืองใหม่,Si Mueang Mai,ดอนใหญ่,Don Yai
อุบลราชธานี,Ubon Ratchathani,โขงเจียม,Khong Chiam,โขงเจียม,Khong Chiam
อุบลราชธานี,Ubon Ratchathani,โขงเจียม,Khong Chiam,ห้วยยาง,Huai Yang
อุบลราชธานี,Ubon Ratchathani,โขงเจียม,Khong Chiam,นาโพธิ์กลาง,Na Pho Klang
อุบลราชธานี,Ubon Ratchathani,โขงเจียม,Khong Chiam,หนองแสงใหญ่,Nong Saeng Yai
อุบลราชธานี,Ubon Ratchathani,โขงเจียม,Khong Chiam,ห้วยไผ่,Huai Phai
อุบลราชธานี,Ubon Ratchathani,โขงเจียม,Khong Chiam,คำเขื่อนแก้ว,Kham Khuen Kaew
อุบลราชธานี,Ubon Ratchathani,เขื่องใน,Khueang Nai,เขื่องใน,Khueang Nai
อุบลราชธานี,Ubon Ratchathani,เขื่องใน,Khueang Nai,สร้างถ่อ,Sang Tho
อุบลราชธานี,Ubon Ratchathani,เขื่องใน,Khueang Nai,ค้อทอง,Kho Thong
อุบลราชธานี,Ubon Ratchathani,เขื่องใน,Khueang Nai,ก่อเอ้,Ko E
อุบลราชธานี,Ubon Ratchathani,เขื่องใน,Khueang Nai,หัวดอน,Hua Don
อุบลราชธานี,Ubon Ratchathani,เขื่องใน,Khueang Nai,ชีทวน,Chi Thuan
อุบลราชธานี,Ubon Ratchathani,เขื่องใน,Khueang Nai,ท่าไห,Tha Hai
อุบลราชธานี,Ubon Ratchathani,เขื่องใน,Khueang Nai,นาคำใหญ่,Na Kham Yai
อุบลราชธานี,Ubon Ratchathani,เขื่องใน,Khueang Nai,แดงหม้อ,Daeng Mo
อุบลราชธานี,Ubon Ratchathani,เขื่องใน,Khueang Nai,ธาตุน้อย,That Noi
อุบลราชธานี,Ubon Ratchathani,เขื่องใน,Khueang Nai,บ้านไทย,Ban Thai
อุบลราชธานี,Ubon Ratchathani,เขื่องใน,Khueang Nai,บ้านกอก,Ban Kok
อุบลราชธานี,Ubon Ratchathani,เขื่องใน,Khueang Nai,กลางใหญ่,Klang Yai
อุบลราชธานี,Ubon Ratchathani,เขื่องใน,Khueang Nai,โนนรัง,Non Rang
อุบลราชธานี,Ubon Ratchathani,เขื่องใน,Khueang Nai,ยางขี้นก,Yang Khi Nok
อุบลราชธานี,Ubon Ratchathani,เขื่องใน,Khueang Nai,ศรีสุข,Si Suk
อุบลราชธานี,Ubon Ratchathani,เขื่องใน,Khueang Nai,สหธาตุ,Sahathat
อุบลราชธานี,Ubon Ratchathani,เขื่องใน,Khueang Nai,หนองเหล่า,Nong Lao
อุบลราชธานี,Ubon Ratchathani,เขมราฐ,Khemarat,เขมราฐ,Khemarat
อุบลราชธานี,Ubon Ratchathani,เขมราฐ,Khemarat,ขามป้อม,Kham Pom
อุบลราชธานี,Ubon Ratchathani,เขมราฐ,Khemarat,เจียด,Chiat
อุบลราชธานี,Ubon Ratchathani,เขมราฐ,Khemarat,หนองผือ,Nong Phue
อุบลราชธานี,Ubon Ratchathani,เขมราฐ,Khemarat,นาแวง,Na Waeng
อุบลราชธานี,Ubon Ratchathani,เขมราฐ,Khemarat,แก้งเหนือ,Kaeng Nuea
อุบลราชธานี,Ubon Ratchathani,เขมราฐ,Khemarat,หนองนกทา,Nong Nok Tha
อุบลราชธานี,Ubon Ratchathani,เขมราฐ,Khemarat,หนองสิม,Nong Sim
อุบลราชธานี,Ubon Ratchathani,เขมราฐ,Khemarat,หัวนา,Hua Na
อุบลราชธานี,Ubon Ratchathani,เดชอุดม,Det Udom,เมืองเดช,Mueang Det
อุบลราชธานี,Ubon Ratchathani,เดชอุดม,Det Udom,นาส่วง,Na Suang
อุบลราชธานี,Ubon Ratchathani,เดชอุดม,Det Udom,นาเจริญ,Na Charoen
อุบลราชธานี,Ubon Ratchathani,เดชอุดม,Det Udom,ทุ่งเทิง,Thung Thoeng
อุบลราชธานี,Ubon Ratchathani,เดชอุดม,Det Udom,สมสะอาด,Som Sa-at
อุบลราชธานี,Ubon Ratchathani,เดชอุดม,Det Udom,กุดประทาย,Kut Prathai
อุบลราชธานี,Ubon Ratchathani,เดชอุดม,Det Udom,ตบหู,Top Hu
อุบลราชธานี,Ubon Ratchathani,เดชอุดม,Det Udom,กลาง,Klang
อุบลราชธานี,Ubon Ratchathani,เดชอุดม,Det Udom,แก้ง,Kaeng
อุบลราชธานี,Ubon Ratchathani,เดชอุดม,Det Udom,ท่าโพธิ์ศรี,Tha Pho Si
อุบลราชธานี,Ubon Ratchathani,เดชอุดม,Det Udom,บัวงาม,Bua Ngam
อุบลราชธานี,Ubon Ratchathani,เดชอุดม,Det Udom,คำครั่ง,Kham Khrang
อุบลราชธานี,Ubon Ratchathani,เดชอุดม,Det Udom,นากระแซง,Na Krasaeng
อุบลราชธานี,Ubon Ratchathani,เดชอุดม,Det Udom,โพนงาม,Phon Ngam
อุบลราชธานี,Ubon Ratchathani,เดชอุดม,Det Udom,ป่าโมง,Pa Mong
อุบลราชธานี,Ubon Ratchathani,เดชอุดม,Det Udom,โนนสมบูรณ์,Non Sombun
อุบลราชธานี,Ubon Ratchathani,นาจะหลวย,Na Chaluai,นาจะหลวย,Na Chaluai
อุบลราชธานี,Ubon Ratchathani,นาจะหลวย,Na Chaluai,โนนสมบูรณ์,Non Sombun
อุบลราชธานี,Ubon Ratchathani,นาจะหลวย,Na Chaluai,พรสวรรค์,Phon Sawan
อุบลราชธานี,Ubon Ratchathani,นาจะหลวย,Na Chaluai,บ้านตูม,Ban Tum
อุบลราชธานี,Ubon Ratchathani,นาจะหลวย,Na Chaluai,โสกแสง,Sok Saeng
อุบลราชธานี,Ubon Ratchathani,นาจะหลวย,Na Chaluai,โนนสวรรค์,Non Sawan
อุบลราชธานี,Ubon Ratchathani,น้ำยืน,Nam Yuen,โซง,Song
อุบลราชธานี,Ubon Ratchathani,น้ำยืน,Nam Yuen,ยาง,Yang
อุบลราชธานี,Ubon Ratchathani,น้ำยืน,Nam Yuen,โดมประดิษฐ์,Dom Pradit
อุบลราชธานี,Ubon Ratchathani,น้ำยืน,Nam Yuen,บุเปือย,Bu Pueai
อุบลราชธานี,Ubon Ratchathani,น้ำยืน,Nam Yuen,สีวิเชียร,Si Wichian
อุบลราชธานี,Ubon Ratchathani,น้ำยืน,Nam Yuen,ยางใหญ่,Yang Yai
อุบลราชธานี,Ubon Ratchathani,น้ำยืน,Nam Yuen,เก่าขาม,Kao Kham
อุบลราชธานี,Ubon Ratchathani,บุณฑริก,Buntharik,โพนงาม,Phon Ngam
อุบลราชธานี,Ubon Ratchathani,บุณฑริก,Buntharik,ห้วยข่า,Huai Kha
อุบลราชธานี,Ubon Ratchathani,บุณฑริก,Buntharik,คอแลน,Kho Laen
อุบลราชธานี,Ubon Ratchathani,บุณฑริก,Buntharik,นาโพธิ์,Na Pho
อุบลราชธานี,Ubon Ratchathani,บุณฑริก,Buntharik,หนองสะโน,Nong Sano
อุบลราชธานี,Ubon Ratchathani,บุณฑริก,Buntharik,โนนค้อ,Non Kho
อุบลราชธานี,Ubon Ratchathani,บุณฑริก,Buntharik,บัวงาม,Bua Ngam
อุบลราชธานี,Ubon Ratchathani,บุณฑริก,Buntharik,บ้านแมด,Ban Maet
อุบลราชธานี,Ubon Ratchathani,ตระการพืชผล,Trakan Phuet Phon,ขุหลุ,Khulu
อุบลราชธานี,Ubon Ratchathani,ตระการพืชผล,Trakan Phuet Phon,กระเดียน,Kradian
อุบลราชธานี,Ubon Ratchathani,ตระการพืชผล,Trakan Phuet Phon,เกษม,Kasem
อุบลราชธานี,Ubon Ratchathani,ตระการพืชผล,Trakan Phuet Phon,กุศกร,Kutsakon
อุบลราชธานี,Ubon Ratchathani,ตระการพืชผล,Trakan Phuet Phon,ขามเปี้ย,Kham Pia
อุบลราชธานี,Ubon Ratchathani,ตระการพืชผล,Trakan Phuet Phon,คอนสาย,Khon Sai
อุบลราชธานี,Ubon Ratchathani,ตระการพืชผล,Trakan Phuet Phon,โคกจาน,Khok Chan
อุบลราชธานี,Ubon Ratchathani,ตระการพืชผล,Trakan Phuet Phon,นาพิน,Na Phin
อุบลราชธานี,Ubon Ratchathani,ตระการพืชผล,Trakan Phuet Phon,นาสะไม,Na Samai
อุบลราชธานี,Ubon Ratchathani,ตระการพืชผล,Trakan Phuet Phon,โนนกุง,Non Kung
อุบลราชธานี,Ubon Ratchathani,ตระการพืชผล,Trakan Phuet Phon,ตระการ,Trakan
อุบลราชธานี,Ubon Ratchathani,ตระการพืชผล,Trakan Phuet Phon,ตากแดด,Tak Daet
อุบลราชธานี,Ubon Ratchathani,ตระการพืชผล,Trakan Phuet Phon,ไหล่ทุ่ง,Lai Thung
อุบลราชธานี,Ubon Ratchathani,ตระการพืชผล,Trakan Phuet Phon,เป้า,Pao
อุบลราชธานี,Ubon Ratchathani,ตระการพืชผล,Trakan Phuet Phon,เซเป็ด,Se Pet
อุบลราชธานี,Ubon Ratchathani,ตระการพืชผล,Trakan Phuet Phon,สะพือ,Saphue
อุบลราชธานี,Ubon Ratchathani,ตระการพืชผล,Trakan Phuet Phon,หนองเต่า,Nong Tao
อุบลราชธานี,Ubon Ratchathani,ตระการพืชผล,Trakan Phuet Phon,ถ้ำแข้,Tham Khae
อุบลราชธานี,Ubon Ratchathani,ตระการพืชผล,Trakan Phuet Phon,ท่าหลวง,Tha Luang
อุบลราชธานี,Ubon Ratchathani,ตระการพืชผล,Trakan Phuet Phon,ห้วยฝ้ายพัฒนา,Huai Fai Phatthana
อุบลราชธานี,Ubon Ratchathani,ตระการพืชผล,Trakan Phuet Phon,กุดยาลวน,Kut Ya Luan
อุบลราชธานี,Ubon Ratchathani,ตระการพืชผล,Trakan Phuet Phon,บ้านแดง,Ban Daeng
อุบลราชธานี,Ubon Ratchathani,ตระการพืชผล,Trakan Phuet Phon,คำเจริญ,Kham Charoen
อุบลราชธานี,Ubon Ratchathani,กุดข้าวปุ้น,Kut Khaopun,ข้าวปุ้น,Khaopun
อุบลราชธานี,Ubon Ratchathani,กุดข้าวปุ้น,Kut Khaopun,โนนสวาง,Non Sawang
อุบลราชธานี,Ubon Ratchathani,กุดข้าวปุ้น,Kut Khaopun,แก่งเค็ง,Kaeng Kheng
อุบลราชธานี,Ubon Ratchathani,กุดข้าวปุ้น,Kut Khaopun,กาบิน,Ka Bin
อุบลราชธานี,Ubon Ratchathani,กุดข้าวปุ้น,Kut Khaopun,หนองทันน้ำ,Nong Than Nam
อุบลราชธานี,Ubon Ratchathani,ม่วงสามสิบ,Muang Sam Sip,ม่วงสามสิบ,Muang Sam Sip
อุบลราชธานี,Ubon Ratchathani,ม่วงสามสิบ,Muang Sam Sip,เหล่าบก,Lao Bok
อุบลราชธานี,Ubon Ratchathani,ม่วงสามสิบ,Muang Sam Sip,ดุมใหญ่,Dum Yai
อุบลราชธานี,Ubon Ratchathani,ม่วงสามสิบ,Muang Sam Sip,หนองช้างใหญ่,Non Chang Yai
อุบลราชธานี,Ubon Ratchathani,ม่วงสามสิบ,Muang Sam Sip,หนองเมือง,Nong Mueang
อุบลราชธานี,Ubon Ratchathani,ม่วงสามสิบ,Muang Sam Sip,เตย,Toei
อุบลราชธานี,Ubon Ratchathani,ม่วงสามสิบ,Muang Sam Sip,ยางสักกระโพหลุ่ม,Yang Sak Krapho Lum
อุบลราชธานี,Ubon Ratchathani,ม่วงสามสิบ,Muang Sam Sip,หนองไข่นก,Nong Khai Nok
อุบลราชธานี,Ubon Ratchathani,ม่วงสามสิบ,Muang Sam Sip,หนองเหล่า,Nong Lao
อุบลราชธานี,Ubon Ratchathani,ม่วงสามสิบ,Muang Sam Sip,หนองฮาง,Nong Hang
อุบลราชธานี,Ubon Ratchathani,ม่วงสามสิบ,Muang Sam Sip,ยางโยภาพ,Yang Yo Phap
อุบลราชธานี,Ubon Ratchathani,ม่วงสามสิบ,Muang Sam Sip,ไผ่ใหญ่,Phai Yai
อุบลราชธานี,Ubon Ratchathani,ม่วงสามสิบ,Muang Sam Sip,นาเลิง,Na Loeng
อุบลราชธานี,Ubon Ratchathani,ม่วงสามสิบ,Muang Sam Sip,โพนแพง,Phon Phaeng
อุบลราชธานี,Ubon Ratchathani,วารินชำราบ,Warin Chamrap,วารินชำราบ,Warin Chamrap
อุบลราชธานี,Ubon Ratchathani,วารินชำราบ,Warin Chamrap,ธาตุ,That
อุบลราชธานี,Ubon Ratchathani,วารินชำราบ,Warin Chamrap,ท่าลาด,Tha Lat
อุบลราชธานี,Ubon Ratchathani,วารินชำราบ,Warin Chamrap,โนนโหนน,Non Non
อุบลราชธานี,Ubon Ratchathani,วารินชำราบ,Warin Chamrap,คูเมือง,Khu Mueang
อุบลราชธานี,Ubon Ratchathani,วารินชำราบ,Warin Chamrap,สระสมิง,Sa Saming
อุบลราชธานี,Ubon Ratchathani,วารินชำราบ,Warin Chamrap,คำน้ำแซบ,Kham Nam Saep
อุบลราชธานี,Ubon Ratchathani,วารินชำราบ,Warin Chamrap,บุ่งหวาย,Bung Wai
อุบลราชธานี,Ubon Ratchathani,วารินชำราบ,Warin Chamrap,คำขวาง,Kham Khwang
อุบลราชธานี,Ubon Ratchathani,วารินชำราบ,Warin Chamrap,โพธิ์ใหญ่,Pho Yai
อุบลราชธานี,Ubon Ratchathani,วารินชำราบ,Warin Chamrap,แสนสุข,Saen Suk
อุบลราชธานี,Ubon Ratchathani,วารินชำราบ,Warin Chamrap,หนองกินเพล,Nong Kin Phen
อุบลราชธานี,Ubon Ratchathani,วารินชำราบ,Warin Chamrap,โนนผึ้ง,Non Phueng
อุบลราชธานี,Ubon Ratchathani,วารินชำราบ,Warin Chamrap,เมืองศรีไค,Mueang Si Khai
อุบลราชธานี,Ubon Ratchathani,วารินชำราบ,Warin Chamrap,ห้วยขะยูง,Huai Khayung
อุบลราชธานี,Ubon Ratchathani,วารินชำราบ,Warin Chamrap,บุ่งไหม,Bung Mai
อุบลราชธานี,Ubon Ratchathani,พิบูลมังสาหาร,Phibun Mangsahan,พิบูล,Phibun
อุบลราชธานี,Ubon Ratchathani,พิบูลมังสาหาร,Phibun Mangsahan,กุดชมภู,Kut Chom Phu
อุบลราชธานี,Ubon Ratchathani,พิบูลมังสาหาร,Phibun Mangsahan,ดอนจิก,Don Chik
อุบลราชธานี,Ubon Ratchathani,พิบูลมังสาหาร,Phibun Mangsahan,ทรายมูล,Sai Mun
อุบลราชธานี,Ubon Ratchathani,พิบูลมังสาหาร,Phibun Mangsahan,นาโพธิ์,Na Pho
อุบลราชธานี,Ubon Ratchathani,พิบูลมังสาหาร,Phibun Mangsahan,โนนกลาง,Non Klang
อุบลราชธานี,Ubon Ratchathani,พิบูลมังสาหาร,Phibun Mangsahan,โพธิ์ไทร,Pho Sai
อุบลราชธานี,Ubon Ratchathani,พิบูลมังสาหาร,Phibun Mangsahan,โพธิ์ศรี,Pho Si
อุบลราชธานี,Ubon Ratchathani,พิบูลมังสาหาร,Phibun Mangsahan,ระเว,Rawe
อุบลราชธานี,Ubon Ratchathani,พิบูลมังสาหาร,Phibun Mangsahan,ไร่ใต้,Rai Tai
อุบลราชธานี,Ubon Ratchathani,พิบูลมังสาหาร,Phibun Mangsahan,หนองบัวฮี,Nong Bua Hi
อุบลราชธานี,Ubon Ratchathani,พิบูลมังสาหาร,Phibun Mangsahan,อ่างศิลา,Ang Sila
อุบลราชธานี,Ubon Ratchathani,พิบูลมังสาหาร,Phibun Mangsahan,โนนกาหลง,Non Kalong
อุบลราชธานี,Ubon Ratchathani,พิบูลมังสาหาร,Phibun Mangsahan,บ้านแขม,Ban Khaem
อุบลราชธานี,Ubon Ratchathani,ตาลสุม,Tan Sum,ตาลสุม,Tan Sum
อุบลราชธานี,Ubon Ratchathani,ตาลสุม,Tan Sum,สำโรง,Samrong
อุบลราชธานี,Ubon Ratchathani,ตาลสุม,Tan Sum,จิกเทิง,Chik Thoeng
อุบลราชธานี,Ubon Ratchathani,ตาลสุม,Tan Sum,หนองกุง,Nong Kung
อุบลราชธานี,Ubon Ratchathani,ตาลสุม,Tan Sum,นาคาย,Na Khai
อุบลราชธานี,Ubon Ratchathani,ตาลสุม,Tan Sum,คำหว้า,Kham Wa
อุบลราชธานี,Ubon Ratchathani,โพธิ์ไทร,Pho Sai,โพธิ์ไทร,Pho Sai
อุบลราชธานี,Ubon Ratchathani,โพธิ์ไทร,Pho Sai,ม่วงใหญ่,Muang Yai
อุบลราชธานี,Ubon Ratchathani,โพธิ์ไทร,Pho Sai,สำโรง,Sam Rong
อุบลราชธานี,Ubon Ratchathani,โพธิ์ไทร,Pho Sai,สองคอน,Song Khon
อุบลราชธานี,Ubon Ratchathani,โพธิ์ไทร,Pho Sai,สารภี,Saraphi
อุบลราชธานี,Ubon Ratchathani,โพธิ์ไทร,Pho Sai,เหล่างาม,Lao Ngam
อุบลราชธานี,Ubon Ratchathani,สำโรง,Samrong,สำโรง,Samrong
อุบลราชธานี,Ubon Ratchathani,สำโรง,Samrong,โคกก่อง,Khok Kong
อุบลราชธานี,Ubon Ratchathani,สำโรง,Samrong,หนองไฮ,Nong Hai
อุบลราชธานี,Ubon Ratchathani,สำโรง,Samrong,ค้อน้อย,Kho Noi
อุบลราชธานี,Ubon Ratchathani,สำโรง,Samrong,โนนกาเล็น,Non Ka Len
อุบลราชธานี,Ubon Ratchathani,สำโรง,Samrong,โคกสว่าง,Khok Sawang
อุบลราชธานี,Ubon Ratchathani,สำโรง,Samrong,โนนกลาง,Non Klang
อุบลราชธานี,Ubon Ratchathani,สำโรง,Samrong,บอน,Bon
อุบลราชธานี,Ubon Ratchathani,สำโรง,Samrong,ขามป้อม,Kham Pom
อุบลราชธานี,Ubon Ratchathani,ดอนมดแดง,Don Mot Daeng,ดอนมดแดง,Don Mot Daeng
อุบลราชธานี,Ubon Ratchathani,ดอนมดแดง,Don Mot Daeng,เหล่าแดง,Lao Daeng
อุบลราชธานี,Ubon Ratchathani,ดอนมดแดง,Don Mot Daeng,ท่าเมือง,Tha Mueang
อุบลราชธานี,Ubon Ratchathani,ดอนมดแดง,Don Mot Daeng,คำไฮใหญ่,Kham Hai Yai
อุบลราชธานี,Ubon Ratchathani,สิรินธร,Sirindhorn,คันไร่,Khan Rai
อุบลราชธานี,Ubon Ratchathani,สิรินธร,Sirindhorn,ช่องเม็ก,Chong Mek
อุบลราชธานี,Ubon Ratchathani,สิรินธร,Sirindhorn,โนนก่อ,Non Ko
อุบลราชธานี,Ubon Ratchathani,สิรินธร,Sirindhorn,นิคมสร้างตนเองลำโดมน้อย,Nikhom Sang Ton Eng Lam Dom Noi
อุบลราชธานี,Ubon Ratchathani,สิรินธร,Sirindhorn,ฝางคำ,Fang Kham
อุบลราชธานี,Ubon Ratchathani,สิรินธร,Sirindhorn,คำเขื่อนแก้ว,Kham Khuean Kaeo
อุบลราชธานี,Ubon Ratchathani,ทุ่งศรีอุดม,Thung Si Udom,หนองอ้ม,Nong Om
อุบลราชธานี,Ubon Ratchathani,ทุ่งศรีอุดม,Thung Si Udom,นาเกษม,Na Kasem
อุบลราชธานี,Ubon Ratchathani,ทุ่งศรีอุดม,Thung Si Udom,กุดเรือ,Kut Ruea
อุบลราชธานี,Ubon Ratchathani,ทุ่งศรีอุดม,Thung Si Udom,โคกชำแระ,Khok Chamrae
อุบลราชธานี,Ubon Ratchathani,ทุ่งศรีอุดม,Thung Si Udom,นาห่อม,Na Hom
อุบลราชธานี,Ubon Ratchathani,นาเยีย,Na Yia,นาเยีย,Na Yia
อุบลราชธานี,Ubon Ratchathani,นาเยีย,Na Yia,นาดี,Na Di
อุบลราชธานี,Ubon Ratchathani,นาเยีย,Na Yia,นาเรือง,Na Rueang
อุบลราชธานี,Ubon Ratchathani,นาตาล,Na Tan,นาตาล,Na Tan
อุบลราชธานี,Ubon Ratchathani,นาตาล,Na Tan,พะลาน,Phalan
อุบลราชธานี,Ubon Ratchathani,นาตาล,Na Tan,กองโพน,Kong Phon
อุบลราชธานี,Ubon Ratchathani,นาตาล,Na Tan,พังเคน,Phang Khen
อุบลราชธานี,Ubon Ratchathani,เหล่าเสือโก้ก,Lao Suea Kok,เหล่าเสือโก้ก,Lao Suea Kok
อุบลราชธานี,Ubon Ratchathani,เหล่าเสือโก้ก,Lao Suea Kok,โพนเมือง,Phon Mueang
อุบลราชธานี,Ubon Ratchathani,เหล่าเสือโก้ก,Lao Suea Kok,แพงใหญ่,Phaeng Yai
อุบลราชธานี,Ubon Ratchathani,เหล่าเสือโก้ก,Lao Suea Kok,หนองบก,Nong Bok
อุบลราชธานี,Ubon Ratchathani,สว่างวีระวงศ์,Sawang Wirawong,แก่งโดม,Kaeng Dom
อุบลราชธานี,Ubon Ratchathani,สว่างวีระวงศ์,Sawang Wirawong,ท่าช้าง,Tha Chang
อุบลราชธานี,Ubon Ratchathani,สว่างวีระวงศ์,Sawang Wirawong,บุ่งมะแลง,Bung Malaeng
อุบลราชธานี,Ubon Ratchathani,สว่างวีระวงศ์,Sawang Wirawong,สว่าง,Sawang
อุบลราชธานี,Ubon Ratchathani,น้ำขุ่น,Nam Khun,ตาเกา,Ta Kao
อุบลราชธานี,Ubon Ratchathani,น้ำขุ่น,Nam Khun,ไพบูลย์,Phaibun
อุบลราชธานี,Ubon Ratchathani,น้ำขุ่น,Nam Khun,ขี้เหล็ก,Khilek
อุบลราชธานี,Ubon Ratchathani,น้ำขุ่น,Nam Khun,โคกสะอาด,Khok Sa-at
ยโสธร,Yasothon,เมืองยโสธร,Mueang Yasothon,ในเมือง,Nai Mueang
ยโสธร,Yasothon,เมืองยโสธร,Mueang Yasothon,น้ำคำใหญ่,Nam Kham Yai
ยโสธร,Yasothon,เมืองยโสธร,Mueang Yasothon,ตาดทอง,Tat Thong
ยโสธร,Yasothon,เมืองยโสธร,Mueang Yasothon,สำราญ,Samran
ยโสธร,Yasothon,เมืองยโสธร,Mueang Yasothon,ค้อเหนือ,Kho Nuea
ยโสธร,Yasothon,เมืองยโสธร,Mueang Yasothon,ดู่ทุ่ง,Du Thung
ยโสธร,Yasothon,เมืองยโสธร,Mueang Yasothon,เดิด,Doet
ยโสธร,Yasothon,เมืองยโสธร,Mueang Yasothon,ขั้นไดใหญ่,Khandai Yai
ยโสธร,Yasothon,เมืองยโสธร,Mueang Yasothon,ทุ่งแต้,Thung Tae
ยโสธร,Yasothon,เมืองยโสธร,Mueang Yasothon,สิงห์,Sing
ยโสธร,Yasothon,เมืองยโสธร,Mueang Yasothon,นาสะไมย์,Na Samai
ยโสธร,Yasothon,เมืองยโสธร,Mueang Yasothon,เขื่องคำ,Khueang Kham
ยโสธร,Yasothon,เมืองยโสธร,Mueang Yasothon,หนองหิน,Nong Hin
ยโสธร,Yasothon,เมืองยโสธร,Mueang Yasothon,หนองคู,Nong Khu
ยโสธร,Yasothon,เมืองยโสธร,Mueang Yasothon,ขุมเงิน,Khum Ngoen
ยโสธร,Yasothon,เมืองยโสธร,Mueang Yasothon,ทุ่งนางโอก,Thung Nang Ok
ยโสธร,Yasothon,เมืองยโสธร,Mueang Yasothon,หนองเรือ,Nong Ruea
ยโสธร,Yasothon,เมืองยโสธร,Mueang Yasothon,หนองเป็ด,Nong Pet
ยโสธร,Yasothon,ทรายมูล,Sai Mun,ทรายมูล,Sai Mun
ยโสธร,Yasothon,ทรายมูล,Sai Mun,ดู่ลาด,Du Lat
ยโสธร,Yasothon,ทรายมูล,Sai Mun,ดงมะไฟ,Dong Mafai
ยโสธร,Yasothon,ทรายมูล,Sai Mun,นาเวียง,Na Wiang
ยโสธร,Yasothon,ทรายมูล,Sai Mun,ไผ่,Phai
ยโสธร,Yasothon,กุดชุม,Kut Chum,กุดชุม,Kut Chum
ยโสธร,Yasothon,กุดชุม,Kut Chum,โนนเปือย,Non Pueai
ยโสธร,Yasothon,กุดชุม,Kut Chum,กำแมด,Kammaet
ยโสธร,Yasothon,กุดชุม,Kut Chum,นาโส่,Na So
ยโสธร,Yasothon,กุดชุม,Kut Chum,ห้วยแก้ง,Huai Kaeng
ยโสธร,Yasothon,กุดชุม,Kut Chum,หนองหมี,Nong Mi
ยโสธร,Yasothon,กุดชุม,Kut Chum,โพนงาม,Phon Ngam
ยโสธร,Yasothon,กุดชุม,Kut Chum,คำน้ำสร้าง,Kham Nam Sang
ยโสธร,Yasothon,กุดชุม,Kut Chum,หนองแหน,Nong Nae
ยโสธร,Yasothon,คำเขื่อนแก้ว,Kham Khuean Kaeo,ลุมพุก,Lumphuk
ยโสธร,Yasothon,คำเขื่อนแก้ว,Kham Khuean Kaeo,ย่อ,Yo
ยโสธร,Yasothon,คำเขื่อนแก้ว,Kham Khuean Kaeo,สงเปือย,Song Pueai
ยโสธร,Yasothon,คำเขื่อนแก้ว,Kham Khuean Kaeo,โพนทัน,Phon Than
ยโสธร,Yasothon,คำเขื่อนแก้ว,Kham Khuean Kaeo,ทุ่งมน,Thung Mon
ยโสธร,Yasothon,คำเขื่อนแก้ว,Kham Khuean Kaeo,นาคำ,Na Kham
ยโสธร,Yasothon,คำเขื่อนแก้ว,Kham Khuean Kaeo,ดงแคนใหญ่,Dong Khaen Yai
ยโสธร,Yasothon,คำเขื่อนแก้ว,Kham Khuean Kaeo,กู่จาน,Ku Chan
ยโสธร,Yasothon,คำเขื่อนแก้ว,Kham Khuean Kaeo,นาแก,Na Kae
ยโสธร,Yasothon,คำเขื่อนแก้ว,Kham Khuean Kaeo,กุดกุง,Kut Kung
ยโสธร,Yasothon,คำเขื่อนแก้ว,Kham Khuean Kaeo,เหล่าไฮ,Lao Hai
ยโสธร,Yasothon,คำเขื่อนแก้ว,Kham Khuean Kaeo,แคนน้อย,Khaen Noi
ยโสธร,Yasothon,คำเขื่อนแก้ว,Kham Khuean Kaeo,ดงเจริญ,Dong Charoen
ยโสธร,Yasothon,ป่าติ้ว,Pa Tio,โพธิ์ไทร,Pho Sai
ยโสธร,Yasothon,ป่าติ้ว,Pa Tio,กระจาย,Krachai
ยโสธร,Yasothon,ป่าติ้ว,Pa Tio,โคกนาโก,Khok Na Ko
ยโสธร,Yasothon,ป่าติ้ว,Pa Tio,เชียงเพ็ง,Chiang Pheng
ยโสธร,Yasothon,ป่าติ้ว,Pa Tio,ศรีฐาน,Si Than
ยโสธร,Yasothon,มหาชนะชัย,Maha Chana Chai,ฟ้าหยาด,Fa Yat
ยโสธร,Yasothon,มหาชนะชัย,Maha Chana Chai,หัวเมือง,Hua Mueang
ยโสธร,Yasothon,มหาชนะชัย,Maha Chana Chai,คูเมือง,Khu Mueang
ยโสธร,Yasothon,มหาชนะชัย,Maha Chana Chai,ผือฮี,Phue Hi
ยโสธร,Yasothon,มหาชนะชัย,Maha Chana Chai,บากเรือ,Bak Ruea
ยโสธร,Yasothon,มหาชนะชัย,Maha Chana Chai,ม่วง,Muang
ยโสธร,Yasothon,มหาชนะชัย,Maha Chana Chai,โนนทราย,Non Sai
ยโสธร,Yasothon,มหาชนะชัย,Maha Chana Chai,บึงแก,Bueng Kae
ยโสธร,Yasothon,มหาชนะชัย,Maha Chana Chai,พระเสาร์,Phra Sao
ยโสธร,Yasothon,มหาชนะชัย,Maha Chana Chai,สงยาง,Song Yang
ยโสธร,Yasothon,ค้อวัง,Kho Wang,ฟ้าห่วน,Fa Huan
ยโสธร,Yasothon,ค้อวัง,Kho Wang,กุดน้ำใส,Kut Nam Sai
ยโสธร,Yasothon,ค้อวัง,Kho Wang,น้ำอ้อม,Nam Om
ยโสธร,Yasothon,ค้อวัง,Kho Wang,ค้อวัง,Kho Wang
ยโสธร,Yasothon,เลิงนกทา,Loeng Nok Tha,บุ่งค้า,Bung Kha
ยโสธร,Yasothon,เลิงนกทา,Loeng Nok Tha,สวาท,Sawat
ยโสธร,Yasothon,เลิงนกทา,Loeng Nok Tha,ห้องแซง,Hong Saeng
ยโสธร,Yasothon,เลิงนกทา,Loeng Nok Tha,สามัคคี,Samakkhi
ยโสธร,Yasothon,เลิงนกทา,Loeng Nok Tha,กุดเชียงหมี,Kut Chiang Mi
ยโสธร,Yasothon,เลิงนกทา,Loeng Nok Tha,สามแยก,Sam Yaek
ยโสธร,Yasothon,เลิงนกทา,Loeng Nok Tha,กุดแห่,Kut Hae
ยโสธร,Yasothon,เลิงนกทา,Loeng Nok Tha,โคกสำราญ,Khok Samran
ยโสธร,Yasothon,เลิงนกทา,Loeng Nok Tha,สร้างมิ่ง,Sang Ming
ยโสธร,Yasothon,เลิงนกทา,Loeng Nok Tha,ศรีแก้ว,Si Kaeo
ยโสธร,Yasothon,ไทยเจริญ,Thai Charoen,ไทยเจริญ,Thai Charoen
ยโสธร,Yasothon,ไทยเจริญ,Thai Charoen,น้ำคำ,Nam Kham
ยโสธร,Yasothon,ไทยเจริญ,Thai Charoen,ส้มผ่อ,Som Pho
ยโสธร,Yasothon,ไทยเจริญ,Thai Charoen,คำเตย,Kham Toei
ยโสธร,Yasothon,ไทยเจริญ,Thai Charoen,คำไผ่,Kham Phai
ชัยภูมิ,Chaiyaphum,เมืองชัยภูมิ,Mueang Chaiyaphum,ในเมือง,Nai Mueang
ชัยภูมิ,Chaiyaphum,เมืองชัยภูมิ,Mueang Chaiyaphum,รอบเมือง,Rop Mueang
ชัยภูมิ,Chaiyaphum,เมืองชัยภูมิ,Mueang Chaiyaphum,โพนทอง,Phon Thong
ชัยภูมิ,Chaiyaphum,เมืองชัยภูมิ,Mueang Chaiyaphum,นาฝาย,Na Fai
ชัยภูมิ,Chaiyaphum,เมืองชัยภูมิ,Mueang Chaiyaphum,บ้านค่าย,Ban Khai
ชัยภูมิ,Chaiyaphum,เมืองชัยภูมิ,Mueang Chaiyaphum,กุดตุ้ม,Kut Tum
ชัยภูมิ,Chaiyaphum,เมืองชัยภูมิ,Mueang Chaiyaphum,ชีลอง,Chi Long
ชัยภูมิ,Chaiyaphum,เมืองชัยภูมิ,Mueang Chaiyaphum,บ้านเล่า,Ban Lao
ชัยภูมิ,Chaiyaphum,เมืองชัยภูมิ,Mueang Chaiyaphum,นาเสียว,Na Siao
ชัยภูมิ,Chaiyaphum,เมืองชัยภูมิ,Mueang Chaiyaphum,หนองนาแซง,Nong Na Saeng
ชัยภูมิ,Chaiyaphum,เมืองชัยภูมิ,Mueang Chaiyaphum,ลาดใหญ่,Lat Yai
ชัยภูมิ,Chaiyaphum,เมืองชัยภูมิ,Mueang Chaiyaphum,หนองไผ่,Nong Phai
ชัยภูมิ,Chaiyaphum,เมืองชัยภูมิ,Mueang Chaiyaphum,ท่าหินโงม,Tha Hin Ngom
ชัยภูมิ,Chaiyaphum,เมืองชัยภูมิ,Mueang Chaiyaphum,ห้วยต้อน,Huai Ton
ชัยภูมิ,Chaiyaphum,เมืองชัยภูมิ,Mueang Chaiyaphum,ห้วยบง,Huai Bong
ชัยภูมิ,Chaiyaphum,เมืองชัยภูมิ,Mueang Chaiyaphum,โนนสำราญ,Non Samran
ชัยภูมิ,Chaiyaphum,เมืองชัยภูมิ,Mueang Chaiyaphum,โคกสูง,Khok Sung
ชัยภูมิ,Chaiyaphum,เมืองชัยภูมิ,Mueang Chaiyaphum,บุ่งคล้า,Bung Khla
ชัยภูมิ,Chaiyaphum,เมืองชัยภูมิ,Mueang Chaiyaphum,ซับสีทอง,Sap Si Thong
ชัยภูมิ,Chaiyaphum,บ้านเขว้า,Ban Khwao,บ้านเขว้า,Ban Khwao
ชัยภูมิ,Chaiyaphum,บ้านเขว้า,Ban Khwao,ตลาดแร้ง,Talat Raeng
ชัยภูมิ,Chaiyaphum,บ้านเขว้า,Ban Khwao,ลุ่มลำชี,Lum Lam Chi
ชัยภูมิ,Chaiyaphum,บ้านเขว้า,Ban Khwao,ชีบน,Chi Bon
ชัยภูมิ,Chaiyaphum,บ้านเขว้า,Ban Khwao,ภูแลนคา,Phu Laen Kha
ชัยภูมิ,Chaiyaphum,บ้านเขว้า,Ban Khwao,โนนแดง,Non Dang
ชัยภูมิ,Chaiyaphum,คอนสวรรค์,Khon Sawan,คอนสวรรค์,Khon Sawan
ชัยภูมิ,Chaiyaphum,คอนสวรรค์,Khon Sawan,ยางหวาย,Yang Wai
ชัยภูมิ,Chaiyaphum,คอนสวรรค์,Khon Sawan,ช่องสามหมอ,Chong Sam Mo
ชัยภูมิ,Chaiyaphum,คอนสวรรค์,Khon Sawan,โนนสะอาด,Non Sa-at
ชัยภูมิ,Chaiyaphum,คอนสวรรค์,Khon Sawan,ห้วยไร่,Huai Rai
ชัยภูมิ,Chaiyaphum,คอนสวรรค์,Khon Sawan,บ้านโสก,Ban Sok
ชัยภูมิ,Chaiyaphum,คอนสวรรค์,Khon Sawan,โคกมั่งงอย,Khok Mang Ngoi
ชัยภูมิ,Chaiyaphum,คอนสวรรค์,Khon Sawan,หนองขาม,Nong Kham
ชัยภูมิ,Chaiyaphum,คอนสวรรค์,Khon Sawan,ศรีสำราญ,Si Samran
ชัยภูมิ,Chaiyaphum,เกษตรสมบูรณ์,Kaset Sombun,บ้านยาง,Ban Yang
ชัยภูมิ,Chaiyaphum,เกษตรสมบูรณ์,Kaset Sombun,บ้านหัน,Ban Han
ชัยภูมิ,Chaiyaphum,เกษตรสมบูรณ์,Kaset Sombun,บ้านเดื่อ,Ban Duea
ชัยภูมิ,Chaiyaphum,เกษตรสมบูรณ์,Kaset Sombun,บ้านเป้า,Ban Pao
ชัยภูมิ,Chaiyaphum,เกษตรสมบูรณ์,Kaset Sombun,กุดเลาะ,Kut Lo
ชัยภูมิ,Chaiyaphum,เกษตรสมบูรณ์,Kaset Sombun,โนนกอก,Non Kok
ชัยภูมิ,Chaiyaphum,เกษตรสมบูรณ์,Kaset Sombun,สระโพนทอง,Sa Phon Thong
ชัยภูมิ,Chaiyaphum,เกษตรสมบูรณ์,Kaset Sombun,หนองข่า,Nong Kha
ชัยภูมิ,Chaiyaphum,เกษตรสมบูรณ์,Kaset Sombun,หนองโพนงาม,Nong Phon Ngam
ชัยภูมิ,Chaiyaphum,เกษตรสมบูรณ์,Kaset Sombun,บ้านบัว,Ban Bua
ชัยภูมิ,Chaiyaphum,เกษตรสมบูรณ์,Kaset Sombun,โนนทอง,Non Thong
ชัยภูมิ,Chaiyaphum,หนองบัวแดง,Nong Bua Daeng,หนองบัวแดง,Nong Bua Daeng
ชัยภูมิ,Chaiyaphum,หนองบัวแดง,Nong Bua Daeng,กุดชุมแสง,Kut Chum Saeng
ชัยภูมิ,Chaiyaphum,หนองบัวแดง,Nong Bua Daeng,ถ้ำวัวแดง,Tham Wua Daeng
ชัยภูมิ,Chaiyaphum,หนองบัวแดง,Nong Bua Daeng,นางแดด,Nang Daet
ชัยภูมิ,Chaiyaphum,หนองบัวแดง,Nong Bua Daeng,หนองแวง,Nong Waeng
ชัยภูมิ,Chaiyaphum,หนองบัวแดง,Nong Bua Daeng,คูเมือง,Khu Mueang
ชัยภูมิ,Chaiyaphum,หนองบัวแดง,Nong Bua Daeng,ท่าใหญ่,Tha Yai
ชัยภูมิ,Chaiyaphum,หนองบัวแดง,Nong Bua Daeng,วังชมภู,Wang Chomphu
ชัยภูมิ,Chaiyaphum,จัตุรัส,Chatturat,บ้านกอก,Ban Kok
ชัยภูมิ,Chaiyaphum,จัตุรัส,Chatturat,หนองบัวบาน,Nong Bua Ban
ชัยภูมิ,Chaiyaphum,จัตุรัส,Chatturat,บ้านขาม,Ban Kham
ชัยภูมิ,Chaiyaphum,จัตุรัส,Chatturat,กุดน้ำใส,Kut Nam Sai
ชัยภูมิ,Chaiyaphum,จัตุรัส,Chatturat,หนองโดน,Nong Don
ชัยภูมิ,Chaiyaphum,จัตุรัส,Chatturat,ละหาน,Lahan
ชัยภูมิ,Chaiyaphum,จัตุรัส,Chatturat,หนองบัวใหญ่,Nong Bua Yai
ชัยภูมิ,Chaiyaphum,จัตุรัส,Chatturat,หนองบัวโคก,Nong Bua Khok
ชัยภูมิ,Chaiyaphum,จัตุรัส,Chatturat,ส้มป่อย,Sompoi
ชัยภูมิ,Chaiyaphum,บำเหน็จณรงค์,Bamnet Narong,บ้านชวน,Ban Chuan
ชัยภูมิ,Chaiyaphum,บำเหน็จณรงค์,Bamnet Narong,บ้านเพชร,Ban Phet
ชัยภูมิ,Chaiyaphum,บำเหน็จณรงค์,Bamnet Narong,บ้านตาล,Ban Tan
ชัยภูมิ,Chaiyaphum,บำเหน็จณรงค์,Bamnet Narong,หัวทะเล,Hua Thale
ชัยภูมิ,Chaiyaphum,บำเหน็จณรงค์,Bamnet Narong,โคกเริงรมย์,Khok Roeng Rom
ชัยภูมิ,Chaiyaphum,บำเหน็จณรงค์,Bamnet Narong,เกาะมะนาว,Ko Manao
ชัยภูมิ,Chaiyaphum,บำเหน็จณรงค์,Bamnet Narong,โคกเพชรพัฒนา,Khok Phet Phatthana
ชัยภูมิ,Chaiyaphum,หนองบัวระเหว,Nong Bua Rawe,หนองบัวระเหว,Nong Bua Rawe
ชัยภูมิ,Chaiyaphum,หนองบัวระเหว,Nong Bua Rawe,วังตะเฆ่,Wang Takhe
ชัยภูมิ,Chaiyaphum,หนองบัวระเหว,Nong Bua Rawe,ห้วยแย้,Huai Yae
ชัยภูมิ,Chaiyaphum,หนองบัวระเหว,Nong Bua Rawe,โคกสะอาด,Khok Sa-at
ชัยภูมิ,Chaiyaphum,หนองบัวระเหว,Nong Bua Rawe,โสกปลาดุก,Sok Pla Duk
ชัยภูมิ,Chaiyaphum,เทพสถิต,Thep Sathit,วะตะแบก,Wa Tabaek
ชัยภูมิ,Chaiyaphum,เทพสถิต,Thep Sathit,ห้วยยายจิ๋ว,Huai Yai Chio
ชัยภูมิ,Chaiyaphum,เทพสถิต,Thep Sathit,นายางกลัก,Na Yang Klak
ชัยภูมิ,Chaiyaphum,เทพสถิต,Thep Sathit,บ้านไร่,Ban Rai
ชัยภูมิ,Chaiyaphum,เทพสถิต,Thep Sathit,โป่งนก,Pong Nok
ชัยภูมิ,Chaiyaphum,ภูเขียว,Phu Khiao,ผักปัง,Phak Pang
ชัยภูมิ,Chaiyaphum,ภูเขียว,Phu Khiao,กวางโจน,Kwang Chon
ชัยภูมิ,Chaiyaphum,ภูเขียว,Phu Khiao,หนองคอนไทย,Nong Khon Thai
ชัยภูมิ,Chaiyaphum,ภูเขียว,Phu Khiao,บ้านแก้ง,Ban Kaeng
ชัยภูมิ,Chaiyaphum,ภูเขียว,Phu Khiao,กุดยม,Kut Yom
ชัยภูมิ,Chaiyaphum,ภูเขียว,Phu Khiao,บ้านเพชร,Ban Phet
ชัยภูมิ,Chaiyaphum,ภูเขียว,Phu Khiao,โคกสะอาด,Khok Sa-at
ชัยภูมิ,Chaiyaphum,ภูเขียว,Phu Khiao,หนองตูม,Nong Tum
ชัยภูมิ,Chaiyaphum,ภูเขียว,Phu Khiao,โอโล,Olo
ชัยภูมิ,Chaiyaphum,ภูเขียว,Phu Khiao,ธาตุทอง,That Thong
ชัยภูมิ,Chaiyaphum,ภูเขียว,Phu Khiao,บ้านดอน,Ban Don
ชัยภูมิ,Chaiyaphum,บ้านแท่น,Ban Thaen,บ้านแท่น,Ban Thaen
ชัยภูมิ,Chaiyaphum,บ้านแท่น,Ban Thaen,สามสวน,Sam Suan
ชัยภูมิ,Chaiyaphum,บ้านแท่น,Ban Thaen,สระพัง,Sa Phang
ชัยภูมิ,Chaiyaphum,บ้านแท่น,Ban Thaen,บ้านเต่า,Ban Tao
ชัยภูมิ,Chaiyaphum,บ้านแท่น,Ban Thaen,หนองคู,Nong Khu
ชัยภูมิ,Chaiyaphum,แก้งคร้อ,Kaeng Khro,ช่องสามหมอ,Chong Sam Mo
ชัยภูมิ,Chaiyaphum,แก้งคร้อ,Kaeng Khro,หนองขาม,Nong Kham
ชัยภูมิ,Chaiyaphum,แก้งคร้อ,Kaeng Khro,นาหนองทุ่ม,Na Nong Thum
ชัยภูมิ,Chaiyaphum,แก้งคร้อ,Kaeng Khro,บ้านแก้ง,Ban Kaeng
ชัยภูมิ,Chaiyaphum,แก้งคร้อ,Kaeng Khro,หนองสังข์,Nong Sang
ชัยภูมิ,Chaiyaphum,แก้งคร้อ,Kaeng Khro,หลุบคา,Lup Kha
ชัยภูมิ,Chaiyaphum,แก้งคร้อ,Kaeng Khro,โคกกุง,Khok Kung
ชัยภูมิ,Chaiyaphum,แก้งคร้อ,Kaeng Khro,เก่าย่าดี,Kao Ya Di
ชัยภูมิ,Chaiyaphum,แก้งคร้อ,Kaeng Khro,ท่ามะไฟหวาน,Tha Mafai Wan
ชัยภูมิ,Chaiyaphum,แก้งคร้อ,Kaeng Khro,หนองไผ่,Nong Phai
ชัยภูมิ,Chaiyaphum,คอนสาร,Khon San,คอนสาร,Khon San
ชัยภูมิ,Chaiyaphum,คอนสาร,Khon San,ทุ่งพระ,Thung Phra
ชัยภูมิ,Chaiyaphum,คอนสาร,Khon San,โนนคูณ,Non Khun
ชัยภูมิ,Chaiyaphum,คอนสาร,Khon San,ห้วยยาง,Huai Yang
ชัยภูมิ,Chaiyaphum,คอนสาร,Khon San,ทุ่งลุยลาย,Thung Luilai
ชัยภูมิ,Chaiyaphum,คอนสาร,Khon San,ดงบัง,Dong Bang
ชัยภูมิ,Chaiyaphum,คอนสาร,Khon San,ทุ่งนาเลา,Thung Na Lao
ชัยภูมิ,Chaiyaphum,คอนสาร,Khon San,ดงกลาง,Dong Klang
ชัยภูมิ,Chaiyaphum,ภักดีชุมพล,Phakdi Chumphon,บ้านเจียง,Chao Thong
ชัยภูมิ,Chaiyaphum,ภักดีชุมพล,Phakdi Chumphon,เจาทอง,Ban Chiang
ชัยภูมิ,Chaiyaphum,ภักดีชุมพล,Phakdi Chumphon,วังทอง,Wang Thong
ชัยภูมิ,Chaiyaphum,ภักดีชุมพล,Phakdi Chumphon,แหลมทอง,Laem Thong
ชัยภูมิ,Chaiyaphum,เนินสง่า,Noen Sa-nga,หนองฉิม,Nong Chim
ชัยภูมิ,Chaiyaphum,เนินสง่า,Noen Sa-nga,ตาเนิน,Ta Noen
ชัยภูมิ,Chaiyaphum,เนินสง่า,Noen Sa-nga,กะฮาด,Kahat
ชัยภูมิ,Chaiyaphum,เนินสง่า,Noen Sa-nga,รังงาม,Rang Ngam
ชัยภูมิ,Chaiyaphum,ซับใหญ่,Sap Yai,ซับใหญ่,Sap Yai
ชัยภูมิ,Chaiyaphum,ซับใหญ่,Sap Yai,ท่ากูบ,Tha Kup
ชัยภูมิ,Chaiyaphum,ซับใหญ่,Sap Yai,ตะโกทอง,Tako Thong
อำนาจเจริญ,Amnat Charoen,เมืองอำนาจเจริญ,Mueang Amnat Charoen,บุ่ง,Bung
อำนาจเจริญ,Amnat Charoen,เมืองอำนาจเจริญ,Mueang Amnat Charoen,ไก่คำ,Kai Kham
อำนาจเจริญ,Amnat Charoen,เมืองอำนาจเจริญ,Mueang Amnat Charoen,นาจิก,Na Chik
อำนาจเจริญ,Amnat Charoen,เมืองอำนาจเจริญ,Mueang Amnat Charoen,ปลาค้าว,Pla Khao
อำนาจเจริญ,Amnat Charoen,เมืองอำนาจเจริญ,Mueang Amnat Charoen,เหล่าพรวน,Lao Pruan
อำนาจเจริญ,Amnat Charoen,เมืองอำนาจเจริญ,Mueang Amnat Charoen,สร้างนกทา,Sang Nok Tha
อำนาจเจริญ,Amnat Charoen,เมืองอำนาจเจริญ,Mueang Amnat Charoen,คึมใหญ่,Khuem Yai
อำนาจเจริญ,Amnat Charoen,เมืองอำนาจเจริญ,Mueang Amnat Charoen,นาผือ,Na Phue
อำนาจเจริญ,Amnat Charoen,เมืองอำนาจเจริญ,Mueang Amnat Charoen,น้ำปลีก,Nam Plik
อำนาจเจริญ,Amnat Charoen,เมืองอำนาจเจริญ,Mueang Amnat Charoen,นาวัง,Na Wang
อำนาจเจริญ,Amnat Charoen,เมืองอำนาจเจริญ,Mueang Amnat Charoen,นาหมอม้า,Na Mo Ma
อำนาจเจริญ,Amnat Charoen,เมืองอำนาจเจริญ,Mueang Amnat Charoen,โนนโพธิ์,Non Pho
อำนาจเจริญ,Amnat Charoen,เมืองอำนาจเจริญ,Mueang Amnat Charoen,โนนหนามแท่ง,Non Nam Thaeng
อำนาจเจริญ,Amnat Charoen,เมืองอำนาจเจริญ,Mueang Amnat Charoen,ห้วยไร่,Huai Rai
อำนาจเจริญ,Amnat Charoen,เมืองอำนาจเจริญ,Mueang Amnat Charoen,หนองมะแซว,Nong Masaeo
อำนาจเจริญ,Amnat Charoen,เมืองอำนาจเจริญ,Mueang Amnat Charoen,กุดปลาดุก,Kut Pla Duk
อำนาจเจริญ,Amnat Charoen,เมืองอำนาจเจริญ,Mueang Amnat Charoen,ดอนเมย,Don Moei
อำนาจเจริญ,Amnat Charoen,เมืองอำนาจเจริญ,Mueang Amnat Charoen,นายม,Na Yom
อำนาจเจริญ,Amnat Charoen,เมืองอำนาจเจริญ,Mueang Amnat Charoen,นาแต้,Na Tae
อำนาจเจริญ,Amnat Charoen,ชานุมาน,Chanuman,ชานุมาน,Chanuman
อำนาจเจริญ,Amnat Charoen,ชานุมาน,Chanuman,โคกสาร,Khok San
อำนาจเจริญ,Amnat Charoen,ชานุมาน,Chanuman,คำเขื่อนแก้ว,Kham Khuean Kaeo
อำนาจเจริญ,Amnat Charoen,ชานุมาน,Chanuman,โคกก่ง,Khok Kong
อำนาจเจริญ,Amnat Charoen,ชานุมาน,Chanuman,ป่าก่อ,Pa Ko
อำนาจเจริญ,Amnat Charoen,ปทุมราชวงศา,Pathum Ratchawongsa,หนองข่า,Nong Kha
อำนาจเจริญ,Amnat Charoen,ปทุมราชวงศา,Pathum Ratchawongsa,คำโพน,Kham Phon
อำนาจเจริญ,Amnat Charoen,ปทุมราชวงศา,Pathum Ratchawongsa,นาหว้า,Na Wa
อำนาจเจริญ,Amnat Charoen,ปทุมราชวงศา,Pathum Ratchawongsa,ลือ,Lue
อำนาจเจริญ,Amnat Charoen,ปทุมราชวงศา,Pathum Ratchawongsa,ห้วย,Huai
อำนาจเจริญ,Amnat Charoen,ปทุมราชวงศา,Pathum Ratchawongsa,โนนงาม,Non Ngam
อำนาจเจริญ,Amnat Charoen,ปทุมราชวงศา,Pathum Ratchawongsa,นาป่าแซง,Na Pa Saeng
อำนาจเจริญ,Amnat Charoen,พนา,Phana,พนา,Phana
อำนาจเจริญ,Amnat Charoen,พนา,Phana,จานลาน,Chan Lan
อำนาจเจริญ,Amnat Charoen,พนา,Phana,ไม้กลอน,Mai Klon
อำนาจเจริญ,Amnat Charoen,พนา,Phana,พระเหลา,Phra Lao
อำนาจเจริญ,Amnat Charoen,เสนางคนิคม,Senangkhanikhom,เสนางคนิคม,Senangkhanikhom
อำนาจเจริญ,Amnat Charoen,เสนางคนิคม,Senangkhanikhom,โพนทอง,Phon Thong
อำนาจเจริญ,Amnat Charoen,เสนางคนิคม,Senangkhanikhom,ไร่สีสุก,Rai Si Suk
อำนาจเจริญ,Amnat Charoen,เสนางคนิคม,Senangkhanikhom,นาเวียง,Na Wiang
อำนาจเจริญ,Amnat Charoen,เสนางคนิคม,Senangkhanikhom,หนองไฮ,Nong Hai
อำนาจเจริญ,Amnat Charoen,เสนางคนิคม,Senangkhanikhom,หนองสามสี,Nong Sam Si
อำนาจเจริญ,Amnat Charoen,หัวตะพาน,Hua Taphan,หัวตะพาน,Hua Taphan
อำนาจเจริญ,Amnat Charoen,หัวตะพาน,Hua Taphan,คำพระ,Kham Phra
อำนาจเจริญ,Amnat Charoen,หัวตะพาน,Hua Taphan,เค็งใหญ่,Kheng Yai
อำนาจเจริญ,Amnat Charoen,หัวตะพาน,Hua Taphan,หนองแก้ว,Nong Kaeo
อำนาจเจริญ,Amnat Charoen,หัวตะพาน,Hua Taphan,โพนเมืองน้อย,Phon Mueang Noi
อำนาจเจริญ,Amnat Charoen,หัวตะพาน,Hua Taphan,สร้างถ่อน้อย,Sang Tho Noi
อำนาจเจริญ,Amnat Charoen,หัวตะพาน,Hua Taphan,จิกดู่,Chik Du
อำนาจเจริญ,Amnat Charoen,หัวตะพาน,Hua Taphan,รัตนวารี,Rattanawari
อำนาจเจริญ,Amnat Charoen,ลืออำนาจ,Lue Amnat,อำนาจ,Amnat
อำนาจเจริญ,Amnat Charoen,ลืออำนาจ,Lue Amnat,ดงมะยาง,Dong Mayang
อำนาจเจริญ,Amnat Charoen,ลืออำนาจ,Lue Amnat,เปือย,Pueai
อำนาจเจริญ,Amnat Charoen,ลืออำนาจ,Lue Amnat,ดงบัง,Dong Bang
อำนาจเจริญ,Amnat Charoen,ลืออำนาจ,Lue Amnat,ไร่ขี,Rai Khi
อำนาจเจริญ,Amnat Charoen,ลืออำนาจ,Lue Amnat,แมด,Maet
อำนาจเจริญ,Amnat Charoen,ลืออำนาจ,Lue Amnat,โคกกลาง,Khok Klang
บึงกาฬ,Bueng Kan,เมืองบึงกาฬ,Mueang Bueng Kan,คำนาดี,Kham Na Di
บึงกาฬ,Bueng Kan,เมืองบึงกาฬ,Mueang Bueng Kan,บึงโขงหลง,Bueng Khong Long
บึงกาฬ,Bueng Kan,เมืองบึงกาฬ,Mueang Bueng Kan,ไคสี,Khai Si
บึงกาฬ,Bueng Kan,เมืองบึงกาฬ,Mueang Bueng Kan,ชัยพร,Chaiyaphon
บึงกาฬ,Bueng Kan,เมืองบึงกาฬ,Mueang Bueng Kan,นาสวรรค์,Na Sawan
บึงกาฬ,Bueng Kan,เมืองบึงกาฬ,Mueang Bueng Kan,โนนสมบูรณ์,Non Sombun
บึงกาฬ,Bueng Kan,เมืองบึงกาฬ,Mueang Bueng Kan,บึงกาฬ,Bueng Kan
บึงกาฬ,Bueng Kan,เมืองบึงกาฬ,Mueang Bueng Kan,โป่งเปื่อย,Pong Pueai
บึงกาฬ,Bueng Kan,เมืองบึงกาฬ,Mueang Bueng Kan,วิศิษฐ์,Wisit
บึงกาฬ,Bueng Kan,เมืองบึงกาฬ,Mueang Bueng Kan,หนองเข็ง,Nong Keng
บึงกาฬ,Bueng Kan,เมืองบึงกาฬ,Mueang Bueng Kan,หนองเลิง,Nong Loeng
บึงกาฬ,Bueng Kan,เมืองบึงกาฬ,Mueang Bueng Kan,หอคำ,Ho Kham
บึงกาฬ,Bueng Kan,เซกา,Seka,ซาง,Sang
บึงกาฬ,Bueng Kan,เซกา,Seka,เซกา,Seka
บึงกาฬ,Bueng Kan,เซกา,Seka,ท่ากกแดง,Tha Kok Daeng
บึงกาฬ,Bueng Kan,เซกา,Seka,ท่าสะอาด,Tha Sa-at
บึงกาฬ,Bueng Kan,เซกา,Seka,น้ำจั้น,Nam Chan
บึงกาฬ,Bueng Kan,เซกา,Seka,บ้านต้อง,Ban Tong
บึงกาฬ,Bueng Kan,เซกา,Seka,ป่งไฮ,Pong Hai
บึงกาฬ,Bueng Kan,เซกา,Seka,โสกก่าม,Sok Kam
บึงกาฬ,Bueng Kan,เซกา,Seka,หนองทุ่ม,Nong Thum
บึงกาฬ,Bueng Kan,โซ่พิสัย,So Phisai,คำแก้ว,Kham Kaeo
บึงกาฬ,Bueng Kan,โซ่พิสัย,So Phisai,โซ่,So
บึงกาฬ,Bueng Kan,โซ่พิสัย,So Phisai,ถ้ำเจริญ,Tham Charoen
บึงกาฬ,Bueng Kan,โซ่พิสัย,So Phisai,บัวตูม,Bua Tum
บึงกาฬ,Bueng Kan,โซ่พิสัย,So Phisai,ศรีชมภู,Si Chomphu
บึงกาฬ,Bueng Kan,โซ่พิสัย,So Phisai,หนองพันทา,Nong Phan Tha
บึงกาฬ,Bueng Kan,โซ่พิสัย,So Phisai,เหล่าทอง,Lao Thong
บึงกาฬ,Bueng Kan,พรเจริญ,Phon Charoen,ดอนหญ้านาง,Don Ya Nang
บึงกาฬ,Bueng Kan,พรเจริญ,Phon Charoen,ป่าแฝก,Pa Faek
บึงกาฬ,Bueng Kan,พรเจริญ,Phon Charoen,พรเจริญ,Phon Charoen
บึงกาฬ,Bueng Kan,พรเจริญ,Phon Charoen,วังชมภู,Wang Chomphu
บึงกาฬ,Bueng Kan,พรเจริญ,Phon Charoen,ศรีชมภู,Si Chomphu
บึงกาฬ,Bueng Kan,พรเจริญ,Phon Charoen,ศรีสำราญ,Si Samran
บึงกาฬ,Bueng Kan,พรเจริญ,Phon Charoen,หนองหัวช้าง,Nong Hua Chang
บึงกาฬ,Bueng Kan,ศรีวิไล,Si Wilai,ชุมภูพร,Chumphu Phon
บึงกาฬ,Bueng Kan,ศรีวิไล,Si Wilai,นาสะแบง,Na Sabaeng
บึงกาฬ,Bueng Kan,ศรีวิไล,Si Wilai,นาสิงห์,Na Sing
บึงกาฬ,Bueng Kan,ศรีวิไล,Si Wilai,นาแสง,Na Saeng
บึงกาฬ,Bueng Kan,ศรีวิไล,Si Wilai,ศรีวิไล,Si Wilai
บึงกาฬ,Bueng Kan,บึงโขงหลง,Bueng Khong Long,ดงบัง,Dong Bang
บึงกาฬ,Bueng Kan,บึงโขงหลง,Bueng Khong Long,ท่าดอกคำ,Tha Dok Kham
บึงกาฬ,Bueng Kan,บึงโขงหลง,Bueng Khong Long,บึงโขงหลง,Bueng Khong Long
บึงกาฬ,Bueng Kan,บึงโขงหลง,Bueng Khong Long,โพธิ์หมากแข้ง,Pho Mak Khaeng
บึงกาฬ,Bueng Kan,ปากคาด,Pak Khat,นากั้ง,Na Kang
บึงกาฬ,Bueng Kan,ปากคาด,Pak Khat,นาดง,Na Dong
บึงกาฬ,Bueng Kan,ปากคาด,Pak Khat,โนนศิลา,Non Sila
บึงกาฬ,Bueng Kan,ปากคาด,Pak Khat,ปากคาด,Pak Khat
บึงกาฬ,Bueng Kan,ปากคาด,Pak Khat,ศรีวิไล,Sri Wi Lai
บึงกาฬ,Bueng Kan,ปากคาด,Pak Khat,หนองยอง,Nong Yong
บึงกาฬ,Bueng Kan,บุ่งคล้า,Bung Khla,โคกกว้าง,Khok Kwang
บึงกาฬ,Bueng Kan,บุ่งคล้า,Bung Khla,บุ่งคล้า,Bung Khla
บึงกาฬ,Bueng Kan,บุ่งคล้า,Bung Khla,หนองเดิน,Nong Doen
หนองบัวลำภู,Nong Bua Lam Phu,เมืองหนองบัวลำภู,Mueang Nong Bua Lam Phu,หนองบัว,Nong Bua
หนองบัวลำภู,Nong Bua Lam Phu,เมืองหนองบัวลำภู,Mueang Nong Bua Lam Phu,หนองภัยศูนย์,Nong Phai Sun
หนองบัวลำภู,Nong Bua Lam Phu,เมืองหนองบัวลำภู,Mueang Nong Bua Lam Phu,โพธิ์ชัย,Pho Chai
หนองบัวลำภู,Nong Bua Lam Phu,เมืองหนองบัวลำภู,Mueang Nong Bua Lam Phu,หนองสวรรค์,Nong Sawan
หนองบัวลำภู,Nong Bua Lam Phu,เมืองหนองบัวลำภู,Mueang Nong Bua Lam Phu,หัวนา,Hua Na
หนองบัวลำภู,Nong Bua Lam Phu,เมืองหนองบัวลำภู,Mueang Nong Bua Lam Phu,บ้านขาม,Ban Kham
หนองบัวลำภู,Nong Bua Lam Phu,เมืองหนองบัวลำภู,Mueang Nong Bua Lam Phu,นามะเฟือง,Na Mafueang
หนองบัวลำภู,Nong Bua Lam Phu,เมืองหนองบัวลำภู,Mueang Nong Bua Lam Phu,บ้านพร้าว,Ban Phrao
หนองบัวลำภู,Nong Bua Lam Phu,เมืองหนองบัวลำภู,Mueang Nong Bua Lam Phu,โนนขมิ้น,Non Khamin
หนองบัวลำภู,Nong Bua Lam Phu,เมืองหนองบัวลำภู,Mueang Nong Bua Lam Phu,ลำภู,Lam Phu
หนองบัวลำภู,Nong Bua Lam Phu,เมืองหนองบัวลำภู,Mueang Nong Bua Lam Phu,กุดจิก,Kut Chik
หนองบัวลำภู,Nong Bua Lam Phu,เมืองหนองบัวลำภู,Mueang Nong Bua Lam Phu,โนนทัน,Non Than
หนองบัวลำภู,Nong Bua Lam Phu,เมืองหนองบัวลำภู,Mueang Nong Bua Lam Phu,นาคำไฮ,Na Kham Hai
หนองบัวลำภู,Nong Bua Lam Phu,เมืองหนองบัวลำภู,Mueang Nong Bua Lam Phu,ป่าไม้งาม,Pa Mai Ngam
หนองบัวลำภู,Nong Bua Lam Phu,เมืองหนองบัวลำภู,Mueang Nong Bua Lam Phu,หนองหว้า,Nong Wa
หนองบัวลำภู,Nong Bua Lam Phu,นากลาง,Na Klang,นากลาง,Na Klang
หนองบัวลำภู,Nong Bua Lam Phu,นากลาง,Na Klang,ด่านช้าง,Dan Chang
หนองบัวลำภู,Nong Bua Lam Phu,นากลาง,Na Klang,กุดดินจี่,Kut Din Chi
หนองบัวลำภู,Nong Bua Lam Phu,นากลาง,Na Klang,ฝั่งแดง,Fang Daeng
หนองบัวลำภู,Nong Bua Lam Phu,นากลาง,Na Klang,เก่ากลอย,Kao Kloi
หนองบัวลำภู,Nong Bua Lam Phu,นากลาง,Na Klang,โนนเมือง,Non Mueang
หนองบัวลำภู,Nong Bua Lam Phu,นากลาง,Na Klang,อุทัยสวรรค์,Uthai Sawan
หนองบัวลำภู,Nong Bua Lam Phu,นากลาง,Na Klang,ดงสวรรค์,Dong Sawan
หนองบัวลำภู,Nong Bua Lam Phu,นากลาง,Na Klang,กุดแห่,Kut Hae
หนองบัวลำภู,Nong Bua Lam Phu,โนนสัง,Non Sang,โนนสัง,Non Sang
หนองบัวลำภู,Nong Bua Lam Phu,โนนสัง,Non Sang,บ้านถิ่น,Ban Thin
หนองบัวลำภู,Nong Bua Lam Phu,โนนสัง,Non Sang,หนองเรือ,Nong Ruea
หนองบัวลำภู,Nong Bua Lam Phu,โนนสัง,Non Sang,กุดดู่,Kut Du
หนองบัวลำภู,Nong Bua Lam Phu,โนนสัง,Non Sang,บ้านค้อ,Ban Kho
หนองบัวลำภู,Nong Bua Lam Phu,โนนสัง,Non Sang,โนนเมือง,Non Mueang
หนองบัวลำภู,Nong Bua Lam Phu,โนนสัง,Non Sang,โคกใหญ่,Khok Yai
หนองบัวลำภู,Nong Bua Lam Phu,โนนสัง,Non Sang,โคกม่วง,Khok Muang
หนองบัวลำภู,Nong Bua Lam Phu,โนนสัง,Non Sang,นิคมพัฒนา,Nikhom Phatthana
หนองบัวลำภู,Nong Bua Lam Phu,โนนสัง,Non Sang,ปางกู่,Pang Ku
หนองบัวลำภู,Nong Bua Lam Phu,ศรีบุญเรือง,Si Bun Rueang,เมืองใหม่,Mueang Mai
หนองบัวลำภู,Nong Bua Lam Phu,ศรีบุญเรือง,Si Bun Rueang,ศรีบุญเรือง,Si Bun Rueang
หนองบัวลำภู,Nong Bua Lam Phu,ศรีบุญเรือง,Si Bun Rueang,หนองบัวใต้,Nong Bua Tai
หนองบัวลำภู,Nong Bua Lam Phu,ศรีบุญเรือง,Si Bun Rueang,กุดสะเทียน,Kut Sathian
หนองบัวลำภู,Nong Bua Lam Phu,ศรีบุญเรือง,Si Bun Rueang,นากอก,Na Kok
หนองบัวลำภู,Nong Bua Lam Phu,ศรีบุญเรือง,Si Bun Rueang,โนนสะอาด,Non Sa-at
หนองบัวลำภู,Nong Bua Lam Phu,ศรีบุญเรือง,Si Bun Rueang,ยางหล่อ,Yang Lo
หนองบัวลำภู,Nong Bua Lam Phu,ศรีบุญเรือง,Si Bun Rueang,โนนม่วง,Non Muang
หนองบัวลำภู,Nong Bua Lam Phu,ศรีบุญเรือง,Si Bun Rueang,หนองกุงแก้ว,Nong Kung Kaeo
หนองบัวลำภู,Nong Bua Lam Phu,ศรีบุญเรือง,Si Bun Rueang,หนองแก,Nong Kae
หนองบัวลำภู,Nong Bua Lam Phu,ศรีบุญเรือง,Si Bun Rueang,ทรายทอง,Sai Thong
หนองบัวลำภู,Nong Bua Lam Phu,ศรีบุญเรือง,Si Bun Rueang,หันนางาม,Han Na Ngam
หนองบัวลำภู,Nong Bua Lam Phu,สุวรรณคูหา,Suwannakhuha,นาสี,Nasi
หนองบัวลำภู,Nong Bua Lam Phu,สุวรรณคูหา,Suwannakhuha,บ้านโคก,Ban Khok
หนองบัวลำภู,Nong Bua Lam Phu,สุวรรณคูหา,Suwannakhuha,นาดี,Na Di
หนองบัวลำภู,Nong Bua Lam Phu,สุวรรณคูหา,Suwannakhuha,นาด่าน,Na Dan
หนองบัวลำภู,Nong Bua Lam Phu,สุวรรณคูหา,Suwannakhuha,ดงมะไฟ,Dong Mafai
หนองบัวลำภู,Nong Bua Lam Phu,สุวรรณคูหา,Suwannakhuha,สุวรรณคูหา,Suwannakhuha
หนองบัวลำภู,Nong Bua Lam Phu,สุวรรณคูหา,Suwannakhuha,บุญทัน,Bun Than
หนองบัวลำภู,Nong Bua Lam Phu,สุวรรณคูหา,Suwannakhuha,กุดผึ้ง,Kut Phueng
หนองบัวลำภู,Nong Bua Lam Phu,นาวัง,Na Wang,นาเหล่า,Na Lao
หนองบัวลำภู,Nong Bua Lam Phu,นาวัง,Na Wang,นาแก,Na Kae
หนองบัวลำภู,Nong Bua Lam Phu,นาวัง,Na Wang,วังทอง,Wang Thong
หนองบัวลำภู,Nong Bua Lam Phu,นาวัง,Na Wang,วังปลาป้อม,Wang Pla Pom
หนองบัวลำภู,Nong Bua Lam Phu,นาวัง,Na Wang,เทพคีรี,Thep Khiri
ขอนแก่น,Khon Kaen,เมืองขอนแก่น,Mueang Khon Kaen,ในเมือง,Nai Mueang
ขอนแก่น,Khon Kaen,เมืองขอนแก่น,Mueang Khon Kaen,สำราญ,Samran
ขอนแก่น,Khon Kaen,เมืองขอนแก่น,Mueang Khon Kaen,โคกสี,Khok Si
ขอนแก่น,Khon Kaen,เมืองขอนแก่น,Mueang Khon Kaen,ท่าพระ,Tha Phra
ขอนแก่น,Khon Kaen,เมืองขอนแก่น,Mueang Khon Kaen,บ้านทุ่ม,Ban Thum
ขอนแก่น,Khon Kaen,เมืองขอนแก่น,Mueang Khon Kaen,เมืองเก่า,Mueang Kao
ขอนแก่น,Khon Kaen,เมืองขอนแก่น,Mueang Khon Kaen,พระลับ,Phra Lap
ขอนแก่น,Khon Kaen,เมืองขอนแก่น,Mueang Khon Kaen,สาวะถี,Sawathi
ขอนแก่น,Khon Kaen,เมืองขอนแก่น,Mueang Khon Kaen,บ้านหว้า,Ban Wa
ขอนแก่น,Khon Kaen,เมืองขอนแก่น,Mueang Khon Kaen,บ้านค้อ,Ban Kho
ขอนแก่น,Khon Kaen,เมืองขอนแก่น,Mueang Khon Kaen,แดงใหญ่,Daeng Yai
ขอนแก่น,Khon Kaen,เมืองขอนแก่น,Mueang Khon Kaen,ดอนช้าง,Don Chang
ขอนแก่น,Khon Kaen,เมืองขอนแก่น,Mueang Khon Kaen,ดอนหัน,Don Han
ขอนแก่น,Khon Kaen,เมืองขอนแก่น,Mueang Khon Kaen,ศิลา,Sila
ขอนแก่น,Khon Kaen,เมืองขอนแก่น,Mueang Khon Kaen,บ้านเป็ด,Ban Pet
ขอนแก่น,Khon Kaen,เมืองขอนแก่น,Mueang Khon Kaen,หนองตูม,Nong Tum
ขอนแก่น,Khon Kaen,เมืองขอนแก่น,Mueang Khon Kaen,บึงเนียม,Bueng Niam
ขอนแก่น,Khon Kaen,เมืองขอนแก่น,Mueang Khon Kaen,โนนท่อน,Non Thon
ขอนแก่น,Khon Kaen,บ้านฝาง,Ban Fang,หนองบัว,Nong Bua
ขอนแก่น,Khon Kaen,บ้านฝาง,Ban Fang,ป่าหวายนั่ง,Pa Wai Nang
ขอนแก่น,Khon Kaen,บ้านฝาง,Ban Fang,โนนฆ้อง,Non Khong
ขอนแก่น,Khon Kaen,บ้านฝาง,Ban Fang,บ้านเหล่า,Ban Lao
ขอนแก่น,Khon Kaen,บ้านฝาง,Ban Fang,ป่ามะนาว,Pa Manao
ขอนแก่น,Khon Kaen,บ้านฝาง,Ban Fang,บ้านฝาง,Ban Fang
ขอนแก่น,Khon Kaen,บ้านฝาง,Ban Fang,โคกงาม,Khok Ngam
ขอนแก่น,Khon Kaen,พระยืน,Phra Yuen,พระยืน,Phra Yuen
ขอนแก่น,Khon Kaen,พระยืน,Phra Yuen,พระบุ,Phra Bu
ขอนแก่น,Khon Kaen,พระยืน,Phra Yuen,บ้านโต้น,Ban Ton
ขอนแก่น,Khon Kaen,พระยืน,Phra Yuen,หนองแวง,Nong Waeng
ขอนแก่น,Khon Kaen,พระยืน,Phra Yuen,ขามป้อม,Kham Pom
ขอนแก่น,Khon Kaen,หนองเรือ,Nong Ruea,หนองเรือ,Nong Ruea
ขอนแก่น,Khon Kaen,หนองเรือ,Nong Ruea,บ้านเม็ง,Ban Meng
ขอนแก่น,Khon Kaen,หนองเรือ,Nong Ruea,บ้านกง,Ban Kong
ขอนแก่น,Khon Kaen,หนองเรือ,Nong Ruea,ยางคำ,Yang Kham
ขอนแก่น,Khon Kaen,หนองเรือ,Nong Ruea,จระเข้,Chorakhe
ขอนแก่น,Khon Kaen,หนองเรือ,Nong Ruea,โนนทอง,Non Thong
ขอนแก่น,Khon Kaen,หนองเรือ,Nong Ruea,กุดกว้าง,Kut Kwang
ขอนแก่น,Khon Kaen,หนองเรือ,Nong Ruea,โนนทัน,Non Than
ขอนแก่น,Khon Kaen,หนองเรือ,Nong Ruea,โนนสะอาด,Non Sa-at
ขอนแก่น,Khon Kaen,หนองเรือ,Nong Ruea,บ้านผือ,Ban Phue
ขอนแก่น,Khon Kaen,ชุมแพ,Chum Phae,ชุมแพ,Chum Phae
ขอนแก่น,Khon Kaen,ชุมแพ,Chum Phae,โนนหัน,Non Han
ขอนแก่น,Khon Kaen,ชุมแพ,Chum Phae,นาหนองทุ่ม,Na Nong Thum
ขอนแก่น,Khon Kaen,ชุมแพ,Chum Phae,โนนอุดม,Non Udom
ขอนแก่น,Khon Kaen,ชุมแพ,Chum Phae,ขัวเรียง,Khua Riang
ขอนแก่น,Khon Kaen,ชุมแพ,Chum Phae,หนองไผ่,Nong Phai
ขอนแก่น,Khon Kaen,ชุมแพ,Chum Phae,ไชยสอ,Chai So
ขอนแก่น,Khon Kaen,ชุมแพ,Chum Phae,วังหินลาด,Wang Hin Lat
ขอนแก่น,Khon Kaen,ชุมแพ,Chum Phae,นาเพียง,Na Phiang
ขอนแก่น,Khon Kaen,ชุมแพ,Chum Phae,หนองเขียด,Nong Khiat
ขอนแก่น,Khon Kaen,ชุมแพ,Chum Phae,หนองเสาเล้า,Nong Sao Lao
ขอนแก่น,Khon Kaen,ชุมแพ,Chum Phae,โนนสะอาด,Non Sa-at
ขอนแก่น,Khon Kaen,สีชมพู,Si Chomphu,สีชมพู,Si Chomphu
ขอนแก่น,Khon Kaen,สีชมพู,Si Chomphu,ศรีสุข,Si Suk
ขอนแก่น,Khon Kaen,สีชมพู,Si Chomphu,นาจาน,Na Chan
ขอนแก่น,Khon Kaen,สีชมพู,Si Chomphu,วังเพิ่ม,Wang Phoem
ขอนแก่น,Khon Kaen,สีชมพู,Si Chomphu,ซำยาง,Sam Yang
ขอนแก่น,Khon Kaen,สีชมพู,Si Chomphu,หนองแดง,Nong Daeng
ขอนแก่น,Khon Kaen,สีชมพู,Si Chomphu,ดงลาน,Dong Lan
ขอนแก่น,Khon Kaen,สีชมพู,Si Chomphu,บริบูรณ์,Boribun
ขอนแก่น,Khon Kaen,สีชมพู,Si Chomphu,บ้านใหม่,Ban Mai
ขอนแก่น,Khon Kaen,สีชมพู,Si Chomphu,ภูห่าน,Phu Han
ขอนแก่น,Khon Kaen,น้ำพอง,Nam Phong,น้ำพอง,Nam Phong
ขอนแก่น,Khon Kaen,น้ำพอง,Nam Phong,วังชัย,Wang Chai
ขอนแก่น,Khon Kaen,น้ำพอง,Nam Phong,หนองกุง,Nong Kung
ขอนแก่น,Khon Kaen,น้ำพอง,Nam Phong,บัวใหญ่,Bua Yai
ขอนแก่น,Khon Kaen,น้ำพอง,Nam Phong,สะอาด,Sa-at
ขอนแก่น,Khon Kaen,น้ำพอง,Nam Phong,ม่วงหวาน,Muang Wan
ขอนแก่น,Khon Kaen,น้ำพอง,Nam Phong,บ้านขาม,Ban Kham
ขอนแก่น,Khon Kaen,น้ำพอง,Nam Phong,บัวเงิน,Bua Ngoen
ขอนแก่น,Khon Kaen,น้ำพอง,Nam Phong,ทรายมูล,Sai Mun
ขอนแก่น,Khon Kaen,น้ำพอง,Nam Phong,ท่ากระเสริม,Tha Krasoem
ขอนแก่น,Khon Kaen,น้ำพอง,Nam Phong,พังทุย,Phang Thui
ขอนแก่น,Khon Kaen,น้ำพอง,Nam Phong,กุดน้ำใส,Kut Nam Sai
ขอนแก่น,Khon Kaen,อุบลรัตน์,Ubolratana,โคกสูง,Khok Sung
ขอนแก่น,Khon Kaen,อุบลรัตน์,Ubolratana,บ้านดง,Ban Dong
ขอนแก่น,Khon Kaen,อุบลรัตน์,Ubolratana,เขื่อนอุบลรัตน์,Khuean Ubolratana
ขอนแก่น,Khon Kaen,อุบลรัตน์,Ubolratana,นาคำ,Na Kham
ขอนแก่น,Khon Kaen,อุบลรัตน์,Ubolratana,ศรีสุขสำราญ,Si Suk Samran
ขอนแก่น,Khon Kaen,อุบลรัตน์,Ubolratana,ทุ่งโป่ง,Thung Pong
ขอนแก่น,Khon Kaen,กระนวน,Kranuan,หนองโก,Nong Ko
ขอนแก่น,Khon Kaen,กระนวน,Kranuan,หนองกุงใหญ่,Nong Kung Yai
ขอนแก่น,Khon Kaen,กระนวน,Kranuan,ห้วยโจด,Huai Chot
ขอนแก่น,Khon Kaen,กระนวน,Kranuan,ห้วยยาง,Huai Yang
ขอนแก่น,Khon Kaen,กระนวน,Kranuan,บ้านฝาง,Ban Fang
ขอนแก่น,Khon Kaen,กระนวน,Kranuan,ดูนสาด,Dun Sat
ขอนแก่น,Khon Kaen,กระนวน,Kranuan,หนองโน,Nong No
ขอนแก่น,Khon Kaen,กระนวน,Kranuan,น้ำอ้อม,Nam Om
ขอนแก่น,Khon Kaen,กระนวน,Kranuan,หัวนาคำ,Hua Na Kham
ขอนแก่น,Khon Kaen,บ้านไผ่,Ban Phai,บ้านไผ่,Ban Phai
ขอนแก่น,Khon Kaen,บ้านไผ่,Ban Phai,ในเมือง,Nai Mueang
ขอนแก่น,Khon Kaen,บ้านไผ่,Ban Phai,เมืองเพีย,Mueang Phia
ขอนแก่น,Khon Kaen,บ้านไผ่,Ban Phai,บ้านลาน,Ban Lan
ขอนแก่น,Khon Kaen,บ้านไผ่,Ban Phai,แคนเหนือ,Khaen Nuea
ขอนแก่น,Khon Kaen,บ้านไผ่,Ban Phai,ภูเหล็ก,Phu Lek
ขอนแก่น,Khon Kaen,บ้านไผ่,Ban Phai,ป่าปอ,Pa Po
ขอนแก่น,Khon Kaen,บ้านไผ่,Ban Phai,หินตั้ง,Hin Tang
ขอนแก่น,Khon Kaen,บ้านไผ่,Ban Phai,หนองน้ำใส,Nong Nam Sai
ขอนแก่น,Khon Kaen,บ้านไผ่,Ban Phai,หัวหนอง,Hua Nong
ขอนแก่น,Khon Kaen,เปือยน้อย,Pueai Noi,เปือยน้อย,Pueai Noi
ขอนแก่น,Khon Kaen,เปือยน้อย,Pueai Noi,วังม่วง,Wang Muang
ขอนแก่น,Khon Kaen,เปือยน้อย,Pueai Noi,ขามป้อม,Kham Pom
ขอนแก่น,Khon Kaen,เปือยน้อย,Pueai Noi,สระแก้ว,Sa Kaeo
ขอนแก่น,Khon Kaen,พล,Phon,เมืองพล,Mueang Phon
ขอนแก่น,Khon Kaen,พล,Phon,โจดหนองแก,Chot Nong Kae
ขอนแก่น,Khon Kaen,พล,Phon,เก่างิ้ว,Kao Ngio
ขอนแก่น,Khon Kaen,พล,Phon,หนองมะเขือ,Nong Makhuea
ขอนแก่น,Khon Kaen,พล,Phon,หนองแวงโสกพระ,Nong Waeng Sok Phra
ขอนแก่น,Khon Kaen,พล,Phon,เพ็กใหญ่,Phek Yai
ขอนแก่น,Khon Kaen,พล,Phon,โคกสง่า,Khok Sa-nga
ขอนแก่น,Khon Kaen,พล,Phon,หนองแวงนางเบ้า,Nong Waeng Nang Bao
ขอนแก่น,Khon Kaen,พล,Phon,ลอมคอม,Lom Khom
ขอนแก่น,Khon Kaen,พล,Phon,โนนข่า,Non Kha
ขอนแก่น,Khon Kaen,พล,Phon,โสกนกเต็น,Sok Nok Ten
ขอนแก่น,Khon Kaen,พล,Phon,หัวทุ่ง,Hua Thung
ขอนแก่น,Khon Kaen,แวงใหญ่,Waeng Yai,คอนฉิม,Khon Chim
ขอนแก่น,Khon Kaen,แวงใหญ่,Waeng Yai,ใหม่นาเพียง,Mai Na Phiang
ขอนแก่น,Khon Kaen,แวงใหญ่,Waeng Yai,โนนทอง,Non Thong
ขอนแก่น,Khon Kaen,แวงใหญ่,Waeng Yai,แวงใหญ่,Waeng Yai
ขอนแก่น,Khon Kaen,แวงใหญ่,Waeng Yai,โนนสะอาด,Non Sa-at
ขอนแก่น,Khon Kaen,แวงน้อย,Waeng Noi,แวงน้อย,Waeng Noi
ขอนแก่น,Khon Kaen,แวงน้อย,Waeng Noi,ก้านเหลือง,Kan Lueang
ขอนแก่น,Khon Kaen,แวงน้อย,Waeng Noi,ท่านางแนว,Tha Nang Naeo
ขอนแก่น,Khon Kaen,แวงน้อย,Waeng Noi,ละหานนา,Lahan Na
ขอนแก่น,Khon Kaen,แวงน้อย,Waeng Noi,ท่าวัด,Tha Wat
ขอนแก่น,Khon Kaen,แวงน้อย,Waeng Noi,ทางขวาง,Thang Khwang
ขอนแก่น,Khon Kaen,หนองสองห้อง,Nong Song Hong,หนองสองห้อง,Nong Song Hong
ขอนแก่น,Khon Kaen,หนองสองห้อง,Nong Song Hong,คึมชาด,Khuemchat
ขอนแก่น,Khon Kaen,หนองสองห้อง,Nong Song Hong,โนนธาตุ,Non That
ขอนแก่น,Khon Kaen,หนองสองห้อง,Nong Song Hong,ตะกั่วป่า,Takua Pa
ขอนแก่น,Khon Kaen,หนองสองห้อง,Nong Song Hong,สำโรง,Samrong
ขอนแก่น,Khon Kaen,หนองสองห้อง,Nong Song Hong,หนองเม็ก,Nong Mek
ขอนแก่น,Khon Kaen,หนองสองห้อง,Nong Song Hong,ดอนดู่,Don Du
ขอนแก่น,Khon Kaen,หนองสองห้อง,Nong Song Hong,ดงเค็ง,Dong Kheng
ขอนแก่น,Khon Kaen,หนองสองห้อง,Nong Song Hong,หันโจด,Han Chot
ขอนแก่น,Khon Kaen,หนองสองห้อง,Nong Song Hong,ดอนดั่ง,Don Dang
ขอนแก่น,Khon Kaen,หนองสองห้อง,Nong Song Hong,วังหิน,Wang Hin
ขอนแก่น,Khon Kaen,หนองสองห้อง,Nong Song Hong,หนองไผ่ล้อม,Nong Phai Lom
ขอนแก่น,Khon Kaen,ภูเวียง,Phu Wiang,บ้านเรือ,Ban Ruea
ขอนแก่น,Khon Kaen,ภูเวียง,Phu Wiang,หว้าทอง,Wa Thong
ขอนแก่น,Khon Kaen,ภูเวียง,Phu Wiang,กุดขอนแก่น,Kut Khon Kaen
ขอนแก่น,Khon Kaen,ภูเวียง,Phu Wiang,นาชุมแสง,Na Chum Saeng
ขอนแก่น,Khon Kaen,ภูเวียง,Phu Wiang,นาหว้า,Na Wa
ขอนแก่น,Khon Kaen,ภูเวียง,Phu Wiang,หนองกุงธนสาร,Nong Kung Thanasan
ขอนแก่น,Khon Kaen,ภูเวียง,Phu Wiang,หนองกุงเซิน,Nong Kung Soen
ขอนแก่น,Khon Kaen,ภูเวียง,Phu Wiang,สงเปือย,Song Pueai
ขอนแก่น,Khon Kaen,ภูเวียง,Phu Wiang,ทุ่งชมพู,Thung Chomphu
ขอนแก่น,Khon Kaen,ภูเวียง,Phu Wiang,ดินดำ,Din Dam
ขอนแก่น,Khon Kaen,ภูเวียง,Phu Wiang,ภูเวียง,Phu Wiang
ขอนแก่น,Khon Kaen,มัญจาคีรี,Mancha Khiri,กุดเค้า,Kut Khao
ขอนแก่น,Khon Kaen,มัญจาคีรี,Mancha Khiri,สวนหม่อน,Suan Mon
ขอนแก่น,Khon Kaen,มัญจาคีรี,Mancha Khiri,หนองแปน,Nong Paen
ขอนแก่น,Khon Kaen,มัญจาคีรี,Mancha Khiri,โพนเพ็ก,Phon Phek
ขอนแก่น,Khon Kaen,มัญจาคีรี,Mancha Khiri,คำแคน,Kham Khaen
ขอนแก่น,Khon Kaen,มัญจาคีรี,Mancha Khiri,นาข่า,Na Kha
ขอนแก่น,Khon Kaen,มัญจาคีรี,Mancha Khiri,นางาม,Na Ngam
ขอนแก่น,Khon Kaen,มัญจาคีรี,Mancha Khiri,ท่าศาลา,Tha Sala
ขอนแก่น,Khon Kaen,ชนบท,Chonnabot,ชนบท,Chonnabot
ขอนแก่น,Khon Kaen,ชนบท,Chonnabot,กุดเพียขอม,Kut Phia Khom
ขอนแก่น,Khon Kaen,ชนบท,Chonnabot,วังแสง,Wang Saeng
ขอนแก่น,Khon Kaen,ชนบท,Chonnabot,ห้วยแก,Huai Kae
ขอนแก่น,Khon Kaen,ชนบท,Chonnabot,บ้านแท่น,Ban Thaen
ขอนแก่น,Khon Kaen,ชนบท,Chonnabot,ศรีบุญเรือง,Si Bun Rueang
ขอนแก่น,Khon Kaen,ชนบท,Chonnabot,โนนพะยอม,Non Phayom
ขอนแก่น,Khon Kaen,ชนบท,Chonnabot,ปอแดง,Po Daeng
ขอนแก่น,Khon Kaen,เขาสวนกวาง,Khao Suan Kwang,เขาสวนกวาง,Khao Suan Kwang
ขอนแก่น,Khon Kaen,เขาสวนกวาง,Khao Suan Kwang,ดงเมืองแอม,Dong Mueang Aem
ขอนแก่น,Khon Kaen,เขาสวนกวาง,Khao Suan Kwang,นางิ้ว,Na Ngio
ขอนแก่น,Khon Kaen,เขาสวนกวาง,Khao Suan Kwang,โนนสมบูรณ์,Non Sombun
ขอนแก่น,Khon Kaen,เขาสวนกวาง,Khao Suan Kwang,คำม่วง,Kham Muang
ขอนแก่น,Khon Kaen,ภูผาม่าน,Phu Pha Man,โนนคอม,Non Khom
ขอนแก่น,Khon Kaen,ภูผาม่าน,Phu Pha Man,นาฝาย,Na Fai
ขอนแก่น,Khon Kaen,ภูผาม่าน,Phu Pha Man,ภูผาม่าน,Phu Pha Man
ขอนแก่น,Khon Kaen,ภูผาม่าน,Phu Pha Man,วังสวาบ,Wang Sawap
ขอนแก่น,Khon Kaen,ภูผาม่าน,Phu Pha Man,ห้วยม่วง,Huai Muang
ขอนแก่น,Khon Kaen,ซำสูง,Sam Sung,กระนวน,Kranuan
ขอนแก่น,Khon Kaen,ซำสูง,Sam Sung,คำแมด,Kham Maet
ขอนแก่น,Khon Kaen,ซำสูง,Sam Sung,บ้านโนน,Ban Non
ขอนแก่น,Khon Kaen,ซำสูง,Sam Sung,คูคำ,Khu Kham
ขอนแก่น,Khon Kaen,ซำสูง,Sam Sung,ห้วยเตย,Huai Toei
ขอนแก่น,Khon Kaen,โคกโพธิ์ไชย,Khok Pho Chai,บ้านโคก,Ban Khok
ขอนแก่น,Khon Kaen,โคกโพธิ์ไชย,Khok Pho Chai,โพธิ์ไชย,Pho Chai
ขอนแก่น,Khon Kaen,โคกโพธิ์ไชย,Khok Pho Chai,ซับสมบูรณ์,Sap Sombun
ขอนแก่น,Khon Kaen,โคกโพธิ์ไชย,Khok Pho Chai,นาแพง,Na Phaeng
ขอนแก่น,Khon Kaen,หนองนาคำ,Nong Na Kham,กุดธาตุ,Kut That
ขอนแก่น,Khon Kaen,หนองนาคำ,Nong Na Kham,บ้านโคก,Ban Khok
ขอนแก่น,Khon Kaen,หนองนาคำ,Nong Na Kham,ขนวน,Khanuan
ขอนแก่น,Khon Kaen,บ้านแฮด,Ban Haet,บ้านแฮด,Ban Haet
ขอนแก่น,Khon Kaen,บ้านแฮด,Ban Haet,โคกสำราญ,Khok Samran
ขอนแก่น,Khon Kaen,บ้านแฮด,Ban Haet,โนนสมบูรณ์,Non Sombun
ขอนแก่น,Khon Kaen,บ้านแฮด,Ban Haet,หนองแซง,Nong Saeng
ขอนแก่น,Khon Kaen,โนนศิลา,Non Sila,โนนศิลา,Non Sila
ขอนแก่น,Khon Kaen,โนนศิลา,Non Sila,หนองปลาหมอ,Nong Pla Mo
ขอนแก่น,Khon Kaen,โนนศิลา,Non Sila,บ้านหัน,Ban Han
ขอนแก่น,Khon Kaen,โนนศิลา,Non Sila,เปือยใหญ่,Pueai Yai
ขอนแก่น,Khon Kaen,โนนศิลา,Non Sila,โนนแดง,Non Daeng
ขอนแก่น,Khon Kaen,เวียงเก่า,Wiang Kao,ในเมือง,Nai Mueang
ขอนแก่น,Khon Kaen,เวียงเก่า,Wiang Kao,เมืองเก่าพัฒนา,Mueang Kao Phatthana
ขอนแก่น,Khon Kaen,เวียงเก่า,Wiang Kao,เขาน้อย,Khao Noi
อุดรธานี,Udon Thani,เมืองอุดรธานี,Mueang Udon Thani,หมากแข้ง,Mak Khaeng
อุดรธานี,Udon Thani,เมืองอุดรธานี,Mueang Udon Thani,นิคมสงเคราะห์,Nikhom Songkhro
อุดรธานี,Udon Thani,เมืองอุดรธานี,Mueang Udon Thani,บ้านขาว,Ban Khao
อุดรธานี,Udon Thani,เมืองอุดรธานี,Mueang Udon Thani,หนองบัว,Nong Bua
อุดรธานี,Udon Thani,เมืองอุดรธานี,Mueang Udon Thani,บ้านตาด,Ban Tat
อุดรธานี,Udon Thani,เมืองอุดรธานี,Mueang Udon Thani,โนนสูง,Non Sung
อุดรธานี,Udon Thani,เมืองอุดรธานี,Mueang Udon Thani,หมูม่น,Mu Mon
อุดรธานี,Udon Thani,เมืองอุดรธานี,Mueang Udon Thani,เชียงยืน,Chiang Yuen
อุดรธานี,Udon Thani,เมืองอุดรธานี,Mueang Udon Thani,หนองนาคำ,Nong Na Kham
อุดรธานี,Udon Thani,เมืองอุดรธานี,Mueang Udon Thani,กุดสระ,Kut Sa
อุดรธานี,Udon Thani,เมืองอุดรธานี,Mueang Udon Thani,นาดี,Na Di
อุดรธานี,Udon Thani,เมืองอุดรธานี,Mueang Udon Thani,บ้านเลื่อม,Ban Lueam
อุดรธานี,Udon Thani,เมืองอุดรธานี,Mueang Udon Thani,เชียงพิณ,Chiang Phin
อุดรธานี,Udon Thani,เมืองอุดรธานี,Mueang Udon Thani,สามพร้าว,Sam Phrao
อุดรธานี,Udon Thani,เมืองอุดรธานี,Mueang Udon Thani,หนองไฮ,Nong Hai
อุดรธานี,Udon Thani,เมืองอุดรธานี,Mueang Udon Thani,นาข่า,Na Kha
อุดรธานี,Udon Thani,เมืองอุดรธานี,Mueang Udon Thani,บ้านจั่น,Ban Chan
อุดรธานี,Udon Thani,เมืองอุดรธานี,Mueang Udon Thani,หนองขอนกว้าง,Nong Khon Kwang
อุดรธานี,Udon Thani,เมืองอุดรธานี,Mueang Udon Thani,โคกสะอาด,Khok Sa-at
อุดรธานี,Udon Thani,เมืองอุดรธานี,Mueang Udon Thani,นากว้าง,Na Kwang
อุดรธานี,Udon Thani,เมืองอุดรธานี,Mueang Udon Thani,หนองไผ่,Nong Phai
อุดรธานี,Udon Thani,กุดจับ,Kut Chap,กุดจับ,Kut Chap
อุดรธานี,Udon Thani,กุดจับ,Kut Chap,ปะโค,Pakho
อุดรธานี,Udon Thani,กุดจับ,Kut Chap,ขอนยูง,Khon Yung
อุดรธานี,Udon Thani,กุดจับ,Kut Chap,เชียงเพ็ง,Chiang Pheng
อุดรธานี,Udon Thani,กุดจับ,Kut Chap,สร้างก่อ,Sang Ko
อุดรธานี,Udon Thani,กุดจับ,Kut Chap,เมืองเพีย,Mueang Phia
อุดรธานี,Udon Thani,กุดจับ,Kut Chap,ตาลเลียน,Tan Lian
อุดรธานี,Udon Thani,หนองวัวซอ,Nong Wua So,หมากหญ้า,Mak Ya
อุดรธานี,Udon Thani,หนองวัวซอ,Nong Wua So,หนองอ้อ,Nong O
อุดรธานี,Udon Thani,หนองวัวซอ,Nong Wua So,อูบมุง,Up Mung
อุดรธานี,Udon Thani,หนองวัวซอ,Nong Wua So,กุดหมากไฟ,Kut Mak Fai
อุดรธานี,Udon Thani,หนองวัวซอ,Nong Wua So,น้ำพ่น,Nam Phon
อุดรธานี,Udon Thani,หนองวัวซอ,Nong Wua So,หนองบัวบาน,Nong Bua Ban
อุดรธานี,Udon Thani,หนองวัวซอ,Nong Wua So,โนนหวาย,Non Wai
อุดรธานี,Udon Thani,หนองวัวซอ,Nong Wua So,หนองวัวซอ,Nong Wua So
อุดรธานี,Udon Thani,กุมภวาปี,Kumphawapi,ตูมใต้,Tum Tai
อุดรธานี,Udon Thani,กุมภวาปี,Kumphawapi,พันดอน,Phan Don
อุดรธานี,Udon Thani,กุมภวาปี,Kumphawapi,เวียงคำ,Wiang Kham
อุดรธานี,Udon Thani,กุมภวาปี,Kumphawapi,แชแล,Chaelae
อุดรธานี,Udon Thani,กุมภวาปี,Kumphawapi,เชียงแหว,Chiang Wae
อุดรธานี,Udon Thani,กุมภวาปี,Kumphawapi,ห้วยเกิ้ง,Huai Koeng
อุดรธานี,Udon Thani,กุมภวาปี,Kumphawapi,เสอเพลอ,Soephloe
อุดรธานี,Udon Thani,กุมภวาปี,Kumphawapi,สีออ,Si O
อุดรธานี,Udon Thani,กุมภวาปี,Kumphawapi,ปะโค,Pa Kho
อุดรธานี,Udon Thani,กุมภวาปี,Kumphawapi,ผาสุก,Phasuk
อุดรธานี,Udon Thani,กุมภวาปี,Kumphawapi,ท่าลี่,Tha Li
อุดรธานี,Udon Thani,กุมภวาปี,Kumphawapi,กุมภวาปี,Kumphawapi
อุดรธานี,Udon Thani,กุมภวาปี,Kumphawapi,หนองหว้า,Nong Wa
อุดรธานี,Udon Thani,โนนสะอาด,Non Sa-at,โนนสะอาด,Non Sa-at
อุดรธานี,Udon Thani,โนนสะอาด,Non Sa-at,บุ่งแก้ว,Bung Kaeo
อุดรธานี,Udon Thani,โนนสะอาด,Non Sa-at,โพธิ์ศรีสำราญ,Pho Si Samran
อุดรธานี,Udon Thani,โนนสะอาด,Non Sa-at,ทมนางาม,Thom Na Ngam
อุดรธานี,Udon Thani,โนนสะอาด,Non Sa-at,หนองกุงศรี,Nong Kung Si
อุดรธานี,Udon Thani,โนนสะอาด,Non Sa-at,โคกกลาง,Khok Klang
อุดรธานี,Udon Thani,หนองหาน,Nong Han,หนองหาน,Nong Han
อุดรธานี,Udon Thani,หนองหาน,Nong Han,หนองเม็ก,Nong Mek
อุดรธานี,Udon Thani,หนองหาน,Nong Han,พังงู,Phang Ngu
อุดรธานี,Udon Thani,หนองหาน,Nong Han,สะแบง,Sabaeng
อุดรธานี,Udon Thani,หนองหาน,Nong Han,สร้อยพร้าว,Soi Phrao
อุดรธานี,Udon Thani,หนองหาน,Nong Han,บ้านเชียง,Ban Chiang
อุดรธานี,Udon Thani,หนองหาน,Nong Han,บ้านยา,Ban Ya
อุดรธานี,Udon Thani,หนองหาน,Nong Han,โพนงาม,Phon Ngam
อุดรธานี,Udon Thani,หนองหาน,Nong Han,ผักตบ,Phak Top
อุดรธานี,Udon Thani,หนองหาน,Nong Han,หนองไผ่,Nong Phai
อุดรธานี,Udon Thani,หนองหาน,Nong Han,ดอนหายโศก,Don Hai Sok
อุดรธานี,Udon Thani,หนองหาน,Nong Han,หนองสระปลา,Nong Sa Pla
อุดรธานี,Udon Thani,ทุ่งฝน,Thung Fon,ทุ่งฝน,Thung Fon
อุดรธานี,Udon Thani,ทุ่งฝน,Thung Fon,ทุ่งใหญ่,Thung Yai
อุดรธานี,Udon Thani,ทุ่งฝน,Thung Fon,นาชุมแสง,Na Chum Saeng
อุดรธานี,Udon Thani,ทุ่งฝน,Thung Fon,นาทม,Na Thom
อุดรธานี,Udon Thani,ไชยวาน,Chai Wan,ไชยวาน,Chai Wan
อุดรธานี,Udon Thani,ไชยวาน,Chai Wan,หนองหลัก,Nong Lak
อุดรธานี,Udon Thani,ไชยวาน,Chai Wan,คำเลาะ,Kham Lo
อุดรธานี,Udon Thani,ไชยวาน,Chai Wan,โพนสูง,Phon Sung
อุดรธานี,Udon Thani,ศรีธาตุ,Si That,ศรีธาตุ,Si That
อุดรธานี,Udon Thani,ศรีธาตุ,Si That,จำปี,Champi
อุดรธานี,Udon Thani,ศรีธาตุ,Si That,บ้านโปร่ง,Ban Prong
อุดรธานี,Udon Thani,ศรีธาตุ,Si That,หัวนาคำ,Hua Na Kham
อุดรธานี,Udon Thani,ศรีธาตุ,Si That,หนองนกเขียน,Nong Nok Khian
อุดรธานี,Udon Thani,ศรีธาตุ,Si That,นายูง,Na Yung
อุดรธานี,Udon Thani,ศรีธาตุ,Si That,ตาดทอง,Tat Thong
อุดรธานี,Udon Thani,วังสามหมอ,Wang Sam Mo,หนองกุงทับม้า,Nong Kung Thap Ma
อุดรธานี,Udon Thani,วังสามหมอ,Wang Sam Mo,หนองหญ้าไซ,Nong Ya Sai
อุดรธานี,Udon Thani,วังสามหมอ,Wang Sam Mo,บะยาว,Ba Yao
อุดรธานี,Udon Thani,วังสามหมอ,Wang Sam Mo,ผาสุก,Phasuk
อุดรธานี,Udon Thani,วังสามหมอ,Wang Sam Mo,คำโคกสูง,Kham Khok Sung
อุดรธานี,Udon Thani,วังสามหมอ,Wang Sam Mo,วังสามหมอ,Wang Sam Mo
อุดรธานี,Udon Thani,บ้านดุง,Ban Dung,ศรีสุทโธ,Si Suttho
อุดรธานี,Udon Thani,บ้านดุง,Ban Dung,บ้านดุง,Ban Dung
อุดรธานี,Udon Thani,บ้านดุง,Ban Dung,ดงเย็น,Dong Yen
อุดรธานี,Udon Thani,บ้านดุง,Ban Dung,โพนสูง,Phon Sung
อุดรธานี,Udon Thani,บ้านดุง,Ban Dung,อ้อมกอ,Om Ko
อุดรธานี,Udon Thani,บ้านดุง,Ban Dung,บ้านจันทน์,Ban Chan
อุดรธานี,Udon Thani,บ้านดุง,Ban Dung,บ้านชัย,Ban Chai
อุดรธานี,Udon Thani,บ้านดุง,Ban Dung,นาไหม,Na Mai
อุดรธานี,Udon Thani,บ้านดุง,Ban Dung,ถ่อนนาลับ,Thon Na Lap
อุดรธานี,Udon Thani,บ้านดุง,Ban Dung,วังทอง,Wang Thong
อุดรธานี,Udon Thani,บ้านดุง,Ban Dung,บ้านม่วง,Ban Muang
อุดรธานี,Udon Thani,บ้านดุง,Ban Dung,บ้านตาด,Ban Tat
อุดรธานี,Udon Thani,บ้านดุง,Ban Dung,นาคำ,Na Kham
อุดรธานี,Udon Thani,บ้านผือ,Ban Phue,บ้านผือ,Ban Phue
อุดรธานี,Udon Thani,บ้านผือ,Ban Phue,หายโศก,Hai Sok
อุดรธานี,Udon Thani,บ้านผือ,Ban Phue,เขือน้ำ,Khuea Nam
อุดรธานี,Udon Thani,บ้านผือ,Ban Phue,คำบง,Kham Bong
อุดรธานี,Udon Thani,บ้านผือ,Ban Phue,โนนทอง,Non Thong
อุดรธานี,Udon Thani,บ้านผือ,Ban Phue,ข้าวสาร,Khao San
อุดรธานี,Udon Thani,บ้านผือ,Ban Phue,จำปาโมง,Champa Mong
อุดรธานี,Udon Thani,บ้านผือ,Ban Phue,กลางใหญ่,Klang Yai
อุดรธานี,Udon Thani,บ้านผือ,Ban Phue,เมืองพาน,Mueang Phan
อุดรธานี,Udon Thani,บ้านผือ,Ban Phue,คำด้วง,Kham Duang
อุดรธานี,Udon Thani,บ้านผือ,Ban Phue,หนองหัวคู,Nong Hua Khu
อุดรธานี,Udon Thani,บ้านผือ,Ban Phue,บ้านค้อ,Ban Kho
อุดรธานี,Udon Thani,บ้านผือ,Ban Phue,หนองแวง,Nong Waeng
อุดรธานี,Udon Thani,น้ำโสม,Nam Som,นางัว,Na Ngua
อุดรธานี,Udon Thani,น้ำโสม,Nam Som,น้ำโสม,Nam Som
อุดรธานี,Udon Thani,น้ำโสม,Nam Som,หนองแวง,Nong Waeng
อุดรธานี,Udon Thani,น้ำโสม,Nam Som,บ้านหยวก,Ban Yuak
อุดรธานี,Udon Thani,น้ำโสม,Nam Som,โสมเยี่ยม,Som Yiam
อุดรธานี,Udon Thani,น้ำโสม,Nam Som,ศรีสำราญ,Si Samran
อุดรธานี,Udon Thani,น้ำโสม,Nam Som,สามัคคี,Samakkhi
อุดรธานี,Udon Thani,เพ็ญ,Phen,เพ็ญ,Phen
อุดรธานี,Udon Thani,เพ็ญ,Phen,บ้านธาตุ,Ban That
อุดรธานี,Udon Thani,เพ็ญ,Phen,นาพู่,Na Phu
อุดรธานี,Udon Thani,เพ็ญ,Phen,เชียงหวาง,Chiang Wang
อุดรธานี,Udon Thani,เพ็ญ,Phen,สุมเส้า,Sum Sao
อุดรธานี,Udon Thani,เพ็ญ,Phen,นาบัว,Na Bua
อุดรธานี,Udon Thani,เพ็ญ,Phen,บ้านเหล่า,Ban Lao
อุดรธานี,Udon Thani,เพ็ญ,Phen,จอมศรี,Chom Si
อุดรธานี,Udon Thani,เพ็ญ,Phen,เตาไห,Tao Hai
อุดรธานี,Udon Thani,เพ็ญ,Phen,โคกกลาง,Khok Klang
อุดรธานี,Udon Thani,เพ็ญ,Phen,สร้างแป้น,Sang Paen
อุดรธานี,Udon Thani,สร้างคอม,Sang Khom,สร้างคอม,Sang Khom
อุดรธานี,Udon Thani,สร้างคอม,Sang Khom,เชียงดา,Chiang Da
อุดรธานี,Udon Thani,สร้างคอม,Sang Khom,บ้านยวด,Ban Yuat
อุดรธานี,Udon Thani,สร้างคอม,Sang Khom,บ้านโคก,Ban Khok
อุดรธานี,Udon Thani,สร้างคอม,Sang Khom,นาสะอาด,Na Sa-at
อุดรธานี,Udon Thani,สร้างคอม,Sang Khom,บ้านหินโงม,Ban Hin Ngom
อุดรธานี,Udon Thani,หนองแสง,Nong Saeng,หนองแสง,Nong Saeng
อุดรธานี,Udon Thani,หนองแสง,Nong Saeng,แสงสว่าง,Saeng Sawang
อุดรธานี,Udon Thani,หนองแสง,Nong Saeng,นาดี,Na Di
อุดรธานี,Udon Thani,หนองแสง,Nong Saeng,ทับกุง,Thap Kung
อุดรธานี,Udon Thani,นายูง,Na Yung,นายูง,Na Yung
อุดรธานี,Udon Thani,นายูง,Na Yung,บ้านก้อง,Ban Kong
อุดรธานี,Udon Thani,นายูง,Na Yung,นาแค,Na Khae
อุดรธานี,Udon Thani,นายูง,Na Yung,โนนทอง,Non Thong
อุดรธานี,Udon Thani,พิบูลย์รักษ์,Phibun Rak,บ้านแดง,Ban Daeng
อุดรธานี,Udon Thani,พิบูลย์รักษ์,Phibun Rak,นาทราย,Na Sai
อุดรธานี,Udon Thani,พิบูลย์รักษ์,Phibun Rak,ดอนกลอย,Don Kloi
อุดรธานี,Udon Thani,กู่แก้ว,Ku Kaeo,บ้านจีต,Ban Chit
อุดรธานี,Udon Thani,กู่แก้ว,Ku Kaeo,โนนทองอินทร์,Non Thong In
อุดรธานี,Udon Thani,กู่แก้ว,Ku Kaeo,ค้อใหญ่,Kho Yai
อุดรธานี,Udon Thani,กู่แก้ว,Ku Kaeo,คอนสาย,Khon Sai
อุดรธานี,Udon Thani,ประจักษ์ศิลปาคม,Prachaksinlapakhom,นาม่วง,Na Muang
อุดรธานี,Udon Thani,ประจักษ์ศิลปาคม,Prachaksinlapakhom,ห้วยสามพาด,Huai Sam Phat
อุดรธานี,Udon Thani,ประจักษ์ศิลปาคม,Prachaksinlapakhom,อุ่มจาน,Um Chan
เลย,Loei,เมืองเลย,Mueang Loei,กุดป่อง,Kut Pong
เลย,Loei,เมืองเลย,Mueang Loei,เมือง,Mueang
เลย,Loei,เมืองเลย,Mueang Loei,นาอ้อ,Na O
เลย,Loei,เมืองเลย,Mueang Loei,กกดู่,Kok Du
เลย,Loei,เมืองเลย,Mueang Loei,น้ำหมาน,Nam Man
เลย,Loei,เมืองเลย,Mueang Loei,เสี้ยว,Siao
เลย,Loei,เมืองเลย,Mueang Loei,นาอาน,Na An
เลย,Loei,เมืองเลย,Mueang Loei,นาโป่ง,Na Pong
เลย,Loei,เมืองเลย,Mueang Loei,นาดินดำ,Na Din Dam
เลย,Loei,เมืองเลย,Mueang Loei,น้ำสวย,Nam Suai
เลย,Loei,เมืองเลย,Mueang Loei,ชัยพฤกษ์,Chaiyaphruek
เลย,Loei,เมืองเลย,Mueang Loei,นาแขม,Na Khaem
เลย,Loei,เมืองเลย,Mueang Loei,ศรีสองรัก,Si Song Rak
เลย,Loei,เมืองเลย,Mueang Loei,กกทอง,Kok Thong
เลย,Loei,นาด้วง,Na Duang,นาด้วง,Na Duang
เลย,Loei,นาด้วง,Na Duang,นาดอกคำ,Na Dok Kham
เลย,Loei,นาด้วง,Na Duang,ท่าสะอาด,Tha Sa-at
เลย,Loei,นาด้วง,Na Duang,ท่าสวรรค์,Tha Sawan
เลย,Loei,เชียงคาน,Chiang Khan,เชียงคาน,Chiang Khan
เลย,Loei,เชียงคาน,Chiang Khan,ธาตุ,That
เลย,Loei,เชียงคาน,Chiang Khan,นาซ่าว,Na Sao
เลย,Loei,เชียงคาน,Chiang Khan,เขาแก้ว,Khao Kaeo
เลย,Loei,เชียงคาน,Chiang Khan,ปากตม,Pak Tom
เลย,Loei,เชียงคาน,Chiang Khan,บุฮม,Bu Hom
เลย,Loei,เชียงคาน,Chiang Khan,จอมศรี,Chom Si
เลย,Loei,เชียงคาน,Chiang Khan,หาดทรายขาว,Hat Sai Khao
เลย,Loei,ปากชม,Pak Chom,ปากชม,Pak Chom
เลย,Loei,ปากชม,Pak Chom,เชียงกลม,Chiang Klom
เลย,Loei,ปากชม,Pak Chom,หาดคัมภีร์,Hat Khamphi
เลย,Loei,ปากชม,Pak Chom,ห้วยบ่อซืน,Huai Bo Suen
เลย,Loei,ปากชม,Pak Chom,ห้วยพิชัย,Huai Phichai
เลย,Loei,ปากชม,Pak Chom,ชมเจริญ,Chom Charoen
เลย,Loei,ด่านซ้าย,Dan Sai,ด่านซ้าย,Dan Sai
เลย,Loei,ด่านซ้าย,Dan Sai,ปากหมัน,Pak Man
เลย,Loei,ด่านซ้าย,Dan Sai,นาดี,Na Di
เลย,Loei,ด่านซ้าย,Dan Sai,โคกงาม,Khok Ngam
เลย,Loei,ด่านซ้าย,Dan Sai,โพนสูง,Phon Sung
เลย,Loei,ด่านซ้าย,Dan Sai,อิปุ่ม,Ipum
เลย,Loei,ด่านซ้าย,Dan Sai,กกสะทอน,Kok Sathon
เลย,Loei,ด่านซ้าย,Dan Sai,โป่ง,Pong
เลย,Loei,ด่านซ้าย,Dan Sai,วังยาว,Wang Yao
เลย,Loei,ด่านซ้าย,Dan Sai,นาหอ,Na Ho
เลย,Loei,นาแห้ว,Na Haeo,นาแห้ว,Na Haeo
เลย,Loei,นาแห้ว,Na Haeo,แสงภา,Saeng Pha
เลย,Loei,นาแห้ว,Na Haeo,นาพึง,Na Phueng
เลย,Loei,นาแห้ว,Na Haeo,นามาลา,Na Ma La
เลย,Loei,นาแห้ว,Na Haeo,เหล่ากอหก,Lao Ko Hok
เลย,Loei,ภูเรือ,Phu Ruea,หนองบัว,Nong Bua
เลย,Loei,ภูเรือ,Phu Ruea,ท่าศาลา,Tha Sala
เลย,Loei,ภูเรือ,Phu Ruea,ร่องจิก,Rong Chik
เลย,Loei,ภูเรือ,Phu Ruea,ปลาบ่า,Pla Ba
เลย,Loei,ภูเรือ,Phu Ruea,ลาดค่าง,Lat Khang
เลย,Loei,ภูเรือ,Phu Ruea,สานตม,San Tom
เลย,Loei,ท่าลี่,Tha Li,ท่าลี่,Tha Li
เลย,Loei,ท่าลี่,Tha Li,หนองผือ,Nong Phue
เลย,Loei,ท่าลี่,Tha Li,อาฮี,A Hi
เลย,Loei,ท่าลี่,Tha Li,น้ำแคม,Nam Khaem
เลย,Loei,ท่าลี่,Tha Li,โคกใหญ่,Khok Yai
เลย,Loei,ท่าลี่,Tha Li,น้ำทูน,Nam Thun
เลย,Loei,วังสะพุง,Wang Saphung,วังสะพุง,Wang Saphung
เลย,Loei,วังสะพุง,Wang Saphung,ทรายขาว,Sai Khao
เลย,Loei,วังสะพุง,Wang Saphung,หนองหญ้าปล้อง,Nong Ya Plong
เลย,Loei,วังสะพุง,Wang Saphung,หนองงิ้ว,Nong Ngio
เลย,Loei,วังสะพุง,Wang Saphung,ปากปวน,Pak Puan
เลย,Loei,วังสะพุง,Wang Saphung,ผาน้อย,Pha Noi
เลย,Loei,วังสะพุง,Wang Saphung,ผาบิ้ง,Pha Bing
เลย,Loei,วังสะพุง,Wang Saphung,เขาหลวง,Khao Luang
เลย,Loei,วังสะพุง,Wang Saphung,โคกขมิ้น,Khok Khamin
เลย,Loei,วังสะพุง,Wang Saphung,ศรีสงคราม,Si Songkhram
เลย,Loei,ภูกระดึง,Phu Kradueng,ศรีฐาน,Si Than
เลย,Loei,ภูกระดึง,Phu Kradueng,ผานกเค้า,Pha Nok Khao
เลย,Loei,ภูกระดึง,Phu Kradueng,ภูกระดึง,Phu Kradueng
เลย,Loei,ภูกระดึง,Phu Kradueng,ห้วยส้ม,Huai Som
เลย,Loei,ภูหลวง,Phu Luang,ภูหอ,Phu Ho
เลย,Loei,ภูหลวง,Phu Luang,หนองคัน,Nong Khan
เลย,Loei,ภูหลวง,Phu Luang,ห้วยสีเสียด,Huai Sisiat
เลย,Loei,ภูหลวง,Phu Luang,เลยวังไสย์,Loei Wang Sai
เลย,Loei,ภูหลวง,Phu Luang,แก่งศรีภูมิ,Kaeng Si Phum
เลย,Loei,ผาขาว,Pha Khao,ผาขาว,Pha Khao
เลย,Loei,ผาขาว,Pha Khao,ท่าช้างคล้อง,Tha Chang Khlong
เลย,Loei,ผาขาว,Pha Khao,โนนปอแดง,Non Po Daeng
เลย,Loei,ผาขาว,Pha Khao,โนนป่าซาง,Non Pa Sang
เลย,Loei,ผาขาว,Pha Khao,บ้านเพิ่ม,Ban Phoem
เลย,Loei,เอราวัณ,Erawan,เอราวัณ,Erawan
เลย,Loei,เอราวัณ,Erawan,ผาอินทร์แปลง,Pha In Plaeng
เลย,Loei,เอราวัณ,Erawan,ผาสามยอด,Pha Sam Yot
เลย,Loei,เอราวัณ,Erawan,ทรัพย์ไพวัลย์,Sap Phaiwan
เลย,Loei,หนองหิน,Nong Hin,หนองหิน,Nong Hin
เลย,Loei,หนองหิน,Nong Hin,ตาดข่า,Tat Kha
เลย,Loei,หนองหิน,Nong Hin,ปวนพุ,Puan Phu
หนองคาย,Nong Khai,เมืองหนองคาย,Mueang Nong Khai,ในเมือง,Nai Mueang
หนองคาย,Nong Khai,เมืองหนองคาย,Mueang Nong Khai,มีชัย,Mi Chai
หนองคาย,Nong Khai,เมืองหนองคาย,Mueang Nong Khai,โพธิ์ชัย,Pho Chai
หนองคาย,Nong Khai,เมืองหนองคาย,Mueang Nong Khai,กวนวัน,Kuan Wan
หนองคาย,Nong Khai,เมืองหนองคาย,Mueang Nong Khai,เวียงคุก,Wiang Khuk
หนองคาย,Nong Khai,เมืองหนองคาย,Mueang Nong Khai,วัดธาตุ,Wat That
หนองคาย,Nong Khai,เมืองหนองคาย,Mueang Nong Khai,หาดคำ,Hat Kham
หนองคาย,Nong Khai,เมืองหนองคาย,Mueang Nong Khai,หินโงม,Hin Ngom
หนองคาย,Nong Khai,เมืองหนองคาย,Mueang Nong Khai,บ้านเดื่อ,Ban Duea
หนองคาย,Nong Khai,เมืองหนองคาย,Mueang Nong Khai,ค่ายบกหวาน,Khai Bok Wan
หนองคาย,Nong Khai,เมืองหนองคาย,Mueang Nong Khai,สองห้อง,Song Hong
หนองคาย,Nong Khai,เมืองหนองคาย,Mueang Nong Khai,พระธาตุบังพวน,Phra That Bang Phuan
หนองคาย,Nong Khai,เมืองหนองคาย,Mueang Nong Khai,หนองกอมเกาะ,Nong Kom Ko
หนองคาย,Nong Khai,เมืองหนองคาย,Mueang Nong Khai,ปะโค,Pa Kho
หนองคาย,Nong Khai,เมืองหนองคาย,Mueang Nong Khai,เมืองหมี,Mueang Mi
หนองคาย,Nong Khai,เมืองหนองคาย,Mueang Nong Khai,สีกาย,Si Kai
หนองคาย,Nong Khai,ท่าบ่อ,Tha Bo,ท่าบ่อ,Tha Bo
หนองคาย,Nong Khai,ท่าบ่อ,Tha Bo,น้ำโมง,Nam Mong
หนองคาย,Nong Khai,ท่าบ่อ,Tha Bo,กองนาง,Kong Nang
หนองคาย,Nong Khai,ท่าบ่อ,Tha Bo,โคกคอน,Khok Khon
หนองคาย,Nong Khai,ท่าบ่อ,Tha Bo,บ้านเดื่อ,Ban Duea
หนองคาย,Nong Khai,ท่าบ่อ,Tha Bo,บ้านถ่อน,Ban Thon
หนองคาย,Nong Khai,ท่าบ่อ,Tha Bo,บ้านว่าน,Ban Wan
หนองคาย,Nong Khai,ท่าบ่อ,Tha Bo,นาข่า,Na Kha
หนองคาย,Nong Khai,ท่าบ่อ,Tha Bo,โพนสา,Phon Sa
หนองคาย,Nong Khai,ท่าบ่อ,Tha Bo,หนองนาง,Nong Nang
หนองคาย,Nong Khai,โพนพิสัย,Phon Phisai,จุมพล,Chumphon
หนองคาย,Nong Khai,โพนพิสัย,Phon Phisai,วัดหลวง,Wat Luang
หนองคาย,Nong Khai,โพนพิสัย,Phon Phisai,กุดบง,Kut Bong
หนองคาย,Nong Khai,โพนพิสัย,Phon Phisai,ชุมช้าง,Chum Chang
หนองคาย,Nong Khai,โพนพิสัย,Phon Phisai,ทุ่งหลวง,Thung Luang
หนองคาย,Nong Khai,โพนพิสัย,Phon Phisai,เหล่าต่างคำ,Lao Tang Kham
หนองคาย,Nong Khai,โพนพิสัย,Phon Phisai,นาหนัง,Na Nang
หนองคาย,Nong Khai,โพนพิสัย,Phon Phisai,เซิม,Soem
หนองคาย,Nong Khai,โพนพิสัย,Phon Phisai,บ้านโพธิ์,Ban Pho
หนองคาย,Nong Khai,โพนพิสัย,Phon Phisai,บ้านผือ,Ban Phue
หนองคาย,Nong Khai,โพนพิสัย,Phon Phisai,สร้างนางขาว,Sang Nang Khao
หนองคาย,Nong Khai,ศรีเชียงใหม่,Si Chiang Mai,พานพร้าว,Phan Phrao
หนองคาย,Nong Khai,ศรีเชียงใหม่,Si Chiang Mai,บ้านหม้อ,Ban Mo
หนองคาย,Nong Khai,ศรีเชียงใหม่,Si Chiang Mai,พระพุทธบาท,Phra Phutthabat
หนองคาย,Nong Khai,ศรีเชียงใหม่,Si Chiang Mai,หนองปลาปาก,Nong Pla Pak
หนองคาย,Nong Khai,สังคม,Sangkhom,แก้งไก่,Kaeng Kai
หนองคาย,Nong Khai,สังคม,Sangkhom,ผาตั้ง,Pha Tang
หนองคาย,Nong Khai,สังคม,Sangkhom,บ้านม่วง,Ban Muang
หนองคาย,Nong Khai,สังคม,Sangkhom,นางิ้ว,Na Ngio
หนองคาย,Nong Khai,สังคม,Sangkhom,สังคม,Sangkhom
หนองคาย,Nong Khai,สระใคร,Sakhrai,สระใคร,Sakhrai
หนองคาย,Nong Khai,สระใคร,Sakhrai,คอกช้าง,Khok Chang
หนองคาย,Nong Khai,สระใคร,Sakhrai,บ้านฝาง,Ban Fang
หนองคาย,Nong Khai,เฝ้าไร่,Fao Rai,เฝ้าไร่,Fao Rai
หนองคาย,Nong Khai,เฝ้าไร่,Fao Rai,นาดี,Na Di
หนองคาย,Nong Khai,เฝ้าไร่,Fao Rai,หนองหลวง,Nong Luang
หนองคาย,Nong Khai,เฝ้าไร่,Fao Rai,วังหลวง,Wang Luang
หนองคาย,Nong Khai,เฝ้าไร่,Fao Rai,อุดมพร,Udom Phon
หนองคาย,Nong Khai,รัตนวาปี,Rattanawapi,รัตนวาปี,Rattanawapi
หนองคาย,Nong Khai,รัตนวาปี,Rattanawapi,นาทับไฮ,Na Thap Hai
หนองคาย,Nong Khai,รัตนวาปี,Rattanawapi,บ้านต้อน,Ban Ton
หนองคาย,Nong Khai,รัตนวาปี,Rattanawapi,พระบาทนาสิงห์,Phra Bat Na Sing
หนองคาย,Nong Khai,รัตนวาปี,Rattanawapi,โพนแพง,Phon Phaeng
หนองคาย,Nong Khai,โพธิ์ตาก,Pho Tak,โพธิ์ตาก,Pho Tak
หนองคาย,Nong Khai,โพธิ์ตาก,Pho Tak,โพนทอง,Phon Thong
หนองคาย,Nong Khai,โพธิ์ตาก,Pho Tak,ด่านศรีสุข,Dan Si Suk
มหาสารคาม,Maha Sarakham,เมืองมหาสารคาม,Mueang Maha Sarakham,ตลาด,Talat
มหาสารคาม,Maha Sarakham,เมืองมหาสารคาม,Mueang Maha Sarakham,เขวา,Khwao
มหาสารคาม,Maha Sarakham,เมืองมหาสารคาม,Mueang Maha Sarakham,ท่าตูม,Tha Tum
มหาสารคาม,Maha Sarakham,เมืองมหาสารคาม,Mueang Maha Sarakham,แวงน่าง,Waeng Nang
มหาสารคาม,Maha Sarakham,เมืองมหาสารคาม,Mueang Maha Sarakham,โคกก่อ,Khok Ko
มหาสารคาม,Maha Sarakham,เมืองมหาสารคาม,Mueang Maha Sarakham,ดอนหว่าน,Don Wan
มหาสารคาม,Maha Sarakham,เมืองมหาสารคาม,Mueang Maha Sarakham,เกิ้ง,Koeng
มหาสารคาม,Maha Sarakham,เมืองมหาสารคาม,Mueang Maha Sarakham,แก่งเลิงจาน,Kaeng Loeng Chan
มหาสารคาม,Maha Sarakham,เมืองมหาสารคาม,Mueang Maha Sarakham,ท่าสองคอน,Tha Song Khon
มหาสารคาม,Maha Sarakham,เมืองมหาสารคาม,Mueang Maha Sarakham,ลาดพัฒนา,Lat Phatthana
มหาสารคาม,Maha Sarakham,เมืองมหาสารคาม,Mueang Maha Sarakham,หนองปลิง,Nong Pling
มหาสารคาม,Maha Sarakham,เมืองมหาสารคาม,Mueang Maha Sarakham,ห้วยแอ่ง,Huai Aeng
มหาสารคาม,Maha Sarakham,เมืองมหาสารคาม,Mueang Maha Sarakham,หนองโน,Nong No
มหาสารคาม,Maha Sarakham,เมืองมหาสารคาม,Mueang Maha Sarakham,บัวค้อ,Bua Kho
มหาสารคาม,Maha Sarakham,แกดำ,Kae Dam,แกดำ,Kae Dam
มหาสารคาม,Maha Sarakham,แกดำ,Kae Dam,วังแสง,Wang Saeng
มหาสารคาม,Maha Sarakham,แกดำ,Kae Dam,มิตรภาพ,Mittraphap
มหาสารคาม,Maha Sarakham,แกดำ,Kae Dam,หนองกุง,Nong Kung
มหาสารคาม,Maha Sarakham,แกดำ,Kae Dam,โนนภิบาล,Non Phiban
มหาสารคาม,Maha Sarakham,โกสุมพิสัย,Kosum Phisai,หัวขวาง,Hua Khwang
มหาสารคาม,Maha Sarakham,โกสุมพิสัย,Kosum Phisai,ยางน้อย,Yang Noi
มหาสารคาม,Maha Sarakham,โกสุมพิสัย,Kosum Phisai,วังยาว,Wang Yao
มหาสารคาม,Maha Sarakham,โกสุมพิสัย,Kosum Phisai,เขวาไร่,Khwao Rai
มหาสารคาม,Maha Sarakham,โกสุมพิสัย,Kosum Phisai,แพง,Phaeng
มหาสารคาม,Maha Sarakham,โกสุมพิสัย,Kosum Phisai,แก้งแก,Kaeng Kae
มหาสารคาม,Maha Sarakham,โกสุมพิสัย,Kosum Phisai,หนองเหล็ก,Nong Lek
มหาสารคาม,Maha Sarakham,โกสุมพิสัย,Kosum Phisai,หนองบัว,Nong Bua
มหาสารคาม,Maha Sarakham,โกสุมพิสัย,Kosum Phisai,เหล่า,Lao
มหาสารคาม,Maha Sarakham,โกสุมพิสัย,Kosum Phisai,เขื่อน,Khuean
มหาสารคาม,Maha Sarakham,โกสุมพิสัย,Kosum Phisai,หนองบอน,Nong Bua
มหาสารคาม,Maha Sarakham,โกสุมพิสัย,Kosum Phisai,โพนงาม,Phon Ngam
มหาสารคาม,Maha Sarakham,โกสุมพิสัย,Kosum Phisai,ยางท่าแจ้ง,Yang Tha Chaeng
มหาสารคาม,Maha Sarakham,โกสุมพิสัย,Kosum Phisai,แห่ใต้,Hae Tai
มหาสารคาม,Maha Sarakham,โกสุมพิสัย,Kosum Phisai,หนองกุงสวรรค์,Nong Kung Sawan
มหาสารคาม,Maha Sarakham,โกสุมพิสัย,Kosum Phisai,เลิงใต้,Loeng Tai
มหาสารคาม,Maha Sarakham,โกสุมพิสัย,Kosum Phisai,ดอนกลาง,Don Klang
มหาสารคาม,Maha Sarakham,กันทรวิชัย,Kantharawichai,โคกพระ,Khok Phra
มหาสารคาม,Maha Sarakham,กันทรวิชัย,Kantharawichai,คันธารราษฎร์,Khanthararat
มหาสารคาม,Maha Sarakham,กันทรวิชัย,Kantharawichai,มะค่า,Makha
มหาสารคาม,Maha Sarakham,กันทรวิชัย,Kantharawichai,ท่าขอนยาง,Tha Khon Yang
มหาสารคาม,Maha Sarakham,กันทรวิชัย,Kantharawichai,นาสีนวน,Na Si Nuan
มหาสารคาม,Maha Sarakham,กันทรวิชัย,Kantharawichai,ขามเรียง,Kham Riang
มหาสารคาม,Maha Sarakham,กันทรวิชัย,Kantharawichai,เขวาใหญ่,Khwao Yai
มหาสารคาม,Maha Sarakham,กันทรวิชัย,Kantharawichai,ศรีสุข,Si Suk
มหาสารคาม,Maha Sarakham,กันทรวิชัย,Kantharawichai,กุดใส้จ่อ,Kut Sai Cho
มหาสารคาม,Maha Sarakham,กันทรวิชัย,Kantharawichai,ขามเฒ่าพัฒนา,Kham Thao Phatthana
มหาสารคาม,Maha Sarakham,เชียงยืน,Chiang Yuen,เชียงยืน,Chiang Yuen
มหาสารคาม,Maha Sarakham,เชียงยืน,Chiang Yuen,หนองซอน,Nong Son
มหาสารคาม,Maha Sarakham,เชียงยืน,Chiang Yuen,ดอนเงิน,Don Ngoen
มหาสารคาม,Maha Sarakham,เชียงยืน,Chiang Yuen,กู่ทอง,Ku Thong
มหาสารคาม,Maha Sarakham,เชียงยืน,Chiang Yuen,นาทอง,Na Thong
มหาสารคาม,Maha Sarakham,เชียงยืน,Chiang Yuen,เสือเฒ่า,Suea Thao
มหาสารคาม,Maha Sarakham,เชียงยืน,Chiang Yuen,โพนทอง,Phon Thong
มหาสารคาม,Maha Sarakham,เชียงยืน,Chiang Yuen,เหล่าบัวบาน,Lao Bua Ban
มหาสารคาม,Maha Sarakham,บรบือ,Borabue,บรบือ,Borabue
มหาสารคาม,Maha Sarakham,บรบือ,Borabue,บ่อใหญ่,Bo Yai
มหาสารคาม,Maha Sarakham,บรบือ,Borabue,วังไชย,Wang Chai
มหาสารคาม,Maha Sarakham,บรบือ,Borabue,หนองม่วง,Nong Muang
มหาสารคาม,Maha Sarakham,บรบือ,Borabue,กำพี้,Kamphi
มหาสารคาม,Maha Sarakham,บรบือ,Borabue,โนนราษี,Non Rasi
มหาสารคาม,Maha Sarakham,บรบือ,Borabue,โนนแดง,Non Daeng
มหาสารคาม,Maha Sarakham,บรบือ,Borabue,หนองจิก,Nong Chik
มหาสารคาม,Maha Sarakham,บรบือ,Borabue,บัวมาศ,Bua Mat
มหาสารคาม,Maha Sarakham,บรบือ,Borabue,หนองคูขาด,Nong Khu Khat
มหาสารคาม,Maha Sarakham,บรบือ,Borabue,วังใหม่,Wang Mai
มหาสารคาม,Maha Sarakham,บรบือ,Borabue,ยาง,Yang
มหาสารคาม,Maha Sarakham,บรบือ,Borabue,หนองสิม,Nong Sim
มหาสารคาม,Maha Sarakham,บรบือ,Borabue,หนองโก,Nong Ko
มหาสารคาม,Maha Sarakham,บรบือ,Borabue,ดอนงัว,Don Ngua
มหาสารคาม,Maha Sarakham,นาเชือก,Na Chueak,นาเชือก,Na Chueak
มหาสารคาม,Maha Sarakham,นาเชือก,Na Chueak,สำโรง,Samrong
มหาสารคาม,Maha Sarakham,นาเชือก,Na Chueak,หนองแดง,Nong Daeng
มหาสารคาม,Maha Sarakham,นาเชือก,Na Chueak,เขวาไร่,Khwao Rai
มหาสารคาม,Maha Sarakham,นาเชือก,Na Chueak,หนองโพธิ์,Nong Pho
มหาสารคาม,Maha Sarakham,นาเชือก,Na Chueak,ปอพาน,Po Phan
มหาสารคาม,Maha Sarakham,นาเชือก,Na Chueak,หนองเม็ก,Nong Mek
มหาสารคาม,Maha Sarakham,นาเชือก,Na Chueak,หนองเรือ,Nong Ruea
มหาสารคาม,Maha Sarakham,นาเชือก,Na Chueak,หนองกุง,Nong Kung
มหาสารคาม,Maha Sarakham,นาเชือก,Na Chueak,สันป่าตอง,San Pa Ton
มหาสารคาม,Maha Sarakham,พยัคฆภูมิพิสัย,Phayakkhaphum Phisai,ปะหลาน,Palan
มหาสารคาม,Maha Sarakham,พยัคฆภูมิพิสัย,Phayakkhaphum Phisai,ก้ามปู,Kam Pu
มหาสารคาม,Maha Sarakham,พยัคฆภูมิพิสัย,Phayakkhaphum Phisai,เวียงสะอาด,Wiang Sa-at
มหาสารคาม,Maha Sarakham,พยัคฆภูมิพิสัย,Phayakkhaphum Phisai,เม็กดำ,Mek Dam
มหาสารคาม,Maha Sarakham,พยัคฆภูมิพิสัย,Phayakkhaphum Phisai,นาสีนวล,Na Si Nuan
มหาสารคาม,Maha Sarakham,พยัคฆภูมิพิสัย,Phayakkhaphum Phisai,ราษฎร์เจริญ,Rat Charoen
มหาสารคาม,Maha Sarakham,พยัคฆภูมิพิสัย,Phayakkhaphum Phisai,หนองบัวแก้ว,Nong Bua Kaeo
มหาสารคาม,Maha Sarakham,พยัคฆภูมิพิสัย,Phayakkhaphum Phisai,เมืองเตา,Mueang Tao
มหาสารคาม,Maha Sarakham,พยัคฆภูมิพิสัย,Phayakkhaphum Phisai,ลานสะแก,Lan Sakae
มหาสารคาม,Maha Sarakham,พยัคฆภูมิพิสัย,Phayakkhaphum Phisai,เวียงชัย,Wiang Chai
มหาสารคาม,Maha Sarakham,พยัคฆภูมิพิสัย,Phayakkhaphum Phisai,หนองบัว,Nong Bua
มหาสารคาม,Maha Sarakham,พยัคฆภูมิพิสัย,Phayakkhaphum Phisai,ราษฎร์พัฒนา,Rat Phatthana
มหาสารคาม,Maha Sarakham,พยัคฆภูมิพิสัย,Phayakkhaphum Phisai,เมืองเสือ,Mueang Suea
มหาสารคาม,Maha Sarakham,พยัคฆภูมิพิสัย,Phayakkhaphum Phisai,ภารแอ่น,Phan Aen
มหาสารคาม,Maha Sarakham,วาปีปทุม,Wapi Pathum,หนองแสง,Nong Saeng
มหาสารคาม,Maha Sarakham,วาปีปทุม,Wapi Pathum,ขามป้อม,Kham Pom
มหาสารคาม,Maha Sarakham,วาปีปทุม,Wapi Pathum,เสือโก้ก,Suea Kok
มหาสารคาม,Maha Sarakham,วาปีปทุม,Wapi Pathum,ดงใหญ่,Dong Yai
มหาสารคาม,Maha Sarakham,วาปีปทุม,Wapi Pathum,โพธิ์ชัย,Pho Chai
มหาสารคาม,Maha Sarakham,วาปีปทุม,Wapi Pathum,หัวเรือ,Hua Ruea
มหาสารคาม,Maha Sarakham,วาปีปทุม,Wapi Pathum,แคน,Khaen
มหาสารคาม,Maha Sarakham,วาปีปทุม,Wapi Pathum,งัวบา,Ngua Ba
มหาสารคาม,Maha Sarakham,วาปีปทุม,Wapi Pathum,นาข่า,Na Kha
มหาสารคาม,Maha Sarakham,วาปีปทุม,Wapi Pathum,บ้านหวาย,Ban Wai
มหาสารคาม,Maha Sarakham,วาปีปทุม,Wapi Pathum,หนองไฮ,Nong Hai
มหาสารคาม,Maha Sarakham,วาปีปทุม,Wapi Pathum,ประชาพัฒนา,Pracha Phatthana
มหาสารคาม,Maha Sarakham,วาปีปทุม,Wapi Pathum,หนองทุ่ม,Nong Thum
มหาสารคาม,Maha Sarakham,วาปีปทุม,Wapi Pathum,หนองแสน,Nong Saen
มหาสารคาม,Maha Sarakham,วาปีปทุม,Wapi Pathum,โคกสีทองหลาง,Khok Si Thonglang
มหาสารคาม,Maha Sarakham,นาดูน,Na Dun,นาดูน,Na Dun
มหาสารคาม,Maha Sarakham,นาดูน,Na Dun,หนองไผ่,Nong Phai
มหาสารคาม,Maha Sarakham,นาดูน,Na Dun,หนองคู,Nong Khu
มหาสารคาม,Maha Sarakham,นาดูน,Na Dun,ดงบัง,Dong Bang
มหาสารคาม,Maha Sarakham,นาดูน,Na Dun,ดงดวน,Dong Duan
มหาสารคาม,Maha Sarakham,นาดูน,Na Dun,หัวดง,Hua Dong
มหาสารคาม,Maha Sarakham,นาดูน,Na Dun,ดงยาง,Dong Yang
มหาสารคาม,Maha Sarakham,นาดูน,Na Dun,กู่สันตรัตน์,Ku Santarat
มหาสารคาม,Maha Sarakham,นาดูน,Na Dun,พระธาตุ,Phra That
มหาสารคาม,Maha Sarakham,ยางสีสุราช,Yang Sisurat,ยางสีสุราช,Yang Sisurat
มหาสารคาม,Maha Sarakham,ยางสีสุราช,Yang Sisurat,นาภู,Na Phu
มหาสารคาม,Maha Sarakham,ยางสีสุราช,Yang Sisurat,แวงดง,Waeng Dong
มหาสารคาม,Maha Sarakham,ยางสีสุราช,Yang Sisurat,บ้านกู่,Ban Ku
มหาสารคาม,Maha Sarakham,ยางสีสุราช,Yang Sisurat,ดงเมือง,Dong Mueang
มหาสารคาม,Maha Sarakham,ยางสีสุราช,Yang Sisurat,ขามเรียน,Sang Saeng
มหาสารคาม,Maha Sarakham,ยางสีสุราช,Yang Sisurat,หนองบัวสันตุ,Nong Bua Santu
มหาสารคาม,Maha Sarakham,กุดรัง,Kut Rang,กุดรัง,Kud Rang
มหาสารคาม,Maha Sarakham,กุดรัง,Kut Rang,นาโพธิ์,Na Pho
มหาสารคาม,Maha Sarakham,กุดรัง,Kut Rang,เลิงแฝก,Loeng Faek
มหาสารคาม,Maha Sarakham,กุดรัง,Kut Rang,หนองแวง,Nong Waeng
มหาสารคาม,Maha Sarakham,กุดรัง,Kut Rang,ห้วยเตย,Huai Toei
มหาสารคาม,Maha Sarakham,ชื่นชม,Chuen Chom,ชื่นชม,Chuen Chom
มหาสารคาม,Maha Sarakham,ชื่นชม,Chuen Chom,กุดปลาดุก,Kut Pla Duk
มหาสารคาม,Maha Sarakham,ชื่นชม,Chuen Chom,เหล่าดอกไม้,Lao Dok Mai
มหาสารคาม,Maha Sarakham,ชื่นชม,Chuen Chom,หนองกุง,Nong Kung
ร้อยเอ็ด,Roi Et,เมืองร้อยเอ็ด,Mueang Roi Et,ในเมือง,Nai Mueang
ร้อยเอ็ด,Roi Et,เมืองร้อยเอ็ด,Mueang Roi Et,รอบเมือง,Rop Mueang
ร้อยเอ็ด,Roi Et,เมืองร้อยเอ็ด,Mueang Roi Et,เหนือเมือง,Nuea Mueang
ร้อยเอ็ด,Roi Et,เมืองร้อยเอ็ด,Mueang Roi Et,ขอนแก่น,Khon Kaen
ร้อยเอ็ด,Roi Et,เมืองร้อยเอ็ด,Mueang Roi Et,นาโพธิ์,Na Pho
ร้อยเอ็ด,Roi Et,เมืองร้อยเอ็ด,Mueang Roi Et,สะอาดสมบูรณ์,Sa-at Sombun
ร้อยเอ็ด,Roi Et,เมืองร้อยเอ็ด,Mueang Roi Et,สีแก้ว,Si Kaeo
ร้อยเอ็ด,Roi Et,เมืองร้อยเอ็ด,Mueang Roi Et,ปอภาร  (ปอพาน),Po Phan
ร้อยเอ็ด,Roi Et,เมืองร้อยเอ็ด,Mueang Roi Et,โนนรัง,Non Rang
ร้อยเอ็ด,Roi Et,เมืองร้อยเอ็ด,Mueang Roi Et,หนองแก้ว,Nong Kaeo
ร้อยเอ็ด,Roi Et,เมืองร้อยเอ็ด,Mueang Roi Et,หนองแวง,Nong Waeng
ร้อยเอ็ด,Roi Et,เมืองร้อยเอ็ด,Mueang Roi Et,ดงลาน,Dong Lan
ร้อยเอ็ด,Roi Et,เมืองร้อยเอ็ด,Mueang Roi Et,แคนใหญ่,Khaen Yai
ร้อยเอ็ด,Roi Et,เมืองร้อยเอ็ด,Mueang Roi Et,โนนตาล,Non Tan
ร้อยเอ็ด,Roi Et,เมืองร้อยเอ็ด,Mueang Roi Et,เมืองทอง,Mueang Thong
ร้อยเอ็ด,Roi Et,เกษตรวิสัย,Kaset Wisai,เกษตรวิสัย,Kaset Wisai
ร้อยเอ็ด,Roi Et,เกษตรวิสัย,Kaset Wisai,เมืองบัว,Mueang Bua
ร้อยเอ็ด,Roi Et,เกษตรวิสัย,Kaset Wisai,เหล่าหลวง,Lao Luang
ร้อยเอ็ด,Roi Et,เกษตรวิสัย,Kaset Wisai,สิงห์โคก,Sing Khok
ร้อยเอ็ด,Roi Et,เกษตรวิสัย,Kaset Wisai,ดงครั่งใหญ่,Dong Khrang Yai
ร้อยเอ็ด,Roi Et,เกษตรวิสัย,Kaset Wisai,บ้านฝาง,Ban Fang
ร้อยเอ็ด,Roi Et,เกษตรวิสัย,Kaset Wisai,หนองแวง,Nong Waeng
ร้อยเอ็ด,Roi Et,เกษตรวิสัย,Kaset Wisai,กำแพง,Kamphaeng
ร้อยเอ็ด,Roi Et,เกษตรวิสัย,Kaset Wisai,กู่กาสิงห์,Ku Ka Sing
ร้อยเอ็ด,Roi Et,เกษตรวิสัย,Kaset Wisai,น้ำอ้อม,Nam Om
ร้อยเอ็ด,Roi Et,เกษตรวิสัย,Kaset Wisai,โนนสว่าง,Non Sawang
ร้อยเอ็ด,Roi Et,เกษตรวิสัย,Kaset Wisai,ทุ่งทอง,Thung Thong
ร้อยเอ็ด,Roi Et,เกษตรวิสัย,Kaset Wisai,ดงครั่งน้อย,Dong Khrang Noi
ร้อยเอ็ด,Roi Et,ปทุมรัตต์,Pathum Rat,บัวแดง,Bua Daeng
ร้อยเอ็ด,Roi Et,ปทุมรัตต์,Pathum Rat,ดอกล้ำ,Dok Lam
ร้อยเอ็ด,Roi Et,ปทุมรัตต์,Pathum Rat,หนองแคน,Nong Khaen
ร้อยเอ็ด,Roi Et,ปทุมรัตต์,Pathum Rat,โพนสูง,Phon Sung
ร้อยเอ็ด,Roi Et,ปทุมรัตต์,Pathum Rat,โนนสวรรค์,Non Sawan
ร้อยเอ็ด,Roi Et,ปทุมรัตต์,Pathum Rat,สระบัว,Sa Bua
ร้อยเอ็ด,Roi Et,ปทุมรัตต์,Pathum Rat,โนนสง่า,Non Sa-nga
ร้อยเอ็ด,Roi Et,ปทุมรัตต์,Pathum Rat,ขี้เหล็ก,Khilek
ร้อยเอ็ด,Roi Et,จตุรพักตรพิมาน,Chaturaphak Phiman,หัวช้าง,Hua Chang
ร้อยเอ็ด,Roi Et,จตุรพักตรพิมาน,Chaturaphak Phiman,หนองผือ,Nong Phue
ร้อยเอ็ด,Roi Et,จตุรพักตรพิมาน,Chaturaphak Phiman,เมืองหงส์,Mueang Hong
ร้อยเอ็ด,Roi Et,จตุรพักตรพิมาน,Chaturaphak Phiman,โคกล่าม,Khok Lam
ร้อยเอ็ด,Roi Et,จตุรพักตรพิมาน,Chaturaphak Phiman,น้ำใส,Nam Sai
ร้อยเอ็ด,Roi Et,จตุรพักตรพิมาน,Chaturaphak Phiman,ดงแดง,Dong Daeng
ร้อยเอ็ด,Roi Et,จตุรพักตรพิมาน,Chaturaphak Phiman,ดงกลาง,Dong Klang
ร้อยเอ็ด,Roi Et,จตุรพักตรพิมาน,Chaturaphak Phiman,ป่าสังข์,Pa Sang
ร้อยเอ็ด,Roi Et,จตุรพักตรพิมาน,Chaturaphak Phiman,อีง่อง,I Ngong
ร้อยเอ็ด,Roi Et,จตุรพักตรพิมาน,Chaturaphak Phiman,ลิ้นฟ้า,Lin Fa
ร้อยเอ็ด,Roi Et,จตุรพักตรพิมาน,Chaturaphak Phiman,ดู่น้อย,Du Noi
ร้อยเอ็ด,Roi Et,จตุรพักตรพิมาน,Chaturaphak Phiman,ศรีโคตร,Si Khot
ร้อยเอ็ด,Roi Et,ธวัชบุรี,Thawat Buri,นิเวศน์,Niwet
ร้อยเอ็ด,Roi Et,ธวัชบุรี,Thawat Buri,ธงธานี,Thong Thani
ร้อยเอ็ด,Roi Et,ธวัชบุรี,Thawat Buri,หนองไผ่,Nong Phai
ร้อยเอ็ด,Roi Et,ธวัชบุรี,Thawat Buri,ธวัชบุรี,Thawat Buri
ร้อยเอ็ด,Roi Et,ธวัชบุรี,Thawat Buri,อุ่มเม้า,Um Mao
ร้อยเอ็ด,Roi Et,ธวัชบุรี,Thawat Buri,มะอึ,Ma-ue
ร้อยเอ็ด,Roi Et,ธวัชบุรี,Thawat Buri,เขวาทุ่ง,Khwao Thung
ร้อยเอ็ด,Roi Et,ธวัชบุรี,Thawat Buri,ไพศาล,Phaisan
ร้อยเอ็ด,Roi Et,ธวัชบุรี,Thawat Buri,เมืองน้อย,Mueang Noi
ร้อยเอ็ด,Roi Et,ธวัชบุรี,Thawat Buri,บึงนคร,Bueng Nakhon
ร้อยเอ็ด,Roi Et,ธวัชบุรี,Thawat Buri,ราชธานี,Ratchathani
ร้อยเอ็ด,Roi Et,ธวัชบุรี,Thawat Buri,หนองพอก,Nong Phok
ร้อยเอ็ด,Roi Et,พนมไพร,Phanom Phrai,พนมไพร,Phanom Phrai
ร้อยเอ็ด,Roi Et,พนมไพร,Phanom Phrai,แสนสุข,Saen Suk
ร้อยเอ็ด,Roi Et,พนมไพร,Phanom Phrai,กุดน้ำใส,Kut Nam Sai
ร้อยเอ็ด,Roi Et,พนมไพร,Phanom Phrai,หนองทัพไทย,Nong Thap Thai
ร้อยเอ็ด,Roi Et,พนมไพร,Phanom Phrai,โพธิ์ใหญ่,Pho Yai
ร้อยเอ็ด,Roi Et,พนมไพร,Phanom Phrai,วารีสวัสดิ์,Wari Sawat
ร้อยเอ็ด,Roi Et,พนมไพร,Phanom Phrai,โคกสว่าง,Khok Sawang
ร้อยเอ็ด,Roi Et,พนมไพร,Phanom Phrai,โพธิ์ชัย,Pho Chai
ร้อยเอ็ด,Roi Et,พนมไพร,Phanom Phrai,นานวล,Na Nuan
ร้อยเอ็ด,Roi Et,พนมไพร,Phanom Phrai,คำไฮ,Kham Hai
ร้อยเอ็ด,Roi Et,พนมไพร,Phanom Phrai,สระแก้ว,Sa Kaeo
ร้อยเอ็ด,Roi Et,พนมไพร,Phanom Phrai,ค้อใหญ่,Kho Yai
ร้อยเอ็ด,Roi Et,พนมไพร,Phanom Phrai,ชานุวรรณ,Chanuwan
ร้อยเอ็ด,Roi Et,โพนทอง,Phon Thong,แวง,Waeng
ร้อยเอ็ด,Roi Et,โพนทอง,Phon Thong,โคกกกม่วง,Khok Kok Muang
ร้อยเอ็ด,Roi Et,โพนทอง,Phon Thong,นาอุดม,Na Udom
ร้อยเอ็ด,Roi Et,โพนทอง,Phon Thong,สว่าง,Sawang
ร้อยเอ็ด,Roi Et,โพนทอง,Phon Thong,หนองใหญ่,Nong Yai
ร้อยเอ็ด,Roi Et,โพนทอง,Phon Thong,โพธิ์ทอง,Pho Thong
ร้อยเอ็ด,Roi Et,โพนทอง,Phon Thong,โนนชัยศรี,Non Chai Si
ร้อยเอ็ด,Roi Et,โพนทอง,Phon Thong,โพธิ์ศรีสว่าง,Pho Si Sawang
ร้อยเอ็ด,Roi Et,โพนทอง,Phon Thong,อุ่มเม่า,Um Mao
ร้อยเอ็ด,Roi Et,โพนทอง,Phon Thong,คำนาดี,Kham Na Di
ร้อยเอ็ด,Roi Et,โพนทอง,Phon Thong,พรมสวรรค์,Phrom Sawan
ร้อยเอ็ด,Roi Et,โพนทอง,Phon Thong,สระนกแก้ว,Sa Nok Kaeo
ร้อยเอ็ด,Roi Et,โพนทอง,Phon Thong,วังสามัคคี,Wang Samakkhi
ร้อยเอ็ด,Roi Et,โพนทอง,Phon Thong,โคกสูง,Khok Sung
ร้อยเอ็ด,Roi Et,โพธิ์ชัย,Pho Chai,ขามเปี้ย,Kham Pia
ร้อยเอ็ด,Roi Et,โพธิ์ชัย,Pho Chai,เชียงใหม่,Chiang Mai
ร้อยเอ็ด,Roi Et,โพธิ์ชัย,Pho Chai,บัวคำ,Bua Kham
ร้อยเอ็ด,Roi Et,โพธิ์ชัย,Pho Chai,อัคคะคำ,Akkha Kham
ร้อยเอ็ด,Roi Et,โพธิ์ชัย,Pho Chai,สะอาด,Sa-at
ร้อยเอ็ด,Roi Et,โพธิ์ชัย,Pho Chai,คำพอุง,Kham Pha-ung
ร้อยเอ็ด,Roi Et,โพธิ์ชัย,Pho Chai,หนองตาไก้,Nong Ta Kai
ร้อยเอ็ด,Roi Et,โพธิ์ชัย,Pho Chai,ดอนโอง,Don Ong
ร้อยเอ็ด,Roi Et,โพธิ์ชัย,Pho Chai,โพธิ์ศรี,Pho Si
ร้อยเอ็ด,Roi Et,หนองพอก,Nong Phok,หนองพอก,Nong Phok
ร้อยเอ็ด,Roi Et,หนองพอก,Nong Phok,บึงงาม,Bueng Ngam
ร้อยเอ็ด,Roi Et,หนองพอก,Nong Phok,ภูเขาทอง,Phukhao Thong
ร้อยเอ็ด,Roi Et,หนองพอก,Nong Phok,กกโพธิ์,Kok Pho
ร้อยเอ็ด,Roi Et,หนองพอก,Nong Phok,โคกสว่าง,Khok Sawang
ร้อยเอ็ด,Roi Et,หนองพอก,Nong Phok,หนองขุ่นใหญ่,Nong Khun Yai
ร้อยเอ็ด,Roi Et,หนองพอก,Nong Phok,รอบเมือง,Rop Mueang
ร้อยเอ็ด,Roi Et,หนองพอก,Nong Phok,ผาน้ำย้อย,Pha Nam Yoi
ร้อยเอ็ด,Roi Et,หนองพอก,Nong Phok,ท่าสีดา,Ta See Da
ร้อยเอ็ด,Roi Et,เสลภูมิ,Selaphum,กลาง,Klang
ร้อยเอ็ด,Roi Et,เสลภูมิ,Selaphum,นางาม,Na Ngam
ร้อยเอ็ด,Roi Et,เสลภูมิ,Selaphum,เมืองไพร,Mueang Phrai
ร้อยเอ็ด,Roi Et,เสลภูมิ,Selaphum,นาแซง,Na Saeng
ร้อยเอ็ด,Roi Et,เสลภูมิ,Selaphum,นาเมือง,Na Mueang
ร้อยเอ็ด,Roi Et,เสลภูมิ,Selaphum,วังหลวง,Wang Luang
ร้อยเอ็ด,Roi Et,เสลภูมิ,Selaphum,ท่าม่วง,Tha Muang
ร้อยเอ็ด,Roi Et,เสลภูมิ,Selaphum,ขวาว,Khwao
ร้อยเอ็ด,Roi Et,เสลภูมิ,Selaphum,โพธิ์ทอง,Pho Thong
ร้อยเอ็ด,Roi Et,เสลภูมิ,Selaphum,ภูเงิน,Phu Ngoen
ร้อยเอ็ด,Roi Et,เสลภูมิ,Selaphum,เกาะแก้ว,Ko Kaeo
ร้อยเอ็ด,Roi Et,เสลภูมิ,Selaphum,นาเลิง,Na Loeng
ร้อยเอ็ด,Roi Et,เสลภูมิ,Selaphum,เหล่าน้อย,Lao Noi
ร้อยเอ็ด,Roi Et,เสลภูมิ,Selaphum,ศรีวิลัย,Si Wilai
ร้อยเอ็ด,Roi Et,เสลภูมิ,Selaphum,หนองหลวง,Nong Luang
ร้อยเอ็ด,Roi Et,เสลภูมิ,Selaphum,พรสวรรค์,Phon Sawan
ร้อยเอ็ด,Roi Et,เสลภูมิ,Selaphum,ขวัญเมือง,Khwan Mueang
ร้อยเอ็ด,Roi Et,เสลภูมิ,Selaphum,บึงเกลือ,Bueng Kluea
ร้อยเอ็ด,Roi Et,สุวรรณภูมิ,Suwannaphum,สระคู,Sa Khu
ร้อยเอ็ด,Roi Et,สุวรรณภูมิ,Suwannaphum,ดอกไม้,Dok Mai
ร้อยเอ็ด,Roi Et,สุวรรณภูมิ,Suwannaphum,นาใหญ่,Na Yai
ร้อยเอ็ด,Roi Et,สุวรรณภูมิ,Suwannaphum,หินกอง,Hin Kong
ร้อยเอ็ด,Roi Et,สุวรรณภูมิ,Suwannaphum,เมืองทุ่ง,Mueang Thung
ร้อยเอ็ด,Roi Et,สุวรรณภูมิ,Suwannaphum,หัวโทน,Hua Thon
ร้อยเอ็ด,Roi Et,สุวรรณภูมิ,Suwannaphum,บ่อพันขัน,Bo Phan Khan
ร้อยเอ็ด,Roi Et,สุวรรณภูมิ,Suwannaphum,ทุ่งหลวง,Thung Luang
ร้อยเอ็ด,Roi Et,สุวรรณภูมิ,Suwannaphum,หัวช้าง,Hua Chang
ร้อยเอ็ด,Roi Et,สุวรรณภูมิ,Suwannaphum,น้ำคำ,Nam Kham
ร้อยเอ็ด,Roi Et,สุวรรณภูมิ,Suwannaphum,ห้วยหินลาด,Huai Hin Lat
ร้อยเอ็ด,Roi Et,สุวรรณภูมิ,Suwannaphum,ช้างเผือก,Chang Phueak
ร้อยเอ็ด,Roi Et,สุวรรณภูมิ,Suwannaphum,ทุ่งกุลา,Thung Kula
ร้อยเอ็ด,Roi Et,สุวรรณภูมิ,Suwannaphum,ทุ่งศรีเมือง,Thung Si Mueang
ร้อยเอ็ด,Roi Et,สุวรรณภูมิ,Suwannaphum,จำปาขัน,Champa Khan
ร้อยเอ็ด,Roi Et,เมืองสรวง,Mueang Suang,หนองผือ,Nong Phue
ร้อยเอ็ด,Roi Et,เมืองสรวง,Mueang Suang,หนองหิน,Nong Hin
ร้อยเอ็ด,Roi Et,เมืองสรวง,Mueang Suang,คูเมือง,Khu Mueang
ร้อยเอ็ด,Roi Et,เมืองสรวง,Mueang Suang,กกกุง,Kok Kung
ร้อยเอ็ด,Roi Et,เมืองสรวง,Mueang Suang,เมืองสรวง,Mueang Suang
ร้อยเอ็ด,Roi Et,โพนทราย,Phon Sai,โพนทราย,Phon Sai
ร้อยเอ็ด,Roi Et,โพนทราย,Phon Sai,สามขา,Sam Kha
ร้อยเอ็ด,Roi Et,โพนทราย,Phon Sai,ศรีสว่าง,Si Sawang
ร้อยเอ็ด,Roi Et,โพนทราย,Phon Sai,ยางคำ,Yang Kham
ร้อยเอ็ด,Roi Et,โพนทราย,Phon Sai,ท่าหาดยาว,Tha Hat Yao
ร้อยเอ็ด,Roi Et,อาจสามารถ,At Samat,อาจสามารถ,At Samat
ร้อยเอ็ด,Roi Et,อาจสามารถ,At Samat,โพนเมือง,Phon Mueang
ร้อยเอ็ด,Roi Et,อาจสามารถ,At Samat,บ้านแจ้ง,Ban Chaeng
ร้อยเอ็ด,Roi Et,อาจสามารถ,At Samat,หน่อม,Nom
ร้อยเอ็ด,Roi Et,อาจสามารถ,At Samat,หนองหมื่นถ่าน,Nong Muen Than
ร้อยเอ็ด,Roi Et,อาจสามารถ,At Samat,หนองขาม,Nong Kham
ร้อยเอ็ด,Roi Et,อาจสามารถ,At Samat,โหรา,Hora
ร้อยเอ็ด,Roi Et,อาจสามารถ,At Samat,หนองบัว,Nong Bua
ร้อยเอ็ด,Roi Et,อาจสามารถ,At Samat,ขี้เหล็ก,Khilek
ร้อยเอ็ด,Roi Et,อาจสามารถ,At Samat,บ้านดู่,Ban Du
ร้อยเอ็ด,Roi Et,เมยวดี,Moei Wadi,เมยวดี,Moei Wadi
ร้อยเอ็ด,Roi Et,เมยวดี,Moei Wadi,ชุมพร,Chumphon
ร้อยเอ็ด,Roi Et,เมยวดี,Moei Wadi,บุ่งเลิศ,Bung Loet
ร้อยเอ็ด,Roi Et,เมยวดี,Moei Wadi,ชมสะอาด,Chom Sa-at
ร้อยเอ็ด,Roi Et,ศรีสมเด็จ,Si Somdet,โพธิ์ทอง,Pho Thong
ร้อยเอ็ด,Roi Et,ศรีสมเด็จ,Si Somdet,ศรีสมเด็จ,Si Somdet
ร้อยเอ็ด,Roi Et,ศรีสมเด็จ,Si Somdet,เมืองเปลือย,Mueang Plueai
ร้อยเอ็ด,Roi Et,ศรีสมเด็จ,Si Somdet,หนองใหญ่,Nong Yai
ร้อยเอ็ด,Roi Et,ศรีสมเด็จ,Si Somdet,สวนจิก,Suan Chik
ร้อยเอ็ด,Roi Et,ศรีสมเด็จ,Si Somdet,โพธิ์สัย,Pho Sai
ร้อยเอ็ด,Roi Et,ศรีสมเด็จ,Si Somdet,หนองแวงควง,Nong Waeng Khuang
ร้อยเอ็ด,Roi Et,ศรีสมเด็จ,Si Somdet,บ้านบาก,Ban Bak
ร้อยเอ็ด,Roi Et,จังหาร,Changhan,ดินดำ,Din Dam
ร้อยเอ็ด,Roi Et,จังหาร,Changhan,ปาฝา,Pa Fa
ร้อยเอ็ด,Roi Et,จังหาร,Changhan,ม่วงลาด,Muang Lat
ร้อยเอ็ด,Roi Et,จังหาร,Changhan,จังหาร,Changhan
ร้อยเอ็ด,Roi Et,จังหาร,Changhan,ดงสิงห์,Dong Sing
ร้อยเอ็ด,Roi Et,จังหาร,Changhan,ยางใหญ่,Yang Yai
ร้อยเอ็ด,Roi Et,จังหาร,Changhan,ผักแว่น,Phak Waen
ร้อยเอ็ด,Roi Et,จังหาร,Changhan,แสนชาติ,Saen Chat
ร้อยเอ็ด,Roi Et,เชียงขวัญ,Chiang Khwan,เชียงขวัญ,Chiang Khwan
ร้อยเอ็ด,Roi Et,เชียงขวัญ,Chiang Khwan,พลับพลา,Phlapphla
ร้อยเอ็ด,Roi Et,เชียงขวัญ,Chiang Khwan,พระธาตุ,Phra That
ร้อยเอ็ด,Roi Et,เชียงขวัญ,Chiang Khwan,พระเจ้า,Phra Chao
ร้อยเอ็ด,Roi Et,เชียงขวัญ,Chiang Khwan,หมูม้น,Mu Mon
ร้อยเอ็ด,Roi Et,เชียงขวัญ,Chiang Khwan,บ้านเขือง,Ban Khueang
ร้อยเอ็ด,Roi Et,หนองฮี,Nong Hi,หนองฮี,Nong Hi
ร้อยเอ็ด,Roi Et,หนองฮี,Nong Hi,สาวแห,Sao Hae
ร้อยเอ็ด,Roi Et,หนองฮี,Nong Hi,ดูกอึ่ง,Duk Ueng
ร้อยเอ็ด,Roi Et,หนองฮี,Nong Hi,เด่นราษฎร์,Den Rat
ร้อยเอ็ด,Roi Et,ทุ่งเขาหลวง,Thung Khao Luang,ทุ่งเขาหลวง,Thung Khao Luang
ร้อยเอ็ด,Roi Et,ทุ่งเขาหลวง,Thung Khao Luang,เทอดไทย,Thoet Thai
ร้อยเอ็ด,Roi Et,ทุ่งเขาหลวง,Thung Khao Luang,บึงงาม,Bueng Ngam
ร้อยเอ็ด,Roi Et,ทุ่งเขาหลวง,Thung Khao Luang,มะบ้า,Maba
ร้อยเอ็ด,Roi Et,ทุ่งเขาหลวง,Thung Khao Luang,เหล่า,Lao
กาฬสินธุ์,Kalasin,เมืองกาฬสินธุ์,Mueang Kalasin,กาฬสินธุ์,Kalasin
กาฬสินธุ์,Kalasin,เมืองกาฬสินธุ์,Mueang Kalasin,เหนือ,Nuea
กาฬสินธุ์,Kalasin,เมืองกาฬสินธุ์,Mueang Kalasin,หลุบ,Lup
กาฬสินธุ์,Kalasin,เมืองกาฬสินธุ์,Mueang Kalasin,ไผ่,Phai
กาฬสินธุ์,Kalasin,เมืองกาฬสินธุ์,Mueang Kalasin,ลำปาว,Lam Pao
กาฬสินธุ์,Kalasin,เมืองกาฬสินธุ์,Mueang Kalasin,ลำพาน,Lam Phan
กาฬสินธุ์,Kalasin,เมืองกาฬสินธุ์,Mueang Kalasin,เชียงเครือ,Chiang Khruea
กาฬสินธุ์,Kalasin,เมืองกาฬสินธุ์,Mueang Kalasin,บึงวิชัย,Bueng Wichai
กาฬสินธุ์,Kalasin,เมืองกาฬสินธุ์,Mueang Kalasin,ห้วยโพธิ์,Huai Pho
กาฬสินธุ์,Kalasin,เมืองกาฬสินธุ์,Mueang Kalasin,ภูปอ,Phu Po
กาฬสินธุ์,Kalasin,เมืองกาฬสินธุ์,Mueang Kalasin,ภูดิน,Phu Din
กาฬสินธุ์,Kalasin,เมืองกาฬสินธุ์,Mueang Kalasin,หนองกุง,Nong Kung
กาฬสินธุ์,Kalasin,เมืองกาฬสินธุ์,Mueang Kalasin,กลางหมื่น,Klang Muen
กาฬสินธุ์,Kalasin,เมืองกาฬสินธุ์,Mueang Kalasin,ขมิ้น,Khamin
กาฬสินธุ์,Kalasin,เมืองกาฬสินธุ์,Mueang Kalasin,โพนทอง,Phon Thong
กาฬสินธุ์,Kalasin,เมืองกาฬสินธุ์,Mueang Kalasin,นาจารย์,Na Chan
กาฬสินธุ์,Kalasin,เมืองกาฬสินธุ์,Mueang Kalasin,ลำคลอง,Lam Khlong
กาฬสินธุ์,Kalasin,นามน,Na Mon,นามน,Na Mon
กาฬสินธุ์,Kalasin,นามน,Na Mon,ยอดแกง,Yot Kaeng
กาฬสินธุ์,Kalasin,นามน,Na Mon,สงเปลือย,Song Plueai
กาฬสินธุ์,Kalasin,นามน,Na Mon,หลักเหลี่ยม,Lak Liam
กาฬสินธุ์,Kalasin,นามน,Na Mon,หนองบัว,Nong Bua
กาฬสินธุ์,Kalasin,กมลาไสย,Kamalasai,กมลาไสย,Kamalasai
กาฬสินธุ์,Kalasin,กมลาไสย,Kamalasai,หลักเมือง,Lak Mueang
กาฬสินธุ์,Kalasin,กมลาไสย,Kamalasai,โพนงาม,Phon Ngam
กาฬสินธุ์,Kalasin,กมลาไสย,Kamalasai,ดงลิง,Dong Ling
กาฬสินธุ์,Kalasin,กมลาไสย,Kamalasai,ธัญญา,Thanya
กาฬสินธุ์,Kalasin,กมลาไสย,Kamalasai,หนองแปน,Nong Paen
กาฬสินธุ์,Kalasin,กมลาไสย,Kamalasai,เจ้าท่า,Chao Tha
กาฬสินธุ์,Kalasin,กมลาไสย,Kamalasai,โคกสมบูรณ์,Khok Sombun
กาฬสินธุ์,Kalasin,ร่องคำ,Rong Kham,ร่องคำ,Rong Kham
กาฬสินธุ์,Kalasin,ร่องคำ,Rong Kham,สามัคคี,Samakkhi
กาฬสินธุ์,Kalasin,ร่องคำ,Rong Kham,เหล่าอ้อย,Lao Oi
กาฬสินธุ์,Kalasin,กุฉินารายณ์,Kuchinarai,บัวขาว,Bua Khao
กาฬสินธุ์,Kalasin,กุฉินารายณ์,Kuchinarai,แจนแลน,Chaen Laen
กาฬสินธุ์,Kalasin,กุฉินารายณ์,Kuchinarai,เหล่าใหญ่,Lao Yai
กาฬสินธุ์,Kalasin,กุฉินารายณ์,Kuchinarai,จุมจัง,Chum Chang
กาฬสินธุ์,Kalasin,กุฉินารายณ์,Kuchinarai,เหล่าไฮงาม,Lao Hai Ngam
กาฬสินธุ์,Kalasin,กุฉินารายณ์,Kuchinarai,กุดหว้า,Kut Wa
กาฬสินธุ์,Kalasin,กุฉินารายณ์,Kuchinarai,สามขา,Sam Kha
กาฬสินธุ์,Kalasin,กุฉินารายณ์,Kuchinarai,นาขาม,Na Kham
กาฬสินธุ์,Kalasin,กุฉินารายณ์,Kuchinarai,หนองห้าง,Nong Hang
กาฬสินธุ์,Kalasin,กุฉินารายณ์,Kuchinarai,นาโก,Na Ko
กาฬสินธุ์,Kalasin,กุฉินารายณ์,Kuchinarai,สมสะอาด,Som Sa-at
กาฬสินธุ์,Kalasin,กุฉินารายณ์,Kuchinarai,กุดค้าว,Kut Khao
กาฬสินธุ์,Kalasin,เขาวง,Khao Wong,คุ้มเก่า,Khum Kao
กาฬสินธุ์,Kalasin,เขาวง,Khao Wong,สงเปลือย,Song Plueai
กาฬสินธุ์,Kalasin,เขาวง,Khao Wong,หนองผือ,Nong Phue
กาฬสินธุ์,Kalasin,เขาวง,Khao Wong,กุดสิมคุ้มใหม่,Kut Sim Khum Mai
กาฬสินธุ์,Kalasin,เขาวง,Khao Wong,สระพังทอง,Saphang Thong
กาฬสินธุ์,Kalasin,เขาวง,Khao Wong,กุดปลาค้าว,Kut Pla Khao
กาฬสินธุ์,Kalasin,ยางตลาด,Yang Talat,ยางตลาด,Yang Talat
กาฬสินธุ์,Kalasin,ยางตลาด,Yang Talat,หัวงัว,Hua Ngua
กาฬสินธุ์,Kalasin,ยางตลาด,Yang Talat,อุ่มเม่า,Um Mao
กาฬสินธุ์,Kalasin,ยางตลาด,Yang Talat,บัวบาน,Bua Ban
กาฬสินธุ์,Kalasin,ยางตลาด,Yang Talat,เว่อ,Woe
กาฬสินธุ์,Kalasin,ยางตลาด,Yang Talat,อิตื้อ,Itue
กาฬสินธุ์,Kalasin,ยางตลาด,Yang Talat,หัวนาคำ,Hua Na Kham
กาฬสินธุ์,Kalasin,ยางตลาด,Yang Talat,หนองอิเฒ่า,Nong I Thao
กาฬสินธุ์,Kalasin,ยางตลาด,Yang Talat,ดอนสมบูรณ์,Don Sombun
กาฬสินธุ์,Kalasin,ยางตลาด,Yang Talat,นาเชือก,Na Chueak
กาฬสินธุ์,Kalasin,ยางตลาด,Yang Talat,คลองขาม,Khlong Kham
กาฬสินธุ์,Kalasin,ยางตลาด,Yang Talat,เขาพระนอน,Khao Phra Non
กาฬสินธุ์,Kalasin,ยางตลาด,Yang Talat,นาดี,Na Di
กาฬสินธุ์,Kalasin,ยางตลาด,Yang Talat,โนนสูง,Non Sung
กาฬสินธุ์,Kalasin,ยางตลาด,Yang Talat,หนองตอกแป้น,Nong Tok Paen
กาฬสินธุ์,Kalasin,ห้วยเม็ก,Huai Mek,ห้วยเม็ก,Huai Mek
กาฬสินธุ์,Kalasin,ห้วยเม็ก,Huai Mek,คำใหญ่,Kham Yai
กาฬสินธุ์,Kalasin,ห้วยเม็ก,Huai Mek,กุดโดน,Kut Don
กาฬสินธุ์,Kalasin,ห้วยเม็ก,Huai Mek,บึงนาเรียง,Bueng Na Riang
กาฬสินธุ์,Kalasin,ห้วยเม็ก,Huai Mek,หัวหิน,Hua Hin
กาฬสินธุ์,Kalasin,ห้วยเม็ก,Huai Mek,พิมูล,Phimun
กาฬสินธุ์,Kalasin,ห้วยเม็ก,Huai Mek,คำเหมือดแก้ว,Kham Mueat Kaeo
กาฬสินธุ์,Kalasin,ห้วยเม็ก,Huai Mek,โนนสะอาด,Non Sa-at
กาฬสินธุ์,Kalasin,ห้วยเม็ก,Huai Mek,ทรายทอง,Sai Thong
กาฬสินธุ์,Kalasin,สหัสขันธ์,Sahatsakhan,ภูสิงห์,Phu Sing
กาฬสินธุ์,Kalasin,สหัสขันธ์,Sahatsakhan,สหัสขันธ์,Sahatsakhan
กาฬสินธุ์,Kalasin,สหัสขันธ์,Sahatsakhan,นามะเขือ,Na Makhuea
กาฬสินธุ์,Kalasin,สหัสขันธ์,Sahatsakhan,โนนศิลา,Non Sila
กาฬสินธุ์,Kalasin,สหัสขันธ์,Sahatsakhan,นิคม,Nikhom
กาฬสินธุ์,Kalasin,สหัสขันธ์,Sahatsakhan,โนนแหลมทอง,Non Laem Thong
กาฬสินธุ์,Kalasin,สหัสขันธ์,Sahatsakhan,โนนบุรี,Non Buri
กาฬสินธุ์,Kalasin,สหัสขันธ์,Sahatsakhan,โนนน้ำเกลี้ยง,Non Nam Kliang
กาฬสินธุ์,Kalasin,คำม่วง,Kham Muang,ทุ่งคลอง,Thung Khlong
กาฬสินธุ์,Kalasin,คำม่วง,Kham Muang,โพน,Phon
กาฬสินธุ์,Kalasin,คำม่วง,Kham Muang,ดินจี่,Din Chi
กาฬสินธุ์,Kalasin,คำม่วง,Kham Muang,นาบอน,Na Bon
กาฬสินธุ์,Kalasin,คำม่วง,Kham Muang,นาทัน,Na Than
กาฬสินธุ์,Kalasin,คำม่วง,Kham Muang,เนินยาง,Noen Yang
กาฬสินธุ์,Kalasin,ท่าคันโท,Tha Khantho,ท่าคันโท,Tha Khantho
กาฬสินธุ์,Kalasin,ท่าคันโท,Tha Khantho,กุงเก่า,Kung Kao
กาฬสินธุ์,Kalasin,ท่าคันโท,Tha Khantho,ยางอู้ม,Yang Um
กาฬสินธุ์,Kalasin,ท่าคันโท,Tha Khantho,กุดจิก,Kut Chik
กาฬสินธุ์,Kalasin,ท่าคันโท,Tha Khantho,นาตาล,Na Tan
กาฬสินธุ์,Kalasin,ท่าคันโท,Tha Khantho,ดงสมบูรณ์,Dong Sombun
กาฬสินธุ์,Kalasin,หนองกุงศรี,Nong Kung Si,หนองกุงศรี,Nong Kung Si
กาฬสินธุ์,Kalasin,หนองกุงศรี,Nong Kung Si,หนองบัว,Nong Bua
กาฬสินธุ์,Kalasin,หนองกุงศรี,Nong Kung Si,โคกเครือ,Khok Khruea
กาฬสินธุ์,Kalasin,หนองกุงศรี,Nong Kung Si,หนองสรวง,Nong Suang
กาฬสินธุ์,Kalasin,หนองกุงศรี,Nong Kung Si,เสาเล้า,Sao Lao
กาฬสินธุ์,Kalasin,หนองกุงศรี,Nong Kung Si,หนองใหญ่,Nong Yai
กาฬสินธุ์,Kalasin,หนองกุงศรี,Nong Kung Si,ดงมูล,Dong Mun
กาฬสินธุ์,Kalasin,หนองกุงศรี,Nong Kung Si,ลำหนองแสน,Lam Nong Saen
กาฬสินธุ์,Kalasin,หนองกุงศรี,Nong Kung Si,หนองหิน,Nong Hin
กาฬสินธุ์,Kalasin,สมเด็จ,Somdet,สมเด็จ,Somdet
กาฬสินธุ์,Kalasin,สมเด็จ,Somdet,หนองแวง,Nong Waeng
กาฬสินธุ์,Kalasin,สมเด็จ,Somdet,แซงบาดาล,Saeng Badan
กาฬสินธุ์,Kalasin,สมเด็จ,Somdet,มหาไชย,Maha Chai
กาฬสินธุ์,Kalasin,สมเด็จ,Somdet,หมูม่น,Mu Mon
กาฬสินธุ์,Kalasin,สมเด็จ,Somdet,ผาเสวย,Pha Sawoei
กาฬสินธุ์,Kalasin,สมเด็จ,Somdet,ศรีสมเด็จ,Si Somdet
กาฬสินธุ์,Kalasin,สมเด็จ,Somdet,ลำห้วยหลัว,Lam Huai Lua
กาฬสินธุ์,Kalasin,ห้วยผึ้ง,Huai Phueng,คำบง,Kham Bong
กาฬสินธุ์,Kalasin,ห้วยผึ้ง,Huai Phueng,ไค้นุ่น,Khai Nun
กาฬสินธุ์,Kalasin,ห้วยผึ้ง,Huai Phueng,นิคมห้วยผึ้ง,Nikhom Huai Phueng
กาฬสินธุ์,Kalasin,ห้วยผึ้ง,Huai Phueng,หนองอีบุตร,Nong I But
กาฬสินธุ์,Kalasin,สามชัย,Sam Chai,สำราญ,Samran
กาฬสินธุ์,Kalasin,สามชัย,Sam Chai,สำราญใต้,Samran Tai
กาฬสินธุ์,Kalasin,สามชัย,Sam Chai,คำสร้างเที่ยง,Kham Sang Thiang
กาฬสินธุ์,Kalasin,สามชัย,Sam Chai,หนองช้าง,Nong Chang
กาฬสินธุ์,Kalasin,นาคู,Na Khu,นาคู,Na Khu
กาฬสินธุ์,Kalasin,นาคู,Na Khu,สายนาวัง,Sai Na Wang
กาฬสินธุ์,Kalasin,นาคู,Na Khu,โนนนาจาน,Non Na Chan
กาฬสินธุ์,Kalasin,นาคู,Na Khu,บ่อแก้ว,Bo Kaeo
กาฬสินธุ์,Kalasin,นาคู,Na Khu,ภูแล่นช้าง,Phu Laen Chang
กาฬสินธุ์,Kalasin,ดอนจาน,Don Chan,ดอนจาน,Don Chan
กาฬสินธุ์,Kalasin,ดอนจาน,Don Chan,สะอาดไชยศรี,Sa-at Chai Si
กาฬสินธุ์,Kalasin,ดอนจาน,Don Chan,ดงพยุง,Dong Phayung
กาฬสินธุ์,Kalasin,ดอนจาน,Don Chan,ม่วงนา,Muang Na
กาฬสินธุ์,Kalasin,ดอนจาน,Don Chan,นาจำปา,Na Champa
กาฬสินธุ์,Kalasin,ฆ้องชัย,Khong Chai,ฆ้องชัยพัฒนา,Khong Chai Phatthana
กาฬสินธุ์,Kalasin,ฆ้องชัย,Khong Chai,เหล่ากลาง,Lao Klang
กาฬสินธุ์,Kalasin,ฆ้องชัย,Khong Chai,โคกสะอาด,Khok Sa-at
กาฬสินธุ์,Kalasin,ฆ้องชัย,Khong Chai,โนนศิลาเลิง,Non Sila Loeng
กาฬสินธุ์,Kalasin,ฆ้องชัย,Khong Chai,ลำชี,Lam Chi
สกลนคร,Sakon Nakhon,เมืองสกลนคร,Mueang Sakon Nakhon,ธาตุเชิงชุม,That Choeng Chum
สกลนคร,Sakon Nakhon,เมืองสกลนคร,Mueang Sakon Nakhon,ขมิ้น,Khamin
สกลนคร,Sakon Nakhon,เมืองสกลนคร,Mueang Sakon Nakhon,งิ้วด่อน,Ngio Don
สกลนคร,Sakon Nakhon,เมืองสกลนคร,Mueang Sakon Nakhon,โนนหอม,Non Hom
สกลนคร,Sakon Nakhon,เมืองสกลนคร,Mueang Sakon Nakhon,เชียงเครือ,Chiang Khruea
สกลนคร,Sakon Nakhon,เมืองสกลนคร,Mueang Sakon Nakhon,ท่าแร่,Tha Rae
สกลนคร,Sakon Nakhon,เมืองสกลนคร,Mueang Sakon Nakhon,ม่วงลาย,Muang Lai
สกลนคร,Sakon Nakhon,เมืองสกลนคร,Mueang Sakon Nakhon,ดงชน,Dong Chon
สกลนคร,Sakon Nakhon,เมืองสกลนคร,Mueang Sakon Nakhon,ห้วยยาง,Huai Yang
สกลนคร,Sakon Nakhon,เมืองสกลนคร,Mueang Sakon Nakhon,พังขว้าง,Phang Khwang
สกลนคร,Sakon Nakhon,เมืองสกลนคร,Mueang Sakon Nakhon,ดงมะไฟ,Dong Mafai
สกลนคร,Sakon Nakhon,เมืองสกลนคร,Mueang Sakon Nakhon,ธาตุนาเวง,That Na Weng
สกลนคร,Sakon Nakhon,เมืองสกลนคร,Mueang Sakon Nakhon,เหล่าปอแดง,Lao Po Daeng
สกลนคร,Sakon Nakhon,เมืองสกลนคร,Mueang Sakon Nakhon,หนองลาด,Nong Lat
สกลนคร,Sakon Nakhon,เมืองสกลนคร,Mueang Sakon Nakhon,ฮางโฮง,Hang Hong
สกลนคร,Sakon Nakhon,เมืองสกลนคร,Mueang Sakon Nakhon,โคกก่อง,Khok Kong
สกลนคร,Sakon Nakhon,กุสุมาลย์,Kusuman,กุสุมาลย์,Kusuman
สกลนคร,Sakon Nakhon,กุสุมาลย์,Kusuman,นาโพธิ์,Na Pho
สกลนคร,Sakon Nakhon,กุสุมาลย์,Kusuman,นาเพียง,Na Phiang
สกลนคร,Sakon Nakhon,กุสุมาลย์,Kusuman,โพธิไพศาล,Phothi Phaisan
สกลนคร,Sakon Nakhon,กุสุมาลย์,Kusuman,อุ่มจาน,Um Chan
สกลนคร,Sakon Nakhon,กุดบาก,Kut Bak,กุดบาก,Kut Bak
สกลนคร,Sakon Nakhon,กุดบาก,Kut Bak,นาม่อง,Na Mong
สกลนคร,Sakon Nakhon,กุดบาก,Kut Bak,กุดไห,Kut Hai
สกลนคร,Sakon Nakhon,พรรณานิคม,Phanna Nikhom,พรรณา,Phanna
สกลนคร,Sakon Nakhon,พรรณานิคม,Phanna Nikhom,วังยาง,Wang Yang
สกลนคร,Sakon Nakhon,พรรณานิคม,Phanna Nikhom,พอกน้อย,Phok Noi
สกลนคร,Sakon Nakhon,พรรณานิคม,Phanna Nikhom,นาหัวบ่อ,Na Hua Bo
สกลนคร,Sakon Nakhon,พรรณานิคม,Phanna Nikhom,ไร่,Rai
สกลนคร,Sakon Nakhon,พรรณานิคม,Phanna Nikhom,ช้างมิ่ง,Chang Ming
สกลนคร,Sakon Nakhon,พรรณานิคม,Phanna Nikhom,นาใน,Na Nai
สกลนคร,Sakon Nakhon,พรรณานิคม,Phanna Nikhom,สว่าง,Sawang
สกลนคร,Sakon Nakhon,พรรณานิคม,Phanna Nikhom,บะฮี,Ba Hi
สกลนคร,Sakon Nakhon,พรรณานิคม,Phanna Nikhom,เชิงชุม,Choeng Chum
สกลนคร,Sakon Nakhon,พังโคน,Phang Khon,พังโคน,Phang Khon
สกลนคร,Sakon Nakhon,พังโคน,Phang Khon,ม่วงไข่,Muang Khai
สกลนคร,Sakon Nakhon,พังโคน,Phang Khon,แร่,Rae
สกลนคร,Sakon Nakhon,พังโคน,Phang Khon,ไฮหย่อง,Hai Yong
สกลนคร,Sakon Nakhon,พังโคน,Phang Khon,ต้นผึ้ง,Ton Phueng
สกลนคร,Sakon Nakhon,วาริชภูมิ,Waritchaphum,วาริชภูมิ,Waritchaphum
สกลนคร,Sakon Nakhon,วาริชภูมิ,Waritchaphum,ปลาโหล,Pla Lo
สกลนคร,Sakon Nakhon,วาริชภูมิ,Waritchaphum,หนองลาด,Nong Lat
สกลนคร,Sakon Nakhon,วาริชภูมิ,Waritchaphum,คำบ่อ,Kham Bo
สกลนคร,Sakon Nakhon,วาริชภูมิ,Waritchaphum,ค้อเขียว,Kho Khiao
สกลนคร,Sakon Nakhon,นิคมน้ำอูน,Nikhom Nam Un,นิคมน้ำอูน,Nikhom Nam Un
สกลนคร,Sakon Nakhon,นิคมน้ำอูน,Nikhom Nam Un,หนองปลิง,Nong Pling
สกลนคร,Sakon Nakhon,นิคมน้ำอูน,Nikhom Nam Un,หนองบัว,Nong Bua
สกลนคร,Sakon Nakhon,นิคมน้ำอูน,Nikhom Nam Un,สุวรรณคาม,*Suwannakarm
สกลนคร,Sakon Nakhon,วานรนิวาส,Wanon Niwat,วานรนิวาส,Wanon Niwat
สกลนคร,Sakon Nakhon,วานรนิวาส,Wanon Niwat,เดื่อศรีคันไชย,Duea Si Khan Chai
สกลนคร,Sakon Nakhon,วานรนิวาส,Wanon Niwat,ขัวก่าย,Khua Kai
สกลนคร,Sakon Nakhon,วานรนิวาส,Wanon Niwat,หนองสนม,Nong Sanom
สกลนคร,Sakon Nakhon,วานรนิวาส,Wanon Niwat,คูสะคาม,Khu Sakham
สกลนคร,Sakon Nakhon,วานรนิวาส,Wanon Niwat,ธาตุ,That
สกลนคร,Sakon Nakhon,วานรนิวาส,Wanon Niwat,หนองแวง,Nong Waeng
สกลนคร,Sakon Nakhon,วานรนิวาส,Wanon Niwat,ศรีวิชัย,Si Wichai
สกลนคร,Sakon Nakhon,วานรนิวาส,Wanon Niwat,นาซอ,Na So
สกลนคร,Sakon Nakhon,วานรนิวาส,Wanon Niwat,อินทร์แปลง,In Plaeng
สกลนคร,Sakon Nakhon,วานรนิวาส,Wanon Niwat,นาคำ,Na Kham
สกลนคร,Sakon Nakhon,วานรนิวาส,Wanon Niwat,คอนสวรรค์,Khon Sawan
สกลนคร,Sakon Nakhon,วานรนิวาส,Wanon Niwat,กุดเรือคำ,Kut Ruea Kham
สกลนคร,Sakon Nakhon,วานรนิวาส,Wanon Niwat,หนองแวงใต้,Nong Waeng Tai
สกลนคร,Sakon Nakhon,คำตากล้า,Kham Ta Kla,คำตากล้า,Kham Ta Kla
สกลนคร,Sakon Nakhon,คำตากล้า,Kham Ta Kla,หนองบัวสิม,Nong Bua Sim
สกลนคร,Sakon Nakhon,คำตากล้า,Kham Ta Kla,นาแต้,Na Tae
สกลนคร,Sakon Nakhon,คำตากล้า,Kham Ta Kla,แพด,Phaet
สกลนคร,Sakon Nakhon,บ้านม่วง,Ban Muang,ม่วง,Muang
สกลนคร,Sakon Nakhon,บ้านม่วง,Ban Muang,มาย,Mai
สกลนคร,Sakon Nakhon,บ้านม่วง,Ban Muang,ดงหม้อทอง,Dong Mo Thong
สกลนคร,Sakon Nakhon,บ้านม่วง,Ban Muang,ดงเหนือ,Dong Nuea
สกลนคร,Sakon Nakhon,บ้านม่วง,Ban Muang,ดงหม้อทองใต้,Dong Mo Thong Tai
สกลนคร,Sakon Nakhon,บ้านม่วง,Ban Muang,ห้วยหลัว,Huai Lua
สกลนคร,Sakon Nakhon,บ้านม่วง,Ban Muang,โนนสะอาด,Non Sa-at
สกลนคร,Sakon Nakhon,บ้านม่วง,Ban Muang,หนองกวั่ง,Nong Kwang
สกลนคร,Sakon Nakhon,บ้านม่วง,Ban Muang,บ่อแก้ว,Bo Kaeo
สกลนคร,Sakon Nakhon,อากาศอำนวย,Akat Amnuai,อากาศ,Akat
สกลนคร,Sakon Nakhon,อากาศอำนวย,Akat Amnuai,โพนแพง,Phon Phaeng
สกลนคร,Sakon Nakhon,อากาศอำนวย,Akat Amnuai,วาใหญ่,Wa Yai
สกลนคร,Sakon Nakhon,อากาศอำนวย,Akat Amnuai,โพนงาม,Phon Ngam
สกลนคร,Sakon Nakhon,อากาศอำนวย,Akat Amnuai,ท่าก้อน,Tha Kon
สกลนคร,Sakon Nakhon,อากาศอำนวย,Akat Amnuai,นาฮี,Na Hi
สกลนคร,Sakon Nakhon,อากาศอำนวย,Akat Amnuai,บะหว้า,Ba Wa
สกลนคร,Sakon Nakhon,อากาศอำนวย,Akat Amnuai,สามัคคีพัฒนา,Samakkhi Phatthana
สกลนคร,Sakon Nakhon,สว่างแดนดิน,Sawang Daen Din,สว่างแดนดิน,Sawang Daen Din
สกลนคร,Sakon Nakhon,สว่างแดนดิน,Sawang Daen Din,คำสะอาด,Kham Sa-at
สกลนคร,Sakon Nakhon,สว่างแดนดิน,Sawang Daen Din,บ้านต้าย,Ban Tai
สกลนคร,Sakon Nakhon,สว่างแดนดิน,Sawang Daen Din,บงเหนือ,Bong Nuea
สกลนคร,Sakon Nakhon,สว่างแดนดิน,Sawang Daen Din,โพนสูง,Phon Sung
สกลนคร,Sakon Nakhon,สว่างแดนดิน,Sawang Daen Din,โคกสี,Khok Si
สกลนคร,Sakon Nakhon,สว่างแดนดิน,Sawang Daen Din,หนองหลวง,Nong Luang
สกลนคร,Sakon Nakhon,สว่างแดนดิน,Sawang Daen Din,บงใต้,Bong Tai
สกลนคร,Sakon Nakhon,สว่างแดนดิน,Sawang Daen Din,ค้อใต้,Kho Tai
สกลนคร,Sakon Nakhon,สว่างแดนดิน,Sawang Daen Din,พันนา,Phan Na
สกลนคร,Sakon Nakhon,สว่างแดนดิน,Sawang Daen Din,แวง,Waeng
สกลนคร,Sakon Nakhon,สว่างแดนดิน,Sawang Daen Din,ทรายมูล,Sai Mun
สกลนคร,Sakon Nakhon,สว่างแดนดิน,Sawang Daen Din,ตาลโกน,Tan Kon
สกลนคร,Sakon Nakhon,สว่างแดนดิน,Sawang Daen Din,ตาลเนิ้ง,Tan Noeng
สกลนคร,Sakon Nakhon,สว่างแดนดิน,Sawang Daen Din,ธาตุทอง,That Thong
สกลนคร,Sakon Nakhon,สว่างแดนดิน,Sawang Daen Din,บ้านถ่อน,Ban Thon
สกลนคร,Sakon Nakhon,ส่องดาว,Song Dao,ส่องดาว,Song Dao
สกลนคร,Sakon Nakhon,ส่องดาว,Song Dao,ท่าศิลา,Tha Sila
สกลนคร,Sakon Nakhon,ส่องดาว,Song Dao,วัฒนา,Watthana
สกลนคร,Sakon Nakhon,ส่องดาว,Song Dao,ปทุมวาปี,Pathum Wapi
สกลนคร,Sakon Nakhon,เต่างอย,Tao Ngoi,เต่างอย,Tao Ngoi
สกลนคร,Sakon Nakhon,เต่างอย,Tao Ngoi,บึงทวาย,Bueng Thawai
สกลนคร,Sakon Nakhon,เต่างอย,Tao Ngoi,นาตาล,Na Tan
สกลนคร,Sakon Nakhon,เต่างอย,Tao Ngoi,จันทร์เพ็ญ,Chan Phen
สกลนคร,Sakon Nakhon,โคกศรีสุพรรณ,Khok Si Suphan,ตองโขบ,Tong Khop
สกลนคร,Sakon Nakhon,โคกศรีสุพรรณ,Khok Si Suphan,เหล่าโพนค้อ,Lao Phon Kho
สกลนคร,Sakon Nakhon,โคกศรีสุพรรณ,Khok Si Suphan,ด่านม่วงคำ,Dan Muang Kham
สกลนคร,Sakon Nakhon,โคกศรีสุพรรณ,Khok Si Suphan,แมดนาท่ม,Maet Na Thom
สกลนคร,Sakon Nakhon,เจริญศิลป์,Charoen Sin,บ้านเหล่า,Ban Lao
สกลนคร,Sakon Nakhon,เจริญศิลป์,Charoen Sin,เจริญศิลป์,Charoen Sin
สกลนคร,Sakon Nakhon,เจริญศิลป์,Charoen Sin,ทุ่งแก,Thung Kae
สกลนคร,Sakon Nakhon,เจริญศิลป์,Charoen Sin,โคกศิลา,Khok Sila
สกลนคร,Sakon Nakhon,เจริญศิลป์,Charoen Sin,หนองแปน,Nong Paen
สกลนคร,Sakon Nakhon,โพนนาแก้ว,Phon Na Kaeo,บ้านโพน,Ban Phon
สกลนคร,Sakon Nakhon,โพนนาแก้ว,Phon Na Kaeo,นาแก้ว,Na Kaeo
สกลนคร,Sakon Nakhon,โพนนาแก้ว,Phon Na Kaeo,นาตงวัฒนา,Na Tong Watthana
สกลนคร,Sakon Nakhon,โพนนาแก้ว,Phon Na Kaeo,บ้านแป้น,Ban Paen
สกลนคร,Sakon Nakhon,โพนนาแก้ว,Phon Na Kaeo,เชียงสือ,Chiang Sue
สกลนคร,Sakon Nakhon,ภูพาน,Phu Phan,สร้างค้อ,Sang Kho
สกลนคร,Sakon Nakhon,ภูพาน,Phu Phan,หลุบเลา,Lup Lao
สกลนคร,Sakon Nakhon,ภูพาน,Phu Phan,โคกภู,Khok Phu
สกลนคร,Sakon Nakhon,ภูพาน,Phu Phan,กกปลาซิว,Kok Pla Sio
นครพนม,Nakhon Phanom,เมืองนครพนม,Mueang Nakhon Phanom,ในเมือง,Nai Mueang
นครพนม,Nakhon Phanom,เมืองนครพนม,Mueang Nakhon Phanom,หนองแสง,Nong Saeng
นครพนม,Nakhon Phanom,เมืองนครพนม,Mueang Nakhon Phanom,นาทราย,Na Sai
นครพนม,Nakhon Phanom,เมืองนครพนม,Mueang Nakhon Phanom,นาราชควาย,Na Rat Khwai
นครพนม,Nakhon Phanom,เมืองนครพนม,Mueang Nakhon Phanom,กุรุคุ,Kurukhu
นครพนม,Nakhon Phanom,เมืองนครพนม,Mueang Nakhon Phanom,บ้านผึ้ง,Ban Phueng
นครพนม,Nakhon Phanom,เมืองนครพนม,Mueang Nakhon Phanom,อาจสามารถ,At Samat
นครพนม,Nakhon Phanom,เมืองนครพนม,Mueang Nakhon Phanom,ขามเฒ่า,Kham Thao
นครพนม,Nakhon Phanom,เมืองนครพนม,Mueang Nakhon Phanom,บ้านกลาง,Ban Klang
นครพนม,Nakhon Phanom,เมืองนครพนม,Mueang Nakhon Phanom,ท่าค้อ,Tha Kho
นครพนม,Nakhon Phanom,เมืองนครพนม,Mueang Nakhon Phanom,คำเตย,Kham Toei
นครพนม,Nakhon Phanom,เมืองนครพนม,Mueang Nakhon Phanom,หนองญาติ,Nong Yat
นครพนม,Nakhon Phanom,เมืองนครพนม,Mueang Nakhon Phanom,ดงขวาง,Dong Khwang
นครพนม,Nakhon Phanom,เมืองนครพนม,Mueang Nakhon Phanom,วังตามัว,Wang Ta Mua
นครพนม,Nakhon Phanom,เมืองนครพนม,Mueang Nakhon Phanom,โพธิ์ตาก,Pho Tak
นครพนม,Nakhon Phanom,ปลาปาก,Pla Pak,ปลาปาก,Pla Pak
นครพนม,Nakhon Phanom,ปลาปาก,Pla Pak,หนองฮี,Nong Hi
นครพนม,Nakhon Phanom,ปลาปาก,Pla Pak,กุตาไก้,Kutakai
นครพนม,Nakhon Phanom,ปลาปาก,Pla Pak,โคกสว่าง,Khok Sawan
นครพนม,Nakhon Phanom,ปลาปาก,Pla Pak,โคกสูง,Khok Sung
นครพนม,Nakhon Phanom,ปลาปาก,Pla Pak,มหาชัย,Maha Chai
นครพนม,Nakhon Phanom,ปลาปาก,Pla Pak,นามะเขือ,Na Makhuea
นครพนม,Nakhon Phanom,ปลาปาก,Pla Pak,หนองเทาใหญ่,Nong Thao Yai
นครพนม,Nakhon Phanom,ท่าอุเทน,Tha Uthen,ท่าอุเทน,Tha Uthen
นครพนม,Nakhon Phanom,ท่าอุเทน,Tha Uthen,โนนตาล,Non Tan
นครพนม,Nakhon Phanom,ท่าอุเทน,Tha Uthen,ท่าจำปา,Tha Champa
นครพนม,Nakhon Phanom,ท่าอุเทน,Tha Uthen,ไชยบุรี,Chai Buri
นครพนม,Nakhon Phanom,ท่าอุเทน,Tha Uthen,พนอม,Phanom
นครพนม,Nakhon Phanom,ท่าอุเทน,Tha Uthen,พะทาย,Phathai
นครพนม,Nakhon Phanom,ท่าอุเทน,Tha Uthen,เวินพระบาท,Woen Phra Bat
นครพนม,Nakhon Phanom,ท่าอุเทน,Tha Uthen,รามราช,Ram Rat
นครพนม,Nakhon Phanom,ท่าอุเทน,Tha Uthen,หนองเทา,Nong Thao
นครพนม,Nakhon Phanom,บ้านแพง,Ban Phaeng,บ้านแพง,Ban Phaeng
นครพนม,Nakhon Phanom,บ้านแพง,Ban Phaeng,ไผ่ล้อม,Phai Lom
นครพนม,Nakhon Phanom,บ้านแพง,Ban Phaeng,โพนทอง,Phon Thong
นครพนม,Nakhon Phanom,บ้านแพง,Ban Phaeng,หนองแวง,Nong Waeng
นครพนม,Nakhon Phanom,บ้านแพง,Ban Phaeng,นางัว,Na Ngua
นครพนม,Nakhon Phanom,บ้านแพง,Ban Phaeng,นาเข,Na Khe
นครพนม,Nakhon Phanom,ธาตุพนม,That Phanom,ธาตุพนม,That Phanom
นครพนม,Nakhon Phanom,ธาตุพนม,That Phanom,ฝั่งแดง,Fang Daeng
นครพนม,Nakhon Phanom,ธาตุพนม,That Phanom,โพนแพง,Phon Phaeng
นครพนม,Nakhon Phanom,ธาตุพนม,That Phanom,พระกลางทุ่ง,Phra Klang Thung
นครพนม,Nakhon Phanom,ธาตุพนม,That Phanom,นาถ่อน,Na Thon
นครพนม,Nakhon Phanom,ธาตุพนม,That Phanom,แสนพัน,Saen Phan
นครพนม,Nakhon Phanom,ธาตุพนม,That Phanom,ดอนนางหงส์,Don Nang Hong
นครพนม,Nakhon Phanom,ธาตุพนม,That Phanom,น้ำก่ำ,Nam Kam
นครพนม,Nakhon Phanom,ธาตุพนม,That Phanom,อุ่มเหม้า,Um Mao
นครพนม,Nakhon Phanom,ธาตุพนม,That Phanom,นาหนาด,Na Nat
นครพนม,Nakhon Phanom,ธาตุพนม,That Phanom,กุดฉิม,Kut Chim
นครพนม,Nakhon Phanom,ธาตุพนม,That Phanom,ธาตุพนมเหนือ,That Phanom Nuea
นครพนม,Nakhon Phanom,เรณูนคร,Renu Nakhon,เรณู,Renu
นครพนม,Nakhon Phanom,เรณูนคร,Renu Nakhon,โพนทอง,Phon Thong
นครพนม,Nakhon Phanom,เรณูนคร,Renu Nakhon,ท่าลาด,Tha Lat
นครพนม,Nakhon Phanom,เรณูนคร,Renu Nakhon,นางาม,Na Ngam
นครพนม,Nakhon Phanom,เรณูนคร,Renu Nakhon,โคกหินแฮ่,Khok Hin Hae
นครพนม,Nakhon Phanom,เรณูนคร,Renu Nakhon,หนองย่างชิ้น,Nong Yang Chin
นครพนม,Nakhon Phanom,เรณูนคร,Renu Nakhon,เรณูใต้,Renu Tai
นครพนม,Nakhon Phanom,เรณูนคร,Renu Nakhon,นาขาม,Na Kham
นครพนม,Nakhon Phanom,นาแก,Na Kae,นาแก,Na Kae
นครพนม,Nakhon Phanom,นาแก,Na Kae,พระซอง,Phra Song
นครพนม,Nakhon Phanom,นาแก,Na Kae,หนองสังข์,Nong Sang
นครพนม,Nakhon Phanom,นาแก,Na Kae,นาคู่,Na Khu
นครพนม,Nakhon Phanom,นาแก,Na Kae,พิมาน,Phiman
นครพนม,Nakhon Phanom,นาแก,Na Kae,พุ่มแก,Phum Kae
นครพนม,Nakhon Phanom,นาแก,Na Kae,ก้านเหลือง,Kan Lueang
นครพนม,Nakhon Phanom,นาแก,Na Kae,หนองบ่อ,Nong Bo
นครพนม,Nakhon Phanom,นาแก,Na Kae,นาเลียง,Na Liang
นครพนม,Nakhon Phanom,นาแก,Na Kae,บ้านแก้ง,Ban Kaeng
นครพนม,Nakhon Phanom,นาแก,Na Kae,คำพี้,Kham Phi
นครพนม,Nakhon Phanom,นาแก,Na Kae,สีชมพู,Si Chomphu
นครพนม,Nakhon Phanom,ศรีสงคราม,Si Songkhram,ศรีสงคราม,Si Songkhram
นครพนม,Nakhon Phanom,ศรีสงคราม,Si Songkhram,นาเดื่อ,Na Duea
นครพนม,Nakhon Phanom,ศรีสงคราม,Si Songkhram,บ้านเอื้อง,Ban Ueang
นครพนม,Nakhon Phanom,ศรีสงคราม,Si Songkhram,สามผง,Sam Phong
นครพนม,Nakhon Phanom,ศรีสงคราม,Si Songkhram,ท่าบ่อสงคราม,Tha Bo Songkhram
นครพนม,Nakhon Phanom,ศรีสงคราม,Si Songkhram,บ้านข่า,Ban Kha
นครพนม,Nakhon Phanom,ศรีสงคราม,Si Songkhram,นาคำ,Na Kham
นครพนม,Nakhon Phanom,ศรีสงคราม,Si Songkhram,โพนสว่าง,Phon Sawang
นครพนม,Nakhon Phanom,ศรีสงคราม,Si Songkhram,หาดแพง,Hat Phaeng
นครพนม,Nakhon Phanom,นาหว้า,Na Wa,นาหว้า,Na Wa
นครพนม,Nakhon Phanom,นาหว้า,Na Wa,นางัว,Na Ngua
นครพนม,Nakhon Phanom,นาหว้า,Na Wa,บ้านเสียว,Ban Siao
นครพนม,Nakhon Phanom,นาหว้า,Na Wa,นาคูณใหญ่,Na Khun Yai
นครพนม,Nakhon Phanom,นาหว้า,Na Wa,เหล่าพัฒนา,Lao Phatthana
นครพนม,Nakhon Phanom,นาหว้า,Na Wa,ท่าเรือ,Tha Ruea
นครพนม,Nakhon Phanom,โพนสวรรค์,Phon Sawan,โพนสวรรค์,Phon Sawan
นครพนม,Nakhon Phanom,โพนสวรรค์,Phon Sawan,นาหัวบ่อ,Na Hua Bo
นครพนม,Nakhon Phanom,โพนสวรรค์,Phon Sawan,นาขมิ้น,Na Khamin
นครพนม,Nakhon Phanom,โพนสวรรค์,Phon Sawan,โพนบก,Phon Bok
นครพนม,Nakhon Phanom,โพนสวรรค์,Phon Sawan,บ้านค้อ,Ban Kho
นครพนม,Nakhon Phanom,โพนสวรรค์,Phon Sawan,โพนจาน,Phon Chan
นครพนม,Nakhon Phanom,โพนสวรรค์,Phon Sawan,นาใน,Na Nai
นครพนม,Nakhon Phanom,นาทม,Na Thom,นาทม,Na Thom
นครพนม,Nakhon Phanom,นาทม,Na Thom,หนองซน,Nong Son
นครพนม,Nakhon Phanom,นาทม,Na Thom,ดอนเตย,Don Toei
นครพนม,Nakhon Phanom,วังยาง,Wang Yang,วังยาง,Wang Yang
นครพนม,Nakhon Phanom,วังยาง,Wang Yang,โคกสี,Khok Si
นครพนม,Nakhon Phanom,วังยาง,Wang Yang,ยอดชาด,Yot Chat
นครพนม,Nakhon Phanom,วังยาง,Wang Yang,หนองโพธิ์,Nong Pho
มุกดาหาร,Mukdahan,เมืองมุกดาหาร,Mueang Mukdahan,มุกดาหาร,Mukdahan
มุกดาหาร,Mukdahan,เมืองมุกดาหาร,Mueang Mukdahan,ศรีบุญเรือง,Si Bun Rueang
มุกดาหาร,Mukdahan,เมืองมุกดาหาร,Mueang Mukdahan,บ้านโคก,Ban Khok
มุกดาหาร,Mukdahan,เมืองมุกดาหาร,Mueang Mukdahan,บางทรายใหญ่,Bang Sai Yai
มุกดาหาร,Mukdahan,เมืองมุกดาหาร,Mueang Mukdahan,โพนทราย,Phon Sai
มุกดาหาร,Mukdahan,เมืองมุกดาหาร,Mueang Mukdahan,ผึ่งแดด,Phueng Daet
มุกดาหาร,Mukdahan,เมืองมุกดาหาร,Mueang Mukdahan,นาโสก,Na Sok
มุกดาหาร,Mukdahan,เมืองมุกดาหาร,Mueang Mukdahan,นาสีนวน,Na Si Nuan
มุกดาหาร,Mukdahan,เมืองมุกดาหาร,Mueang Mukdahan,คำป่าหลาย,Kham Pa Lai
มุกดาหาร,Mukdahan,เมืองมุกดาหาร,Mueang Mukdahan,คำอาฮวน,Kham Ahuan
มุกดาหาร,Mukdahan,เมืองมุกดาหาร,Mueang Mukdahan,ดงเย็น,Dong Yen
มุกดาหาร,Mukdahan,เมืองมุกดาหาร,Mueang Mukdahan,ดงมอน,Dong Mon
มุกดาหาร,Mukdahan,เมืองมุกดาหาร,Mueang Mukdahan,กุดแข้,Kut Khae
มุกดาหาร,Mukdahan,นิคมคำสร้อย,Nikhom Kham Soi,นิคมคำสร้อย,Nikhom Kham Soi
มุกดาหาร,Mukdahan,นิคมคำสร้อย,Nikhom Kham Soi,นากอก,Na Kok
มุกดาหาร,Mukdahan,นิคมคำสร้อย,Nikhom Kham Soi,หนองแวง,Nong Waeng
มุกดาหาร,Mukdahan,นิคมคำสร้อย,Nikhom Kham Soi,กกแดง,Kok Daeng
มุกดาหาร,Mukdahan,นิคมคำสร้อย,Nikhom Kham Soi,นาอุดม,Na Udom
มุกดาหาร,Mukdahan,นิคมคำสร้อย,Nikhom Kham Soi,โชคชัย,Chok Chai
มุกดาหาร,Mukdahan,นิคมคำสร้อย,Nikhom Kham Soi,ร่มเกล้า,Rom Klao
มุกดาหาร,Mukdahan,ดอนตาล,Don Tan,ดอนตาล,Don Tan
มุกดาหาร,Mukdahan,ดอนตาล,Don Tan,โพธิ์ไทร,Pho Sai
มุกดาหาร,Mukdahan,ดอนตาล,Don Tan,ป่าไร่,Pa Rai
มุกดาหาร,Mukdahan,ดอนตาล,Don Tan,เหล่าหมี,Lao Mi
มุกดาหาร,Mukdahan,ดอนตาล,Don Tan,บ้านบาก,Ban Bak
มุกดาหาร,Mukdahan,ดอนตาล,Don Tan,นาสะเม็ง,Na Sameng
มุกดาหาร,Mukdahan,ดอนตาล,Don Tan,บ้านแก้ง,Ban Kaeng
มุกดาหาร,Mukdahan,ดงหลวง,Dong Luang,ดงหลวง,Dong Luang
มุกดาหาร,Mukdahan,ดงหลวง,Dong Luang,หนองบัว,Nong Bua
มุกดาหาร,Mukdahan,ดงหลวง,Dong Luang,กกตูม,Kok Tum
มุกดาหาร,Mukdahan,ดงหลวง,Dong Luang,หนองแคน,Nong Khaen
มุกดาหาร,Mukdahan,ดงหลวง,Dong Luang,ชะโนดน้อย,Chanot Noi
มุกดาหาร,Mukdahan,ดงหลวง,Dong Luang,พังแดง,Phang Daeng
มุกดาหาร,Mukdahan,คำชะอี,Khamcha-i,บ้านซ่ง,Ban Song
มุกดาหาร,Mukdahan,คำชะอี,Khamcha-i,คำชะอี,Khamcha-i
มุกดาหาร,Mukdahan,คำชะอี,Khamcha-i,หนองเอี่ยน,(Nong Ian
มุกดาหาร,Mukdahan,คำชะอี,Khamcha-i,บ้านค้อ,Ban Kho
มุกดาหาร,Mukdahan,คำชะอี,Khamcha-i,บ้านเหล่า,Ban Lao
มุกดาหาร,Mukdahan,คำชะอี,Khamcha-i,โพนงาม,Phon Ngam
มุกดาหาร,Mukdahan,คำชะอี,Khamcha-i,เหล่าสร้างถ่อ,Lao Sang Tho
มุกดาหาร,Mukdahan,คำชะอี,Khamcha-i,คำบก,Kham Bok
มุกดาหาร,Mukdahan,คำชะอี,Khamcha-i,น้ำเที่ยง,Nam Thiang
มุกดาหาร,Mukdahan,หว้านใหญ่,Wan Yai,หว้านใหญ่,Wan Yai
มุกดาหาร,Mukdahan,หว้านใหญ่,Wan Yai,ป่งขาม,Pong Kham
มุกดาหาร,Mukdahan,หว้านใหญ่,Wan Yai,บางทรายน้อย,Bang Sai Noi
มุกดาหาร,Mukdahan,หว้านใหญ่,Wan Yai,ชะโนด,Chanot
มุกดาหาร,Mukdahan,หว้านใหญ่,Wan Yai,ดงหมู,Dong Mu
มุกดาหาร,Mukdahan,หนองสูง,Nong Sung,หนองสูง,Nong Sung
มุกดาหาร,Mukdahan,หนองสูง,Nong Sung,โนนยาง,Non Yang
มุกดาหาร,Mukdahan,หนองสูง,Nong Sung,ภูวง,Phu Wong
มุกดาหาร,Mukdahan,หนองสูง,Nong Sung,บ้านเป้า,Ban Pao
มุกดาหาร,Mukdahan,หนองสูง,Nong Sung,หนองสูงใต้,Nong Sung Tai
มุกดาหาร,Mukdahan,หนองสูง,Nong Sung,หนองสูงเหนือ,Nong Sung Nuea
เชียงใหม่,Chiang Mai,เมืองเชียงใหม่,Mueang Chiang Mai,ศรีภูมิ,Si Phum
เชียงใหม่,Chiang Mai,เมืองเชียงใหม่,Mueang Chiang Mai,พระสิงห์,Phra Sing
เชียงใหม่,Chiang Mai,เมืองเชียงใหม่,Mueang Chiang Mai,หายยา,Haiya
เชียงใหม่,Chiang Mai,เมืองเชียงใหม่,Mueang Chiang Mai,ช้างม่อย,Chang Moi
เชียงใหม่,Chiang Mai,เมืองเชียงใหม่,Mueang Chiang Mai,ช้างคลาน,Chang Khlan
เชียงใหม่,Chiang Mai,เมืองเชียงใหม่,Mueang Chiang Mai,วัดเกต,Wat Ket
เชียงใหม่,Chiang Mai,เมืองเชียงใหม่,Mueang Chiang Mai,ช้างเผือก,Chang Phueak
เชียงใหม่,Chiang Mai,เมืองเชียงใหม่,Mueang Chiang Mai,สุเทพ,Suthep
เชียงใหม่,Chiang Mai,เมืองเชียงใหม่,Mueang Chiang Mai,แม่เหียะ,Mae Hia
เชียงใหม่,Chiang Mai,เมืองเชียงใหม่,Mueang Chiang Mai,ป่าแดด,Pa Daet
เชียงใหม่,Chiang Mai,เมืองเชียงใหม่,Mueang Chiang Mai,หนองหอย,Nong Hoi
เชียงใหม่,Chiang Mai,เมืองเชียงใหม่,Mueang Chiang Mai,ท่าศาลา,Tha Sala
เชียงใหม่,Chiang Mai,เมืองเชียงใหม่,Mueang Chiang Mai,หนองป่าครั่ง,Nong Pa Khrang
เชียงใหม่,Chiang Mai,เมืองเชียงใหม่,Mueang Chiang Mai,ฟ้าฮ่าม,Fa Ham
เชียงใหม่,Chiang Mai,เมืองเชียงใหม่,Mueang Chiang Mai,ป่าตัน,Pa Tan
เชียงใหม่,Chiang Mai,เมืองเชียงใหม่,Mueang Chiang Mai,สันผีเสื้อ,San Phi Suea
เชียงใหม่,Chiang Mai,จอมทอง,Chom Thong,บ้านหลวง,Ban Luang
เชียงใหม่,Chiang Mai,จอมทอง,Chom Thong,ข่วงเปา,Khuang Pao
เชียงใหม่,Chiang Mai,จอมทอง,Chom Thong,สบเตี๊ยะ,Sop Tia
เชียงใหม่,Chiang Mai,จอมทอง,Chom Thong,บ้านแปะ,Ban Pae
เชียงใหม่,Chiang Mai,จอมทอง,Chom Thong,ดอยแก้ว,Doi Kaeo
เชียงใหม่,Chiang Mai,จอมทอง,Chom Thong,แม่สอย,Mae Soi
เชียงใหม่,Chiang Mai,แม่แจ่ม,Mae Chaem,ช่างเคิ่ง,Chang Khoeng
เชียงใหม่,Chiang Mai,แม่แจ่ม,Mae Chaem,ท่าผา,Tha Pha
เชียงใหม่,Chiang Mai,แม่แจ่ม,Mae Chaem,บ้านทับ,Ban Thap
เชียงใหม่,Chiang Mai,แม่แจ่ม,Mae Chaem,แม่ศึก,Mae Suek
เชียงใหม่,Chiang Mai,แม่แจ่ม,Mae Chaem,แม่นาจร,Mae Na Chon
เชียงใหม่,Chiang Mai,แม่แจ่ม,Mae Chaem,ปางหินฝน,Pang Hin Fon
เชียงใหม่,Chiang Mai,แม่แจ่ม,Mae Chaem,กองแขก,Kong Khaek
เชียงใหม่,Chiang Mai,เชียงดาว,Chiang Dao,เชียงดาว,Chiang Dao
เชียงใหม่,Chiang Mai,เชียงดาว,Chiang Dao,เมืองนะ,Mueang Na
เชียงใหม่,Chiang Mai,เชียงดาว,Chiang Dao,เมืองงาย,Mueang Ngai
เชียงใหม่,Chiang Mai,เชียงดาว,Chiang Dao,แม่นะ,Mae Na
เชียงใหม่,Chiang Mai,เชียงดาว,Chiang Dao,เมืองคอง,Mueang Khong
เชียงใหม่,Chiang Mai,เชียงดาว,Chiang Dao,ปิงโค้ง,Ping Khong
เชียงใหม่,Chiang Mai,เชียงดาว,Chiang Dao,ทุ่งข้าวพวง,Thung Khao Phuang
เชียงใหม่,Chiang Mai,ดอยสะเก็ด,Doi Saket,เชิงดอย,Choeng Doi
เชียงใหม่,Chiang Mai,ดอยสะเก็ด,Doi Saket,สันปูเลย,San Pu Loei
เชียงใหม่,Chiang Mai,ดอยสะเก็ด,Doi Saket,ลวงเหนือ,Luang Nuea
เชียงใหม่,Chiang Mai,ดอยสะเก็ด,Doi Saket,ป่าป้อง,Pa Pong
เชียงใหม่,Chiang Mai,ดอยสะเก็ด,Doi Saket,สง่าบ้าน,Sa-nga Ban
เชียงใหม่,Chiang Mai,ดอยสะเก็ด,Doi Saket,ป่าลาน,Pa Lan
เชียงใหม่,Chiang Mai,ดอยสะเก็ด,Doi Saket,ตลาดขวัญ,Talat Khwan
เชียงใหม่,Chiang Mai,ดอยสะเก็ด,Doi Saket,สำราญราษฎร์,Samran Rat
เชียงใหม่,Chiang Mai,ดอยสะเก็ด,Doi Saket,แม่คือ,Mae Khue
เชียงใหม่,Chiang Mai,ดอยสะเก็ด,Doi Saket,ตลาดใหญ่,Talat Yai
เชียงใหม่,Chiang Mai,ดอยสะเก็ด,Doi Saket,แม่ฮ้อยเงิน,Mae Hoi Ngoen
เชียงใหม่,Chiang Mai,ดอยสะเก็ด,Doi Saket,แม่โป่ง,Mae Pong
เชียงใหม่,Chiang Mai,ดอยสะเก็ด,Doi Saket,ป่าเมี่ยง,Pa Miang
เชียงใหม่,Chiang Mai,ดอยสะเก็ด,Doi Saket,เทพเสด็จ,Thep Sadet
เชียงใหม่,Chiang Mai,แม่แตง,Mae Taeng,สันมหาพน,San Maha Phon
เชียงใหม่,Chiang Mai,แม่แตง,Mae Taeng,แม่แตง,Mae Taeng
เชียงใหม่,Chiang Mai,แม่แตง,Mae Taeng,ขี้เหล็ก,Khilek
เชียงใหม่,Chiang Mai,แม่แตง,Mae Taeng,ช่อแล,Cho Lae
เชียงใหม่,Chiang Mai,แม่แตง,Mae Taeng,แม่หอพระ,Mae Ho Phra
เชียงใหม่,Chiang Mai,แม่แตง,Mae Taeng,สบเปิง,Sop Poeng
เชียงใหม่,Chiang Mai,แม่แตง,Mae Taeng,บ้านเป้า,Ban Pao
เชียงใหม่,Chiang Mai,แม่แตง,Mae Taeng,สันป่ายาง,San Pa Yang
เชียงใหม่,Chiang Mai,แม่แตง,Mae Taeng,ป่าแป๋,Pa Pae
เชียงใหม่,Chiang Mai,แม่แตง,Mae Taeng,เมืองก๋าย,Mueang Kai
เชียงใหม่,Chiang Mai,แม่แตง,Mae Taeng,บ้านช้าง,Ban Chang
เชียงใหม่,Chiang Mai,แม่แตง,Mae Taeng,กื้ดช้าง,Kuet Chang
เชียงใหม่,Chiang Mai,แม่แตง,Mae Taeng,อินทขิล,Inthakhin
เชียงใหม่,Chiang Mai,แม่แตง,Mae Taeng,สมก๋าย,Som Kai
เชียงใหม่,Chiang Mai,แม่ริม,Mae Rim,ริมใต้,Rim Tai
เชียงใหม่,Chiang Mai,แม่ริม,Mae Rim,ริมเหนือ,Rim Nuea
เชียงใหม่,Chiang Mai,แม่ริม,Mae Rim,สันโป่ง,San Pong
เชียงใหม่,Chiang Mai,แม่ริม,Mae Rim,ขี้เหล็ก,Khilek
เชียงใหม่,Chiang Mai,แม่ริม,Mae Rim,สะลวง,Saluang
เชียงใหม่,Chiang Mai,แม่ริม,Mae Rim,ห้วยทราย,Huai Sai
เชียงใหม่,Chiang Mai,แม่ริม,Mae Rim,แม่แรม,Mae Raem
เชียงใหม่,Chiang Mai,แม่ริม,Mae Rim,โป่งแยง,Pong Yaeng
เชียงใหม่,Chiang Mai,แม่ริม,Mae Rim,แม่สา,Mae Sa
เชียงใหม่,Chiang Mai,แม่ริม,Mae Rim,ดอนแก้ว,Don Kaeo
เชียงใหม่,Chiang Mai,แม่ริม,Mae Rim,เหมืองแก้ว,Mueang Kaeo
เชียงใหม่,Chiang Mai,สะเมิง,Samoeng,สะเมิงใต้,Samoeng Tai
เชียงใหม่,Chiang Mai,สะเมิง,Samoeng,สะเมิงเหนือ,Samoeng Nuea
เชียงใหม่,Chiang Mai,สะเมิง,Samoeng,แม่สาบ,Mae Sap
เชียงใหม่,Chiang Mai,สะเมิง,Samoeng,บ่อแก้ว,Bo Kaeo
เชียงใหม่,Chiang Mai,สะเมิง,Samoeng,ยั้งเมิน,Yang Moen
เชียงใหม่,Chiang Mai,ฝาง,Fang,เวียง,Wiang
เชียงใหม่,Chiang Mai,ฝาง,Fang,ม่อนปิ่น,Mon Pin
เชียงใหม่,Chiang Mai,ฝาง,Fang,แม่งอน,Mae Ngon
เชียงใหม่,Chiang Mai,ฝาง,Fang,แม่สูน,Mae Sun
เชียงใหม่,Chiang Mai,ฝาง,Fang,สันทราย,San Sai
เชียงใหม่,Chiang Mai,ฝาง,Fang,แม่คะ,Mae Kha
เชียงใหม่,Chiang Mai,ฝาง,Fang,แม่ข่า,Mae Kha
เชียงใหม่,Chiang Mai,ฝาง,Fang,โป่งน้ำร้อน,Pong Nam Ron
เชียงใหม่,Chiang Mai,แม่อาย,Mae Ai,แม่อาย,Mae Ai
เชียงใหม่,Chiang Mai,แม่อาย,Mae Ai,แม่สาว,Mae Sao
เชียงใหม่,Chiang Mai,แม่อาย,Mae Ai,สันต้นหมื้อ,San Ton Mue
เชียงใหม่,Chiang Mai,แม่อาย,Mae Ai,แม่นาวาง,Mae Na Wang
เชียงใหม่,Chiang Mai,แม่อาย,Mae Ai,ท่าตอน,Tha Ton
เชียงใหม่,Chiang Mai,แม่อาย,Mae Ai,บ้านหลวง,Ban Luang
เชียงใหม่,Chiang Mai,แม่อาย,Mae Ai,มะลิกา,Malika
เชียงใหม่,Chiang Mai,พร้าว,Phrao,เวียง,Wiang
เชียงใหม่,Chiang Mai,พร้าว,Phrao,ทุ่งหลวง,Thung Luang
เชียงใหม่,Chiang Mai,พร้าว,Phrao,ป่าตุ้ม,Pa Tum
เชียงใหม่,Chiang Mai,พร้าว,Phrao,ป่าไหน่,Pa Nai
เชียงใหม่,Chiang Mai,พร้าว,Phrao,สันทราย,San Sai
เชียงใหม่,Chiang Mai,พร้าว,Phrao,บ้านโป่ง,Ban Pong
เชียงใหม่,Chiang Mai,พร้าว,Phrao,น้ำแพร่,Nam Phrae
เชียงใหม่,Chiang Mai,พร้าว,Phrao,เขื่อนผาก,Khuean Phak
เชียงใหม่,Chiang Mai,พร้าว,Phrao,แม่แวน,Mae Waen
เชียงใหม่,Chiang Mai,พร้าว,Phrao,แม่ปั๋ง,Mae Pang
เชียงใหม่,Chiang Mai,พร้าว,Phrao,โหล่งขอด,Long Khot
เชียงใหม่,Chiang Mai,สันป่าตอง,San Pa Tong,ยุหว่า,Yu Wa
เชียงใหม่,Chiang Mai,สันป่าตอง,San Pa Tong,สันกลาง,San Klang
เชียงใหม่,Chiang Mai,สันป่าตอง,San Pa Tong,ท่าวังพร้าว,Tha Wang Phrao
เชียงใหม่,Chiang Mai,สันป่าตอง,San Pa Tong,มะขามหลวง,Makham Luang
เชียงใหม่,Chiang Mai,สันป่าตอง,San Pa Tong,แม่ก๊า,Mae Ka
เชียงใหม่,Chiang Mai,สันป่าตอง,San Pa Tong,บ้านแม,Ban Mae
เชียงใหม่,Chiang Mai,สันป่าตอง,San Pa Tong,บ้านกลาง,Ban Klang
เชียงใหม่,Chiang Mai,สันป่าตอง,San Pa Tong,ทุ่งสะโตก,Thung Satok
เชียงใหม่,Chiang Mai,สันป่าตอง,San Pa Tong,ทุ่งต้อม,Thung Tom
เชียงใหม่,Chiang Mai,สันป่าตอง,San Pa Tong,น้ำบ่อหลวง,Nam Bo Luang
เชียงใหม่,Chiang Mai,สันป่าตอง,San Pa Tong,มะขุนหวาน,Makhun Wan
เชียงใหม่,Chiang Mai,สันกำแพง,San Kamphaeng,สันกำแพง,San Kamphaeng
เชียงใหม่,Chiang Mai,สันกำแพง,San Kamphaeng,ทรายมูล,Sai Mun
เชียงใหม่,Chiang Mai,สันกำแพง,San Kamphaeng,ร้องวัวแดง,Rong Wua Daeng
เชียงใหม่,Chiang Mai,สันกำแพง,San Kamphaeng,บวกค้าง,Buak Khang
เชียงใหม่,Chiang Mai,สันกำแพง,San Kamphaeng,แช่ช้าง,Chae Chang
เชียงใหม่,Chiang Mai,สันกำแพง,San Kamphaeng,ออนใต้,On Tai
เชียงใหม่,Chiang Mai,สันกำแพง,San Kamphaeng,แม่ปูคา,Mae Pu Kha
เชียงใหม่,Chiang Mai,สันกำแพง,San Kamphaeng,ห้วยทราย,Huai Sai
เชียงใหม่,Chiang Mai,สันกำแพง,San Kamphaeng,ต้นเปา,Ton Pao
เชียงใหม่,Chiang Mai,สันกำแพง,San Kamphaeng,สันกลาง,San Klang
เชียงใหม่,Chiang Mai,สันทราย,San Sai,สันทรายหลวง,San Sai Luang
เชียงใหม่,Chiang Mai,สันทราย,San Sai,สันทรายน้อย,San Sai Noi
เชียงใหม่,Chiang Mai,สันทราย,San Sai,สันพระเนตร,San Phranet
เชียงใหม่,Chiang Mai,สันทราย,San Sai,สันนาเม็ง,San Na Meng
เชียงใหม่,Chiang Mai,สันทราย,San Sai,สันป่าเปา,San Pa Pao
เชียงใหม่,Chiang Mai,สันทราย,San Sai,หนองแหย่ง,Nong Yaeng
เชียงใหม่,Chiang Mai,สันทราย,San Sai,หนองจ๊อม,Nong Chom
เชียงใหม่,Chiang Mai,สันทราย,San Sai,หนองหาร,Nong Han
เชียงใหม่,Chiang Mai,สันทราย,San Sai,แม่แฝก,Mae Faek
เชียงใหม่,Chiang Mai,สันทราย,San Sai,แม่แฝกใหม่,Mae Faek Mai
เชียงใหม่,Chiang Mai,สันทราย,San Sai,เมืองเล็น,Mueang Len
เชียงใหม่,Chiang Mai,สันทราย,San Sai,ป่าไผ่,Pa Phai
เชียงใหม่,Chiang Mai,หางดง,Hang Dong,หางดง,Hang Dong
เชียงใหม่,Chiang Mai,หางดง,Hang Dong,หนองแก๋ว,Nong Kaeo
เชียงใหม่,Chiang Mai,หางดง,Hang Dong,หารแก้ว,Han Kaeo
เชียงใหม่,Chiang Mai,หางดง,Hang Dong,หนองตอง,Nong Tong
เชียงใหม่,Chiang Mai,หางดง,Hang Dong,ขุนคง,Khun Khong
เชียงใหม่,Chiang Mai,หางดง,Hang Dong,สบแม่ข่า,Sop Mae Kha
เชียงใหม่,Chiang Mai,หางดง,Hang Dong,บ้านแหวน,Ban Waen
เชียงใหม่,Chiang Mai,หางดง,Hang Dong,สันผักหวาน,San Phak Wan
เชียงใหม่,Chiang Mai,หางดง,Hang Dong,หนองควาย,Nong Khwai
เชียงใหม่,Chiang Mai,หางดง,Hang Dong,บ้านปง,Ban Pong
เชียงใหม่,Chiang Mai,หางดง,Hang Dong,น้ำแพร่,Nam Phrae
เชียงใหม่,Chiang Mai,ฮอด,Hot,หางดง,Hang Dong
เชียงใหม่,Chiang Mai,ฮอด,Hot,ฮอด,Hot
เชียงใหม่,Chiang Mai,ฮอด,Hot,บ้านตาล,Ban Tan
เชียงใหม่,Chiang Mai,ฮอด,Hot,บ่อหลวง,Bo Luang
เชียงใหม่,Chiang Mai,ฮอด,Hot,บ่อสลี,Bo Sali
เชียงใหม่,Chiang Mai,ฮอด,Hot,นาคอเรือ,Na Kho Ruea
เชียงใหม่,Chiang Mai,ดอยเต่า,Doi Tao,ดอยเต่า,Doi Tao
เชียงใหม่,Chiang Mai,ดอยเต่า,Doi Tao,ท่าเดื่อ,Tha Duea
เชียงใหม่,Chiang Mai,ดอยเต่า,Doi Tao,มืดกา,Muet Ka
เชียงใหม่,Chiang Mai,ดอยเต่า,Doi Tao,บ้านแอ่น,Ban Aen
เชียงใหม่,Chiang Mai,ดอยเต่า,Doi Tao,บงตัน,Bong Tan
เชียงใหม่,Chiang Mai,ดอยเต่า,Doi Tao,โปงทุ่ง,Pong Thung
เชียงใหม่,Chiang Mai,อมก๋อย,Omkoi,อมก๋อย,Omkoi
เชียงใหม่,Chiang Mai,อมก๋อย,Omkoi,ยางเปียง,Yang Piang
เชียงใหม่,Chiang Mai,อมก๋อย,Omkoi,แม่ตื่น,Mae Tuen
เชียงใหม่,Chiang Mai,อมก๋อย,Omkoi,ม่อนจอง,Mon Chong
เชียงใหม่,Chiang Mai,อมก๋อย,Omkoi,สบโขง,Sop Khong
เชียงใหม่,Chiang Mai,อมก๋อย,Omkoi,นาเกียน,Na Kian
เชียงใหม่,Chiang Mai,สารภี,Saraphi,ยางเนิ้ง,Yang Noeng
เชียงใหม่,Chiang Mai,สารภี,Saraphi,สารภี,Saraphi
เชียงใหม่,Chiang Mai,สารภี,Saraphi,ชมภู,Chom Phu
เชียงใหม่,Chiang Mai,สารภี,Saraphi,ไชยสถาน,Chai Sathan
เชียงใหม่,Chiang Mai,สารภี,Saraphi,ขัวมุง,Khua Mung
เชียงใหม่,Chiang Mai,สารภี,Saraphi,หนองแฝก,Nong Faek
เชียงใหม่,Chiang Mai,สารภี,Saraphi,หนองผึ้ง,Nong Phueng
เชียงใหม่,Chiang Mai,สารภี,Saraphi,ท่ากว้าง,Tha Kwang
เชียงใหม่,Chiang Mai,สารภี,Saraphi,ดอนแก้ว,Don Kaeo
เชียงใหม่,Chiang Mai,สารภี,Saraphi,ท่าวังตาล,Tha Wang Tan
เชียงใหม่,Chiang Mai,สารภี,Saraphi,สันทราย,San Sai
เชียงใหม่,Chiang Mai,สารภี,Saraphi,ป่าบง,Pa Bong
เชียงใหม่,Chiang Mai,เวียงแหง,Wiang Haeng,เมืองแหง,Mueang Haeng
เชียงใหม่,Chiang Mai,เวียงแหง,Wiang Haeng,เปียงหลวง,Piang Luang
เชียงใหม่,Chiang Mai,เวียงแหง,Wiang Haeng,แสนไห,Saen Hai
เชียงใหม่,Chiang Mai,ไชยปราการ,Chai Prakan,ปงตำ,Pong Tam
เชียงใหม่,Chiang Mai,ไชยปราการ,Chai Prakan,ศรีดงเย็น,Si Dong Yen
เชียงใหม่,Chiang Mai,ไชยปราการ,Chai Prakan,แม่ทะลบ,Mae Thalop
เชียงใหม่,Chiang Mai,ไชยปราการ,Chai Prakan,หนองบัว,Nong Bua
เชียงใหม่,Chiang Mai,แม่วาง,Mae Wang,บ้านกาด,Ban Kat
เชียงใหม่,Chiang Mai,แม่วาง,Mae Wang,ทุ่งปี้,Thung Pi
เชียงใหม่,Chiang Mai,แม่วาง,Mae Wang,ทุ่งรวงทอง,Thung Ruang Thong
เชียงใหม่,Chiang Mai,แม่วาง,Mae Wang,แม่วิน,Mae Win
เชียงใหม่,Chiang Mai,แม่วาง,Mae Wang,ดอนเปา,Don Pao
เชียงใหม่,Chiang Mai,แม่ออน,Mae On,ออนเหนือ,On Nuea
เชียงใหม่,Chiang Mai,แม่ออน,Mae On,ออนกลาง,On Klang
เชียงใหม่,Chiang Mai,แม่ออน,Mae On,บ้านสหกรณ์,Ban Sahakon
เชียงใหม่,Chiang Mai,แม่ออน,Mae On,ห้วยแก้ว,Huai Kaeo
เชียงใหม่,Chiang Mai,แม่ออน,Mae On,แม่ทา,Mae Tha
เชียงใหม่,Chiang Mai,แม่ออน,Mae On,ทาเหนือ,Tha Nuea
เชียงใหม่,Chiang Mai,ดอยหล่อ,Doi Lo,ดอยหล่อ,Doi Lo
เชียงใหม่,Chiang Mai,ดอยหล่อ,Doi Lo,สองแคว,Song Khwae
เชียงใหม่,Chiang Mai,ดอยหล่อ,Doi Lo,ยางคราม,Yang Khram
เชียงใหม่,Chiang Mai,ดอยหล่อ,Doi Lo,สันติสุข,Santi Suk
เชียงใหม่,Chiang Mai,กัลยาณิวัฒนา,Galyani Vadhana,บ้านจันทร์,Ban Chan
เชียงใหม่,Chiang Mai,กัลยาณิวัฒนา,Galyani Vadhana,แม่แดด,Mae Daet
เชียงใหม่,Chiang Mai,กัลยาณิวัฒนา,Galyani Vadhana,แจ่มหลวง,Chaem Luang
ลำพูน,Lamphun,เมืองลำพูน,Mueang Lamphun,ในเมือง,Nai Mueang
ลำพูน,Lamphun,เมืองลำพูน,Mueang Lamphun,เหมืองง่า,Mueang Nga
ลำพูน,Lamphun,เมืองลำพูน,Mueang Lamphun,อุโมงค์,Umong
ลำพูน,Lamphun,เมืองลำพูน,Mueang Lamphun,หนองช้างคืน,Nong Chang Khuen
ลำพูน,Lamphun,เมืองลำพูน,Mueang Lamphun,ประตูป่า,Pratu Pa
ลำพูน,Lamphun,เมืองลำพูน,Mueang Lamphun,ริมปิง,Rim Ping
ลำพูน,Lamphun,เมืองลำพูน,Mueang Lamphun,ต้นธง,Ton Thong
ลำพูน,Lamphun,เมืองลำพูน,Mueang Lamphun,บ้านแป้น,Ban Paen
ลำพูน,Lamphun,เมืองลำพูน,Mueang Lamphun,เหมืองจี้,Mueang Chi
ลำพูน,Lamphun,เมืองลำพูน,Mueang Lamphun,ป่าสัก,Pa Sak
ลำพูน,Lamphun,เมืองลำพูน,Mueang Lamphun,เวียงยอง,Wiang Yong
ลำพูน,Lamphun,เมืองลำพูน,Mueang Lamphun,บ้านกลาง,Ban Klang
ลำพูน,Lamphun,เมืองลำพูน,Mueang Lamphun,มะเขือแจ้,Makhuea Chae
ลำพูน,Lamphun,เมืองลำพูน,Mueang Lamphun,ศรีบัวบาน,Si Bua Ban
ลำพูน,Lamphun,เมืองลำพูน,Mueang Lamphun,หนองหนาม,Nong Nam
ลำพูน,Lamphun,แม่ทา,Mae Tha,ทาปลาดุก,Tha Pla Duk
ลำพูน,Lamphun,แม่ทา,Mae Tha,ทาสบเส้า,Tha Sop Sao
ลำพูน,Lamphun,แม่ทา,Mae Tha,ทากาศ,Tha Kat
ลำพูน,Lamphun,แม่ทา,Mae Tha,ทาขุมเงิน,Tha Khum Ngoen
ลำพูน,Lamphun,แม่ทา,Mae Tha,ทาทุ่งหลวง,Tha Thung Luang
ลำพูน,Lamphun,แม่ทา,Mae Tha,ทาแม่ลอบ,Tha Mae Lop
ลำพูน,Lamphun,บ้านโฮ่ง,Ban Hong,บ้านโฮ่ง,Ban Hong
ลำพูน,Lamphun,บ้านโฮ่ง,Ban Hong,ป่าพลู,Pa Phlu
ลำพูน,Lamphun,บ้านโฮ่ง,Ban Hong,เหล่ายาว,Lao Yao
ลำพูน,Lamphun,บ้านโฮ่ง,Ban Hong,ศรีเตี้ย,Si Tia
ลำพูน,Lamphun,บ้านโฮ่ง,Ban Hong,หนองปลาสะวาย,Nong Pla Sawai
ลำพูน,Lamphun,ลี้,Li,ลี้,Li
ลำพูน,Lamphun,ลี้,Li,แม่ตืน,Mae Tuen
ลำพูน,Lamphun,ลี้,Li,นาทราย,Na Sai
ลำพูน,Lamphun,ลี้,Li,ดงดำ,Dong Dam
ลำพูน,Lamphun,ลี้,Li,ก้อ,Ko
ลำพูน,Lamphun,ลี้,Li,แม่ลาน,Mae Lan
ลำพูน,Lamphun,ลี้,Li,ป่าไผ่,Pa Phai
ลำพูน,Lamphun,ลี้,Li,ศรีวิชัย,Si Wichai
ลำพูน,Lamphun,ทุ่งหัวช้าง,Thung Hua Chang,ทุ่งหัวช้าง,Thung Hua Chang
ลำพูน,Lamphun,ทุ่งหัวช้าง,Thung Hua Chang,บ้านปวง,Ban Puang
ลำพูน,Lamphun,ทุ่งหัวช้าง,Thung Hua Chang,ตะเคียนปม,Takhian Pom
ลำพูน,Lamphun,ป่าซาง,Pa Sang,ปากบ่อง,Pak Bong
ลำพูน,Lamphun,ป่าซาง,Pa Sang,ป่าซาง,Pa Sang
ลำพูน,Lamphun,ป่าซาง,Pa Sang,แม่แรง,Mae Raeng
ลำพูน,Lamphun,ป่าซาง,Pa Sang,ม่วงน้อย,Muang Noi
ลำพูน,Lamphun,ป่าซาง,Pa Sang,บ้านเรือน,Ban Ruean
ลำพูน,Lamphun,ป่าซาง,Pa Sang,มะกอก,Makok
ลำพูน,Lamphun,ป่าซาง,Pa Sang,ท่าตุ้ม,Tha Tum
ลำพูน,Lamphun,ป่าซาง,Pa Sang,น้ำดิบ,Nam Dip
ลำพูน,Lamphun,ป่าซาง,Pa Sang,นครเจดีย์,Nakhon Chedi
ลำพูน,Lamphun,บ้านธิ,Ban Thi,บ้านธิ,Ban Thi
ลำพูน,Lamphun,บ้านธิ,Ban Thi,ห้วยยาบ,Huai Yap
ลำพูน,Lamphun,เวียงหนองล่อง,Wiang Nong Long,หนองล่อง,Nong Long
ลำพูน,Lamphun,เวียงหนองล่อง,Wiang Nong Long,หนองยวง,Nong Yuang
ลำพูน,Lamphun,เวียงหนองล่อง,Wiang Nong Long,วังผาง,Wang Phang
ลำปาง,Lampang,เมืองลำปาง,Mueang Lampang,เวียงเหนือ,Wiang Nuea
ลำปาง,Lampang,เมืองลำปาง,Mueang Lampang,หัวเวียง,Hua Wiang
ลำปาง,Lampang,เมืองลำปาง,Mueang Lampang,สวนดอก,Suan Dok
ลำปาง,Lampang,เมืองลำปาง,Mueang Lampang,สบตุ๋ย,Sop Tui
ลำปาง,Lampang,เมืองลำปาง,Mueang Lampang,พระบาท,Phra Bat
ลำปาง,Lampang,เมืองลำปาง,Mueang Lampang,ชมพู,Chomphu
ลำปาง,Lampang,เมืองลำปาง,Mueang Lampang,กล้วยแพะ,Kluai Phae
ลำปาง,Lampang,เมืองลำปาง,Mueang Lampang,ปงแสนทอง,Pong Saen Thong
ลำปาง,Lampang,เมืองลำปาง,Mueang Lampang,บ้านแลง,Ban Laeng
ลำปาง,Lampang,เมืองลำปาง,Mueang Lampang,บ้านเสด็จ,Ban Sadet
ลำปาง,Lampang,เมืองลำปาง,Mueang Lampang,พิชัย,Phichai
ลำปาง,Lampang,เมืองลำปาง,Mueang Lampang,ทุ่งฝาย,Thung Fai
ลำปาง,Lampang,เมืองลำปาง,Mueang Lampang,บ้านเอื้อม,Ban Ueam
ลำปาง,Lampang,เมืองลำปาง,Mueang Lampang,บ้านเป้า,Ban Pao
ลำปาง,Lampang,เมืองลำปาง,Mueang Lampang,บ้านค่า,Ban Kha
ลำปาง,Lampang,เมืองลำปาง,Mueang Lampang,บ่อแฮ้ว,Bo Haeo
ลำปาง,Lampang,เมืองลำปาง,Mueang Lampang,ต้นธงชัย,Ton Thong Chai
ลำปาง,Lampang,เมืองลำปาง,Mueang Lampang,นิคมพัฒนา,Nikhom Phatthana
ลำปาง,Lampang,เมืองลำปาง,Mueang Lampang,บุญนาคพัฒนา,Bunnak Phatthana
ลำปาง,Lampang,แม่เมาะ,Mae Mo,บ้านดง,Ban Dong
ลำปาง,Lampang,แม่เมาะ,Mae Mo,นาสัก,Na Sak
ลำปาง,Lampang,แม่เมาะ,Mae Mo,จางเหนือ,Chang Nuea
ลำปาง,Lampang,แม่เมาะ,Mae Mo,แม่เมาะ,Mae Mo
ลำปาง,Lampang,แม่เมาะ,Mae Mo,สบป้าด,Sop Pat
ลำปาง,Lampang,เกาะคา,Ko Kha,ลำปางหลวง,Lampang Luang
ลำปาง,Lampang,เกาะคา,Ko Kha,นาแก้ว,Na Kaeo
ลำปาง,Lampang,เกาะคา,Ko Kha,ไหล่หิน,Lai Hin
ลำปาง,Lampang,เกาะคา,Ko Kha,วังพร้าว,Wang Phrao
ลำปาง,Lampang,เกาะคา,Ko Kha,ศาลา,Sala
ลำปาง,Lampang,เกาะคา,Ko Kha,เกาะคา,Ko Kha
ลำปาง,Lampang,เกาะคา,Ko Kha,นาแส่ง,Na Saeng
ลำปาง,Lampang,เกาะคา,Ko Kha,ท่าผา,Tha Pha
ลำปาง,Lampang,เกาะคา,Ko Kha,ใหม่พัฒนา,Mai Phatthana
ลำปาง,Lampang,เสริมงาม,Soem Ngam,ทุ่งงาม,Thung Ngam
ลำปาง,Lampang,เสริมงาม,Soem Ngam,เสริมขวา,Soem Khwa
ลำปาง,Lampang,เสริมงาม,Soem Ngam,เสริมซ้าย,Soem Sai
ลำปาง,Lampang,เสริมงาม,Soem Ngam,เสริมกลาง,Soem Klang
ลำปาง,Lampang,งาว,Ngao,หลวงเหนือ,Luang Nuea
ลำปาง,Lampang,งาว,Ngao,หลวงใต้,Luang Tai
ลำปาง,Lampang,งาว,Ngao,บ้านโป่ง,Ban Pong
ลำปาง,Lampang,งาว,Ngao,บ้านร้อง,Ban Rong
ลำปาง,Lampang,งาว,Ngao,ปงเตา,Pong Tao
ลำปาง,Lampang,งาว,Ngao,นาแก,Na Kae
ลำปาง,Lampang,งาว,Ngao,บ้านอ้อน,Ban On
ลำปาง,Lampang,งาว,Ngao,บ้านแหง,Ban Haeng
ลำปาง,Lampang,งาว,Ngao,บ้านหวด,Ban Huat
ลำปาง,Lampang,งาว,Ngao,แม่ตีบ,Mae Tip
ลำปาง,Lampang,แจ้ห่ม,Chae Hom,แจ้ห่ม,Chae Hom
ลำปาง,Lampang,แจ้ห่ม,Chae Hom,บ้านสา,Ban Sa
ลำปาง,Lampang,แจ้ห่ม,Chae Hom,ปงดอน,Pong Don
ลำปาง,Lampang,แจ้ห่ม,Chae Hom,แม่สุก,Mae Suk
ลำปาง,Lampang,แจ้ห่ม,Chae Hom,เมืองมาย,Mueang Mai
ลำปาง,Lampang,แจ้ห่ม,Chae Hom,ทุ่งผึ้ง,Thung Phueng
ลำปาง,Lampang,แจ้ห่ม,Chae Hom,วิเชตนคร,Wichet Nakhon
ลำปาง,Lampang,วังเหนือ,Wang Nuea,ทุ่งฮั้ว,Thung Hua
ลำปาง,Lampang,วังเหนือ,Wang Nuea,วังเหนือ,Wang Nuea
ลำปาง,Lampang,วังเหนือ,Wang Nuea,วังใต้,Wang Tai
ลำปาง,Lampang,วังเหนือ,Wang Nuea,ร่องเคาะ,Rong Kho
ลำปาง,Lampang,วังเหนือ,Wang Nuea,วังทอง,Wang Thong
ลำปาง,Lampang,วังเหนือ,Wang Nuea,วังซ้าย,Wang Sai
ลำปาง,Lampang,วังเหนือ,Wang Nuea,วังแก้ว,Wang Kaeo
ลำปาง,Lampang,วังเหนือ,Wang Nuea,วังทรายคำ,Wang Sai Kham
ลำปาง,Lampang,เถิน,Thoen,ล้อมแรด,Lom Raet
ลำปาง,Lampang,เถิน,Thoen,แม่วะ,Mae Wa
ลำปาง,Lampang,เถิน,Thoen,แม่ปะ,Mae Pa
ลำปาง,Lampang,เถิน,Thoen,แม่มอก,Mae Mok
ลำปาง,Lampang,เถิน,Thoen,เวียงมอก,Wiang Mok
ลำปาง,Lampang,เถิน,Thoen,นาโป่ง,Na Pong
ลำปาง,Lampang,เถิน,Thoen,แม่ถอด,Mae Thot
ลำปาง,Lampang,เถิน,Thoen,เถินบุรี,Thoen Buri
ลำปาง,Lampang,แม่พริก,Mae Phrik,แม่พริก,Mae Phrik
ลำปาง,Lampang,แม่พริก,Mae Phrik,ผาปัง,Pha Pang
ลำปาง,Lampang,แม่พริก,Mae Phrik,แม่ปุ,Mae Pu
ลำปาง,Lampang,แม่พริก,Mae Phrik,พระบาทวังตวง,Phra Bat Wang Tuang
ลำปาง,Lampang,แม่ทะ,Mae Tha,แม่ทะ,Mae Tha
ลำปาง,Lampang,แม่ทะ,Mae Tha,นาครัว,Na Khrua
ลำปาง,Lampang,แม่ทะ,Mae Tha,ป่าตัน,Pa Tan
ลำปาง,Lampang,แม่ทะ,Mae Tha,บ้านกิ่ว,Ban Kio
ลำปาง,Lampang,แม่ทะ,Mae Tha,บ้านบอม,Ban Bom
ลำปาง,Lampang,แม่ทะ,Mae Tha,น้ำโจ้,Nam Cho
ลำปาง,Lampang,แม่ทะ,Mae Tha,ดอนไฟ,Don Fai
ลำปาง,Lampang,แม่ทะ,Mae Tha,หัวเสือ,Hua Suea
ลำปาง,Lampang,แม่ทะ,Mae Tha,วังเงิน,Wang Ngoen
ลำปาง,Lampang,แม่ทะ,Mae Tha,สันดอนแก้ว,San Don Kaeo
ลำปาง,Lampang,สบปราบ,Sop Prap,สบปราบ,Sop Prap
ลำปาง,Lampang,สบปราบ,Sop Prap,สมัย,Samai
ลำปาง,Lampang,สบปราบ,Sop Prap,แม่กัวะ,Mae Kua
ลำปาง,Lampang,สบปราบ,Sop Prap,นายาง,Na Yang
ลำปาง,Lampang,ห้างฉัตร,Hang Chat,ห้างฉัตร,Hang Chat
ลำปาง,Lampang,ห้างฉัตร,Hang Chat,หนองหล่ม,Nong Lom
ลำปาง,Lampang,ห้างฉัตร,Hang Chat,เมืองยาว,Mueang Yao
ลำปาง,Lampang,ห้างฉัตร,Hang Chat,ปงยางคก,Pong Yang Khok
ลำปาง,Lampang,ห้างฉัตร,Hang Chat,เวียงตาล,Wiang Tan
ลำปาง,Lampang,ห้างฉัตร,Hang Chat,แม่สัน,Mae San
ลำปาง,Lampang,ห้างฉัตร,Hang Chat,วอแก้ว,Wo Kaeo
ลำปาง,Lampang,เมืองปาน,Mueang Pan,เมืองปาน,Mueang Pan
ลำปาง,Lampang,เมืองปาน,Mueang Pan,บ้านขอ,Ban Kho
ลำปาง,Lampang,เมืองปาน,Mueang Pan,ทุ่งกว๋าว,Thung Kwao
ลำปาง,Lampang,เมืองปาน,Mueang Pan,แจ้ซ้อน,Chae Son
ลำปาง,Lampang,เมืองปาน,Mueang Pan,หัวเมือง,Hua Mueang
อุตรดิตถ์,Uttaradit,เมืองอุตรดิตถ์,Mueang Uttaradit,ท่าอิฐ,Tha It
อุตรดิตถ์,Uttaradit,เมืองอุตรดิตถ์,Mueang Uttaradit,ท่าเสา,Tha Sao
อุตรดิตถ์,Uttaradit,เมืองอุตรดิตถ์,Mueang Uttaradit,บ้านเกาะ,Ban Ko
อุตรดิตถ์,Uttaradit,เมืองอุตรดิตถ์,Mueang Uttaradit,ป่าเซ่า,Pa Sao
อุตรดิตถ์,Uttaradit,เมืองอุตรดิตถ์,Mueang Uttaradit,คุ้งตะเภา,Khung Taphao
อุตรดิตถ์,Uttaradit,เมืองอุตรดิตถ์,Mueang Uttaradit,วังกะพี้,Wang Kaphi
อุตรดิตถ์,Uttaradit,เมืองอุตรดิตถ์,Mueang Uttaradit,หาดกรวด,Hat Kruat
อุตรดิตถ์,Uttaradit,เมืองอุตรดิตถ์,Mueang Uttaradit,น้ำริด,Nam Rit
อุตรดิตถ์,Uttaradit,เมืองอุตรดิตถ์,Mueang Uttaradit,งิ้วงาม,Ngio Ngam
อุตรดิตถ์,Uttaradit,เมืองอุตรดิตถ์,Mueang Uttaradit,บ้านด่านนาขาม,Ban Dan Na Kham
อุตรดิตถ์,Uttaradit,เมืองอุตรดิตถ์,Mueang Uttaradit,บ้านด่าน,Ban Dan
อุตรดิตถ์,Uttaradit,เมืองอุตรดิตถ์,Mueang Uttaradit,ผาจุก,Pha Chuk
อุตรดิตถ์,Uttaradit,เมืองอุตรดิตถ์,Mueang Uttaradit,วังดิน,Wang Din
อุตรดิตถ์,Uttaradit,เมืองอุตรดิตถ์,Mueang Uttaradit,แสนตอ,Saen To
อุตรดิตถ์,Uttaradit,เมืองอุตรดิตถ์,Mueang Uttaradit,หาดงิ้ว,Hat Ngio
อุตรดิตถ์,Uttaradit,เมืองอุตรดิตถ์,Mueang Uttaradit,ขุนฝาง,Khun Fang
อุตรดิตถ์,Uttaradit,เมืองอุตรดิตถ์,Mueang Uttaradit,ถ้ำฉลอง,Tham Chalong
อุตรดิตถ์,Uttaradit,ตรอน,Tron,วังแดง,Wang Daeng
อุตรดิตถ์,Uttaradit,ตรอน,Tron,บ้านแก่ง,Ban Kaeng
อุตรดิตถ์,Uttaradit,ตรอน,Tron,หาดสองแคว,Hat Song Khwae
อุตรดิตถ์,Uttaradit,ตรอน,Tron,น้ำอ่าง,Nam Ang
อุตรดิตถ์,Uttaradit,ตรอน,Tron,ข่อยสูง,Khoi Sung
อุตรดิตถ์,Uttaradit,ท่าปลา,Tha Pla,ท่าปลา,Tha Pla
อุตรดิตถ์,Uttaradit,ท่าปลา,Tha Pla,หาดล้า,Hat La
อุตรดิตถ์,Uttaradit,ท่าปลา,Tha Pla,ผาเลือด,Pha Lueat
อุตรดิตถ์,Uttaradit,ท่าปลา,Tha Pla,จริม,Charim
อุตรดิตถ์,Uttaradit,ท่าปลา,Tha Pla,น้ำหมัน,Nam Man
อุตรดิตถ์,Uttaradit,ท่าปลา,Tha Pla,ท่าแฝก,Tha Faek
อุตรดิตถ์,Uttaradit,ท่าปลา,Tha Pla,นางพญา,Nang Phaya
อุตรดิตถ์,Uttaradit,ท่าปลา,Tha Pla,ร่วมจิต,Ruam Chit
อุตรดิตถ์,Uttaradit,น้ำปาด,Nam Pat,แสนตอ,Saen To
อุตรดิตถ์,Uttaradit,น้ำปาด,Nam Pat,บ้านฝาย,Ban Fai
อุตรดิตถ์,Uttaradit,น้ำปาด,Nam Pat,เด่นเหล็ก,Den Lek
อุตรดิตถ์,Uttaradit,น้ำปาด,Nam Pat,น้ำไคร้,Nam Khrai
อุตรดิตถ์,Uttaradit,น้ำปาด,Nam Pat,น้ำไผ่,Nam Phai
อุตรดิตถ์,Uttaradit,น้ำปาด,Nam Pat,ห้วยมุ่น,Huai Mun
อุตรดิตถ์,Uttaradit,ฟากท่า,Fak Tha,ฟากท่า,Fak Tha
อุตรดิตถ์,Uttaradit,ฟากท่า,Fak Tha,สองคอน,Song Khon
อุตรดิตถ์,Uttaradit,ฟากท่า,Fak Tha,บ้านเสี้ยว,Ban Siao
อุตรดิตถ์,Uttaradit,ฟากท่า,Fak Tha,สองห้อง,Song Hong
อุตรดิตถ์,Uttaradit,บ้านโคก,Ban Khok,ม่วงเจ็ดต้น,Muang Chet Ton
อุตรดิตถ์,Uttaradit,บ้านโคก,Ban Khok,บ้านโคก,Ban Khok
อุตรดิตถ์,Uttaradit,บ้านโคก,Ban Khok,นาขุม,Na Khum
อุตรดิตถ์,Uttaradit,บ้านโคก,Ban Khok,บ่อเบี้ย,Bo Bia
อุตรดิตถ์,Uttaradit,พิชัย,Phichai,ในเมือง,Nai Mueang
อุตรดิตถ์,Uttaradit,พิชัย,Phichai,บ้านดารา,Ban Dara
อุตรดิตถ์,Uttaradit,พิชัย,Phichai,ไร่อ้อย,Rai Oi
อุตรดิตถ์,Uttaradit,พิชัย,Phichai,ท่าสัก,Tha Sak
อุตรดิตถ์,Uttaradit,พิชัย,Phichai,คอรุม,Kho Rum
อุตรดิตถ์,Uttaradit,พิชัย,Phichai,บ้านหม้อ,Ban Mo
อุตรดิตถ์,Uttaradit,พิชัย,Phichai,ท่ามะเฟือง,Tha Mafueang
อุตรดิตถ์,Uttaradit,พิชัย,Phichai,บ้านโคน,Ban Khon
อุตรดิตถ์,Uttaradit,พิชัย,Phichai,พญาแมน,Phaya Maen
อุตรดิตถ์,Uttaradit,พิชัย,Phichai,นาอิน,Na In
อุตรดิตถ์,Uttaradit,พิชัย,Phichai,นายาง,Na Yang
อุตรดิตถ์,Uttaradit,ลับแล,Laplae,ศรีพนมมาศ,Si Phanom Mat
อุตรดิตถ์,Uttaradit,ลับแล,Laplae,แม่พูล,Mae Phun
อุตรดิตถ์,Uttaradit,ลับแล,Laplae,นานกกก,Na Nok Kok
อุตรดิตถ์,Uttaradit,ลับแล,Laplae,ฝายหลวง,Fai Luang
อุตรดิตถ์,Uttaradit,ลับแล,Laplae,ชัยจุมพล,Chai Chumphon
อุตรดิตถ์,Uttaradit,ลับแล,Laplae,ไผ่ล้อม,Phai Lom
อุตรดิตถ์,Uttaradit,ลับแล,Laplae,ทุ่งยั้ง,Thung Yang
อุตรดิตถ์,Uttaradit,ลับแล,Laplae,ด่านแม่คำมัน,Dan Mae Kham Man
อุตรดิตถ์,Uttaradit,ทองแสนขัน,Thong Saen Khan,ผักขวง,Phak Khuang
อุตรดิตถ์,Uttaradit,ทองแสนขัน,Thong Saen Khan,บ่อทอง,Bo Thong
อุตรดิตถ์,Uttaradit,ทองแสนขัน,Thong Saen Khan,ป่าคาย,Pa Khai
อุตรดิตถ์,Uttaradit,ทองแสนขัน,Thong Saen Khan,น้ำพี้,Nam Phi
แพร่,Phrae,เมืองแพร่,Mueang Phrae,ในเวียง,Nai Wiang
แพร่,Phrae,เมืองแพร่,Mueang Phrae,นาจักร,Na Chak
แพร่,Phrae,เมืองแพร่,Mueang Phrae,น้ำชำ,Nam Cham
แพร่,Phrae,เมืองแพร่,Mueang Phrae,ป่าแดง,Pa Daeng
แพร่,Phrae,เมืองแพร่,Mueang Phrae,ทุ่งโฮ้ง,Thung Hong
แพร่,Phrae,เมืองแพร่,Mueang Phrae,เหมืองหม้อ,Mueang Mo
แพร่,Phrae,เมืองแพร่,Mueang Phrae,วังธง,Wang Thong
แพร่,Phrae,เมืองแพร่,Mueang Phrae,แม่หล่าย,Mae Lai
แพร่,Phrae,เมืองแพร่,Mueang Phrae,ห้วยม้า,Huai Ma
แพร่,Phrae,เมืองแพร่,Mueang Phrae,ป่าแมต,Pa Maet
แพร่,Phrae,เมืองแพร่,Mueang Phrae,บ้านถิ่น,Ban Thin
แพร่,Phrae,เมืองแพร่,Mueang Phrae,สวนเขื่อน,Suan Khuean
แพร่,Phrae,เมืองแพร่,Mueang Phrae,วังหงส์,Wang Hong
แพร่,Phrae,เมืองแพร่,Mueang Phrae,แม่คำมี,Mae Kham Mi
แพร่,Phrae,เมืองแพร่,Mueang Phrae,ทุ่งกวาว,Thung Kwao
แพร่,Phrae,เมืองแพร่,Mueang Phrae,ท่าข้าม,Tha Kham
แพร่,Phrae,เมืองแพร่,Mueang Phrae,แม่ยม,Mae Yom
แพร่,Phrae,เมืองแพร่,Mueang Phrae,ช่อแฮ,Cho Hae
แพร่,Phrae,เมืองแพร่,Mueang Phrae,ร่องฟอง,Rong Fong
แพร่,Phrae,เมืองแพร่,Mueang Phrae,กาญจนา,Kanchana
แพร่,Phrae,ร้องกวาง,Rong Kwang,ร้องกวาง,Rong Kwang
แพร่,Phrae,ร้องกวาง,Rong Kwang,ร้องเข็ม,Rong Khem
แพร่,Phrae,ร้องกวาง,Rong Kwang,น้ำเลา,Nam Lao
แพร่,Phrae,ร้องกวาง,Rong Kwang,บ้านเวียง,Ban Wiang
แพร่,Phrae,ร้องกวาง,Rong Kwang,ทุ่งศรี,Thung Si
แพร่,Phrae,ร้องกวาง,Rong Kwang,แม่ยางตาล,Mae Yang Tan
แพร่,Phrae,ร้องกวาง,Rong Kwang,แม่ยางฮ่อ,Mae Yang Ho
แพร่,Phrae,ร้องกวาง,Rong Kwang,ไผ่โทน,Phai Thon
แพร่,Phrae,ร้องกวาง,Rong Kwang,ห้วยโรง,Huai Rong
แพร่,Phrae,ร้องกวาง,Rong Kwang,แม่ทราย,Mae Sai
แพร่,Phrae,ร้องกวาง,Rong Kwang,แม่ยางร้อง,Mae Yang Rong
แพร่,Phrae,ลอง,Long,ห้วยอ้อ,Huai O
แพร่,Phrae,ลอง,Long,บ้านปิน,Ban Pin
แพร่,Phrae,ลอง,Long,ต้าผามอก,Ta Pha Mok
แพร่,Phrae,ลอง,Long,เวียงต้า,Wiang Ta
แพร่,Phrae,ลอง,Long,ปากกาง,Pak Kang
แพร่,Phrae,ลอง,Long,หัวทุ่ง,Hua Thung
แพร่,Phrae,ลอง,Long,ทุ่งแล้ง,Thung Laeng
แพร่,Phrae,ลอง,Long,บ่อเหล็กลอง,Bo Lek Long
แพร่,Phrae,ลอง,Long,แม่ปาน,Mae Pan
แพร่,Phrae,สูงเม่น,Sung Men,สูงเม่น,Sung Men
แพร่,Phrae,สูงเม่น,Sung Men,น้ำชำ,Nam Cham
แพร่,Phrae,สูงเม่น,Sung Men,หัวฝาย,Hua Fai
แพร่,Phrae,สูงเม่น,Sung Men,ดอนมูล,Don Mun
แพร่,Phrae,สูงเม่น,Sung Men,บ้านเหล่า,Ban Lao
แพร่,Phrae,สูงเม่น,Sung Men,บ้านกวาง,Ban Kwang
แพร่,Phrae,สูงเม่น,Sung Men,บ้านปง,Ban Pong
แพร่,Phrae,สูงเม่น,Sung Men,บ้านกาศ,Ban Kat
แพร่,Phrae,สูงเม่น,Sung Men,ร่องกาศ,Rong Kat
แพร่,Phrae,สูงเม่น,Sung Men,สบสาย,Sop Sai
แพร่,Phrae,สูงเม่น,Sung Men,เวียงทอง,Wiang Thong
แพร่,Phrae,สูงเม่น,Sung Men,พระหลวง,Phra Luang
แพร่,Phrae,เด่นชัย,Den Chai,เด่นชัย,Den Chai
แพร่,Phrae,เด่นชัย,Den Chai,แม่จั๊วะ,Mae Chua
แพร่,Phrae,เด่นชัย,Den Chai,ไทรย้อย,Sai Yoi
แพร่,Phrae,เด่นชัย,Den Chai,ห้วยไร่,Huai Rai
แพร่,Phrae,เด่นชัย,Den Chai,ปงป่าหวาย,Pong Pa Wai
แพร่,Phrae,สอง,Song,บ้านหนุน,Ban Nun
แพร่,Phrae,สอง,Song,บ้านกลาง,Ban Klang
แพร่,Phrae,สอง,Song,ห้วยหม้าย,Huai Mai
แพร่,Phrae,สอง,Song,เตาปูน,Tao Pun
แพร่,Phrae,สอง,Song,หัวเมือง,Hua Mueang
แพร่,Phrae,สอง,Song,สะเอียบ,Sa-iap
แพร่,Phrae,สอง,Song,แดนชุมพล,Daen Chumphon
แพร่,Phrae,สอง,Song,ทุ่งน้าว,Thung Nao
แพร่,Phrae,วังชิ้น,Wang Chin,วังชิ้น,Wang Chin
แพร่,Phrae,วังชิ้น,Wang Chin,สรอย,Saroi
แพร่,Phrae,วังชิ้น,Wang Chin,แม่ป้าก,Mae Pak
แพร่,Phrae,วังชิ้น,Wang Chin,นาพูน,Na Phun
แพร่,Phrae,วังชิ้น,Wang Chin,แม่พุง,Mae Phung
แพร่,Phrae,วังชิ้น,Wang Chin,ป่าสัก,Pa Sak
แพร่,Phrae,วังชิ้น,Wang Chin,แม่เกิ๋ง,Mae Koeng
แพร่,Phrae,หนองม่วงไข่,Nong Muang Khai,แม่คำมี,Mae Kham Mi
แพร่,Phrae,หนองม่วงไข่,Nong Muang Khai,หนองม่วงไข่,Nong Muang Khai
แพร่,Phrae,หนองม่วงไข่,Nong Muang Khai,น้ำรัด,Nam Rat
แพร่,Phrae,หนองม่วงไข่,Nong Muang Khai,วังหลวง,Wang Luang
แพร่,Phrae,หนองม่วงไข่,Nong Muang Khai,ตำหนักธรรม,Tamnak Tham
แพร่,Phrae,หนองม่วงไข่,Nong Muang Khai,ทุ่งแค้ว,Thung Khaeo
น่าน,Nan,เมืองน่าน,Mueang Nan,ในเวียง,Nai Wiang
น่าน,Nan,เมืองน่าน,Mueang Nan,บ่อ,Bo
น่าน,Nan,เมืองน่าน,Mueang Nan,ผาสิงห์,Pha Sing
น่าน,Nan,เมืองน่าน,Mueang Nan,ไชยสถาน,Chai Sathan
น่าน,Nan,เมืองน่าน,Mueang Nan,ถืมตอง,Thuem Tong
น่าน,Nan,เมืองน่าน,Mueang Nan,เรือง,Rueang
น่าน,Nan,เมืองน่าน,Mueang Nan,นาซาว,Na Sao
น่าน,Nan,เมืองน่าน,Mueang Nan,ดู่ใต้,Du Tai
น่าน,Nan,เมืองน่าน,Mueang Nan,กองควาย,Kong Khwai
น่าน,Nan,เมืองน่าน,Mueang Nan,สวก,Suak
น่าน,Nan,เมืองน่าน,Mueang Nan,สะเนียน,Sanian
น่าน,Nan,แม่จริม,Mae Charim,หนองแดง,Nong Daeng
น่าน,Nan,แม่จริม,Mae Charim,หมอเมือง,Mo Mueang
น่าน,Nan,แม่จริม,Mae Charim,น้ำพาง,Nam Phang
น่าน,Nan,แม่จริม,Mae Charim,น้ำปาย,Nam Pai
น่าน,Nan,แม่จริม,Mae Charim,แม่จริม,Mae Charim
น่าน,Nan,บ้านหลวง,Ban Luang,บ้านฟ้า,Ban Fa
น่าน,Nan,บ้านหลวง,Ban Luang,ป่าคาหลวง,Pa Kha Luang
น่าน,Nan,บ้านหลวง,Ban Luang,สวด,Suat
น่าน,Nan,บ้านหลวง,Ban Luang,บ้านพี้,Ban Phi
น่าน,Nan,นาน้อย,Na Noi,นาน้อย,Na Noi
น่าน,Nan,นาน้อย,Na Noi,เชียงของ,Chiang Khong
น่าน,Nan,นาน้อย,Na Noi,ศรีษะเกษ,Sisaket
น่าน,Nan,นาน้อย,Na Noi,สถาน,Sathan
น่าน,Nan,นาน้อย,Na Noi,สันทะ,Santha
น่าน,Nan,นาน้อย,Na Noi,บัวใหญ่,Bua Yai
น่าน,Nan,นาน้อย,Na Noi,น้ำตก,Nam Tok
น่าน,Nan,ปัว,Pua,ปัว,Pua
น่าน,Nan,ปัว,Pua,แงง,Ngaeng
น่าน,Nan,ปัว,Pua,สถาน,Sathan
น่าน,Nan,ปัว,Pua,ศิลาแลง,Sila Laeng
น่าน,Nan,ปัว,Pua,ศิลาเพชร,Sila Phet
น่าน,Nan,ปัว,Pua,อวน,Uan
น่าน,Nan,ปัว,Pua,ไชยวัฒนา,Chai Watthana
น่าน,Nan,ปัว,Pua,เจดีย์ชัย,Chedi Chai
น่าน,Nan,ปัว,Pua,ภูคา,Phu Kha
น่าน,Nan,ปัว,Pua,สกาด,Sakat
น่าน,Nan,ปัว,Pua,ป่ากลาง,Pa Klang
น่าน,Nan,ปัว,Pua,วรนคร,Woranakhon
น่าน,Nan,ท่าวังผา,Tha Wang Pha,ริม,Rim
น่าน,Nan,ท่าวังผา,Tha Wang Pha,ป่าคา,Pa Kha
น่าน,Nan,ท่าวังผา,Tha Wang Pha,ผาตอ,Pha To
น่าน,Nan,ท่าวังผา,Tha Wang Pha,ยม,Yom
น่าน,Nan,ท่าวังผา,Tha Wang Pha,ตาลชุม,Tan Chum
น่าน,Nan,ท่าวังผา,Tha Wang Pha,ศรีภูมิ,Si Phum
น่าน,Nan,ท่าวังผา,Tha Wang Pha,จอมพระ,Chom Phra
น่าน,Nan,ท่าวังผา,Tha Wang Pha,แสนทอง,Saen Thong
น่าน,Nan,ท่าวังผา,Tha Wang Pha,ท่าวังผา,Tha Wang Pha
น่าน,Nan,ท่าวังผา,Tha Wang Pha,ผาทอง,Pha Thong
น่าน,Nan,เวียงสา,Wiang Sa,กลางเวียง,Klang Wiang
น่าน,Nan,เวียงสา,Wiang Sa,ขึ่ง,Khueng
น่าน,Nan,เวียงสา,Wiang Sa,ไหล่น่าน,Lai Nan
น่าน,Nan,เวียงสา,Wiang Sa,ตาลชุม,Tan Chum
น่าน,Nan,เวียงสา,Wiang Sa,นาเหลือง,Na Lueang
น่าน,Nan,เวียงสา,Wiang Sa,ส้าน,San
น่าน,Nan,เวียงสา,Wiang Sa,น้ำมวบ,Nam Muap
น่าน,Nan,เวียงสา,Wiang Sa,น้ำปั้ว,Nam Pua
น่าน,Nan,เวียงสา,Wiang Sa,ยาบหัวนา,Yap Hua Na
น่าน,Nan,เวียงสา,Wiang Sa,ปงสนุก,Pong Sanuk
น่าน,Nan,เวียงสา,Wiang Sa,อ่ายนาไลย,Ai Na Lai
น่าน,Nan,เวียงสา,Wiang Sa,ส้านนาหนองใหม่,San Na Nong Mai
น่าน,Nan,เวียงสา,Wiang Sa,แม่ขะนิง,Mae Khaning
น่าน,Nan,เวียงสา,Wiang Sa,แม่สาคร,Mae Sakhon
น่าน,Nan,เวียงสา,Wiang Sa,จอมจันทร์,Chom Chan
น่าน,Nan,เวียงสา,Wiang Sa,แม่สา,Mae Sa
น่าน,Nan,เวียงสา,Wiang Sa,ทุ่งศรีทอง,Thung Si Thong
น่าน,Nan,ทุ่งช้าง,Thung Chang,ปอน,Pon
น่าน,Nan,ทุ่งช้าง,Thung Chang,งอบ,Ngop
น่าน,Nan,ทุ่งช้าง,Thung Chang,และ,Lae
น่าน,Nan,ทุ่งช้าง,Thung Chang,ทุ่งช้าง,Thung Chang
น่าน,Nan,เชียงกลาง,Chiang Klang,เชียงกลาง,Chiang Klang
น่าน,Nan,เชียงกลาง,Chiang Klang,เปือ,Puea
น่าน,Nan,เชียงกลาง,Chiang Klang,เชียงคาน,Chiang Khan
น่าน,Nan,เชียงกลาง,Chiang Klang,พระธาตุ,Phra That
น่าน,Nan,เชียงกลาง,Chiang Klang,พญาแก้ว,Phaya Kaeo
น่าน,Nan,เชียงกลาง,Chiang Klang,พระพุทธบาท,Phra Phutthabat
น่าน,Nan,นาหมื่น,Na Muen,นาทะนุง,Na Thanung
น่าน,Nan,นาหมื่น,Na Muen,บ่อแก้ว,Bo Kaeo
น่าน,Nan,นาหมื่น,Na Muen,เมืองลี,Mueang Li
น่าน,Nan,นาหมื่น,Na Muen,ปิงหลวง,Ping Luang
น่าน,Nan,สันติสุข,Santi Suk,ดู่พงษ์,Du Phong
น่าน,Nan,สันติสุข,Santi Suk,ป่าแลวหลวง,Pa Laeo Luang
น่าน,Nan,สันติสุข,Santi Suk,พงษ์,Phong
น่าน,Nan,บ่อเกลือ,Bo Kluea,บ่อเกลือเหนือ,Bo Kluea Nuea
น่าน,Nan,บ่อเกลือ,Bo Kluea,บ่อเกลือใต้,Bo Kluea Tai
น่าน,Nan,บ่อเกลือ,Bo Kluea,ภูฟ้า,Phu Fa
น่าน,Nan,บ่อเกลือ,Bo Kluea,ดงพญา,Dong Phaya
น่าน,Nan,สองแคว,Song Khwae,นาไร่หลวง,Na Rai Luang
น่าน,Nan,สองแคว,Song Khwae,ชนแดน,Chon Daen
น่าน,Nan,สองแคว,Song Khwae,ยอด,Yot
น่าน,Nan,ภูเพียง,Phu Phiang,ม่วงตึ๊ด,Muang Tuet
น่าน,Nan,ภูเพียง,Phu Phiang,นาปัง,Na Pang
น่าน,Nan,ภูเพียง,Phu Phiang,น้ำแก่น,Nam Kaen
น่าน,Nan,ภูเพียง,Phu Phiang,น้ำเกี๋ยน,Nam Kian
น่าน,Nan,ภูเพียง,Phu Phiang,เมืองจัง,Mueang Chang
น่าน,Nan,ภูเพียง,Phu Phiang,ท่าน้าว,Tha Nao
น่าน,Nan,ภูเพียง,Phu Phiang,ฝายแก้ว,Fai Kaeo
น่าน,Nan,เฉลิมพระเกียรติ,Chaloem Phra Kiat,ห้วยโก๋น,Huai Kon
น่าน,Nan,เฉลิมพระเกียรติ,Chaloem Phra Kiat,ขุนน่าน,Khun Nan
พะเยา,Phayao,เมืองพะเยา,Mueang Phayao,เวียง,Wiang
พะเยา,Phayao,เมืองพะเยา,Mueang Phayao,แม่ต๋ำ,Mae Tam
พะเยา,Phayao,เมืองพะเยา,Mueang Phayao,แม่นาเรือ,Mae Na Ruea
พะเยา,Phayao,เมืองพะเยา,Mueang Phayao,บ้านตุ่น,Ban Tun
พะเยา,Phayao,เมืองพะเยา,Mueang Phayao,บ้านต๊ำ,Ban Tam
พะเยา,Phayao,เมืองพะเยา,Mueang Phayao,บ้านต๋อม,Ban Tom
พะเยา,Phayao,เมืองพะเยา,Mueang Phayao,แม่ปืม,Mae Puem
พะเยา,Phayao,เมืองพะเยา,Mueang Phayao,แม่กา,Mae Ka
พะเยา,Phayao,เมืองพะเยา,Mueang Phayao,บ้านใหม่,Ban Mai
พะเยา,Phayao,เมืองพะเยา,Mueang Phayao,จำป่าหวาย,Cham Pa Wai
พะเยา,Phayao,เมืองพะเยา,Mueang Phayao,ท่าวังทอง,Tha Wang Thong
พะเยา,Phayao,เมืองพะเยา,Mueang Phayao,แม่ใส,Mae Sai
พะเยา,Phayao,เมืองพะเยา,Mueang Phayao,บ้านสาง,Ban Sang
พะเยา,Phayao,เมืองพะเยา,Mueang Phayao,ท่าจำปี,Tha Champi
พะเยา,Phayao,เมืองพะเยา,Mueang Phayao,สันป่าม่วง,San Pa Muang
พะเยา,Phayao,จุน,Chun,ห้วยข้าวก่ำ,Huai Khao Kam
พะเยา,Phayao,จุน,Chun,จุน,Chun
พะเยา,Phayao,จุน,Chun,ลอ,Lo
พะเยา,Phayao,จุน,Chun,หงส์หิน,Hong Hin
พะเยา,Phayao,จุน,Chun,ทุ่งรวงทอง,Thung Ruang Thong
พะเยา,Phayao,จุน,Chun,ห้วยยางขาม,Huai Yang Kham
พะเยา,Phayao,จุน,Chun,พระธาตุขิงแกง,Phra That Khing Kaeng
พะเยา,Phayao,เชียงคำ,Chiang Kham,หย่วน,Yuan
พะเยา,Phayao,เชียงคำ,Chiang Kham,น้ำแวน,Nam Waen
พะเยา,Phayao,เชียงคำ,Chiang Kham,เวียง,Wiang
พะเยา,Phayao,เชียงคำ,Chiang Kham,ฝายกวาง,Fai Kwang
พะเยา,Phayao,เชียงคำ,Chiang Kham,เจดีย์คำ,Chedi Kham
พะเยา,Phayao,เชียงคำ,Chiang Kham,ร่มเย็น,Rom Yen
พะเยา,Phayao,เชียงคำ,Chiang Kham,เชียงบาน,Chiang Ban
พะเยา,Phayao,เชียงคำ,Chiang Kham,แม่ลาว,Mae Lao
พะเยา,Phayao,เชียงคำ,Chiang Kham,อ่างทอง,Ang Thong
พะเยา,Phayao,เชียงคำ,Chiang Kham,ทุ่งผาสุข,Thung Pha Suk
พะเยา,Phayao,เชียงม่วน,Chiang Muan,เชียงม่วน,Chiang Muan
พะเยา,Phayao,เชียงม่วน,Chiang Muan,บ้านมาง,Ban Mang
พะเยา,Phayao,เชียงม่วน,Chiang Muan,สระ,Sa
พะเยา,Phayao,ดอกคำใต้,Dok Khamtai,ดอกคำใต้,Dok Khamtai
พะเยา,Phayao,ดอกคำใต้,Dok Khamtai,ดอนศรีชุม,Don Si Chum
พะเยา,Phayao,ดอกคำใต้,Dok Khamtai,บ้านถ้ำ,Ban Tham
พะเยา,Phayao,ดอกคำใต้,Dok Khamtai,บ้านปิน,Ban Pin
พะเยา,Phayao,ดอกคำใต้,Dok Khamtai,ห้วยลาน,Huai Lan
พะเยา,Phayao,ดอกคำใต้,Dok Khamtai,สันโค้ง,San Khong
พะเยา,Phayao,ดอกคำใต้,Dok Khamtai,ป่าซาง,Pa Sang
พะเยา,Phayao,ดอกคำใต้,Dok Khamtai,หนองหล่ม,Nong Lom
พะเยา,Phayao,ดอกคำใต้,Dok Khamtai,ดงสุวรรณ,Dong Suwan
พะเยา,Phayao,ดอกคำใต้,Dok Khamtai,บุญเกิด,Bun Koet
พะเยา,Phayao,ดอกคำใต้,Dok Khamtai,สว่างอารมณ์,Sawang Arom
พะเยา,Phayao,ดอกคำใต้,Dok Khamtai,คือเวียง,Khue Wiang
พะเยา,Phayao,ปง,Pong,ปง,Pong
พะเยา,Phayao,ปง,Pong,ควร,Khuan
พะเยา,Phayao,ปง,Pong,ออย,Oi
พะเยา,Phayao,ปง,Pong,งิม,Ngim
พะเยา,Phayao,ปง,Pong,ผาช้างน้อย,Pha Chang Noi
พะเยา,Phayao,ปง,Pong,นาปรัง,Na Prang
พะเยา,Phayao,ปง,Pong,ขุนควร,Khun Khuan
พะเยา,Phayao,แม่ใจ,Mae Chai,แม่ใจ,Mae Chai
พะเยา,Phayao,แม่ใจ,Mae Chai,ศรีถ้อย,Si Thoi
พะเยา,Phayao,แม่ใจ,Mae Chai,แม่สุก,Mae Suk
พะเยา,Phayao,แม่ใจ,Mae Chai,ป่าแฝก,Pa Faek
พะเยา,Phayao,แม่ใจ,Mae Chai,บ้านเหล่า,Ban Lao
พะเยา,Phayao,แม่ใจ,Mae Chai,เจริญราษฎร์,Charoen Rat
พะเยา,Phayao,ภูซาง,Phu Sang,ภูซาง,Phu Sang
พะเยา,Phayao,ภูซาง,Phu Sang,ป่าสัก,Pa Sak
พะเยา,Phayao,ภูซาง,Phu Sang,ทุ่งกล้วย,Thung Kluai
พะเยา,Phayao,ภูซาง,Phu Sang,เชียงแรง,Chiang Raeng
พะเยา,Phayao,ภูซาง,Phu Sang,สบบง,Sop Bong
พะเยา,Phayao,ภูกามยาว,Phu Kamyao,ห้วยแก้ว,Huai Kaeo
พะเยา,Phayao,ภูกามยาว,Phu Kamyao,ดงเจน,Dong Chen
พะเยา,Phayao,ภูกามยาว,Phu Kamyao,แม่อิง,Mae Ing
เชียงราย,Chiang Rai,เมืองเชียงราย,Mueang Chiang Rai,เวียง,Wiang
เชียงราย,Chiang Rai,เมืองเชียงราย,Mueang Chiang Rai,รอบเวียง,Rop Wiang
เชียงราย,Chiang Rai,เมืองเชียงราย,Mueang Chiang Rai,บ้านดู่,Ban Du
เชียงราย,Chiang Rai,เมืองเชียงราย,Mueang Chiang Rai,นางแล,Nang Lae
เชียงราย,Chiang Rai,เมืองเชียงราย,Mueang Chiang Rai,แม่ข้าวต้ม,Mae Khao Tom
เชียงราย,Chiang Rai,เมืองเชียงราย,Mueang Chiang Rai,แม่ยาว,Mae Yao
เชียงราย,Chiang Rai,เมืองเชียงราย,Mueang Chiang Rai,สันทราย,San Sai
เชียงราย,Chiang Rai,เมืองเชียงราย,Mueang Chiang Rai,แม่กรณ์,Mae Kon
เชียงราย,Chiang Rai,เมืองเชียงราย,Mueang Chiang Rai,ห้วยชมภู,Huai Chomphu
เชียงราย,Chiang Rai,เมืองเชียงราย,Mueang Chiang Rai,ห้วยสัก,Huai Sak
เชียงราย,Chiang Rai,เมืองเชียงราย,Mueang Chiang Rai,ริมกก,Rim Kok
เชียงราย,Chiang Rai,เมืองเชียงราย,Mueang Chiang Rai,ดอยลาน,Doi Lan
เชียงราย,Chiang Rai,เมืองเชียงราย,Mueang Chiang Rai,ป่าอ้อดอนชัย,Pa O Don Chai
เชียงราย,Chiang Rai,เมืองเชียงราย,Mueang Chiang Rai,ท่าสาย,Tha Sai
เชียงราย,Chiang Rai,เมืองเชียงราย,Mueang Chiang Rai,ดอยฮาง,Doi Hang
เชียงราย,Chiang Rai,เมืองเชียงราย,Mueang Chiang Rai,ท่าสุด,Tha Sut
เชียงราย,Chiang Rai,เวียงชัย,Wiang Chai,เวียงชัย,Wiang Chai
เชียงราย,Chiang Rai,เวียงชัย,Wiang Chai,ผางาม,Pha Ngam
เชียงราย,Chiang Rai,เวียงชัย,Wiang Chai,เวียงเหนือ,Wiang Nuea
เชียงราย,Chiang Rai,เวียงชัย,Wiang Chai,ดอนศิลา,Don Sila
เชียงราย,Chiang Rai,เวียงชัย,Wiang Chai,เมืองชุม,Mueang Chum
เชียงราย,Chiang Rai,เชียงของ,Chiang Khong,เวียง,Wiang
เชียงราย,Chiang Rai,เชียงของ,Chiang Khong,สถาน,Sathan
เชียงราย,Chiang Rai,เชียงของ,Chiang Khong,ครึ่ง,Khrueng
เชียงราย,Chiang Rai,เชียงของ,Chiang Khong,บุญเรือง,Bun Rueang
เชียงราย,Chiang Rai,เชียงของ,Chiang Khong,ห้วยซ้อ,Huai So
เชียงราย,Chiang Rai,เชียงของ,Chiang Khong,ศรีดอนชัย,Si Don Chai
เชียงราย,Chiang Rai,เชียงของ,Chiang Khong,ริมโขง,Rim Khong
เชียงราย,Chiang Rai,เทิง,Thoeng,เวียง,Wiang
เชียงราย,Chiang Rai,เทิง,Thoeng,งิ้ว,Ngio
เชียงราย,Chiang Rai,เทิง,Thoeng,ปล้อง,Plong
เชียงราย,Chiang Rai,เทิง,Thoeng,แม่ลอย,Mae Loi
เชียงราย,Chiang Rai,เทิง,Thoeng,เชียงเคี่ยน,Chiang Khian
เชียงราย,Chiang Rai,เทิง,Thoeng,ตับเต่า,Tap Tao
เชียงราย,Chiang Rai,เทิง,Thoeng,หงาว,Ngao
เชียงราย,Chiang Rai,เทิง,Thoeng,สันทรายงาม,San Sai Ngam
เชียงราย,Chiang Rai,เทิง,Thoeng,ศรีดอนไชย,Si Don Chai
เชียงราย,Chiang Rai,เทิง,Thoeng,หนองแรด,Nong Raet
เชียงราย,Chiang Rai,พาน,Phan,สันมะเค็ด,San Makhet
เชียงราย,Chiang Rai,พาน,Phan,แม่อ้อ,Mae O
เชียงราย,Chiang Rai,พาน,Phan,ธารทอง,Than Thong
เชียงราย,Chiang Rai,พาน,Phan,สันติสุข,Santi Suk
เชียงราย,Chiang Rai,พาน,Phan,ดอยงาม,Doi Ngam
เชียงราย,Chiang Rai,พาน,Phan,หัวง้ม,Hua Ngom
เชียงราย,Chiang Rai,พาน,Phan,เจริญเมือง,Charoen Mueang
เชียงราย,Chiang Rai,พาน,Phan,ป่าหุ่ง,Pa Hung
เชียงราย,Chiang Rai,พาน,Phan,ม่วงคำ,Muang Kham
เชียงราย,Chiang Rai,พาน,Phan,ทรายขาว,Sai Khao
เชียงราย,Chiang Rai,พาน,Phan,สันกลาง,San Klang
เชียงราย,Chiang Rai,พาน,Phan,แม่เย็น,Mae Yen
เชียงราย,Chiang Rai,พาน,Phan,เมืองพาน,Mueang Phan
เชียงราย,Chiang Rai,พาน,Phan,ทานตะวัน,Than Tawan
เชียงราย,Chiang Rai,พาน,Phan,เวียงห้าว,Wiang Hao
เชียงราย,Chiang Rai,ป่าแดด,Pa Daet,ป่าแดด,Pa Daet
เชียงราย,Chiang Rai,ป่าแดด,Pa Daet,ป่าแงะ,Pa Ngae
เชียงราย,Chiang Rai,ป่าแดด,Pa Daet,สันมะค่า,San Makha
เชียงราย,Chiang Rai,ป่าแดด,Pa Daet,โรงช้าง,Rong Chang
เชียงราย,Chiang Rai,ป่าแดด,Pa Daet,ศรีโพธิ์เงิน,Si Pho Ngoen
เชียงราย,Chiang Rai,แม่จัน,Mae Chan,แม่จัน,Mae Chan
เชียงราย,Chiang Rai,แม่จัน,Mae Chan,จันจว้า,Chan Chwa
เชียงราย,Chiang Rai,แม่จัน,Mae Chan,แม่คำ,Mae Kham
เชียงราย,Chiang Rai,แม่จัน,Mae Chan,ป่าซาง,Pa Sang
เชียงราย,Chiang Rai,แม่จัน,Mae Chan,สันทราย,San Sai
เชียงราย,Chiang Rai,แม่จัน,Mae Chan,ท่าข้าวเปลือก,Tha Khao Plueak
เชียงราย,Chiang Rai,แม่จัน,Mae Chan,ป่าตึง,Pa Tueng
เชียงราย,Chiang Rai,แม่จัน,Mae Chan,แม่ไร่,Mae Rai
เชียงราย,Chiang Rai,แม่จัน,Mae Chan,ศรีค้ำ,Si Kham
เชียงราย,Chiang Rai,แม่จัน,Mae Chan,จันจว้าใต้,Chan Chwa Tai
เชียงราย,Chiang Rai,แม่จัน,Mae Chan,จอมสวรรค์,Chom Sawan
เชียงราย,Chiang Rai,เชียงแสน,Chiang Saen,เวียง,Wiang
เชียงราย,Chiang Rai,เชียงแสน,Chiang Saen,ป่าสัก,Pa Sak
เชียงราย,Chiang Rai,เชียงแสน,Chiang Saen,บ้านแซว,Ban Saeo
เชียงราย,Chiang Rai,เชียงแสน,Chiang Saen,ศรีดอนมูล,Si Don Mun
เชียงราย,Chiang Rai,เชียงแสน,Chiang Saen,แม่เงิน,Mae Ngoen
เชียงราย,Chiang Rai,เชียงแสน,Chiang Saen,โยนก,Yonok
เชียงราย,Chiang Rai,แม่สาย,Mae Sai,แม่สาย,Mae Sai
เชียงราย,Chiang Rai,แม่สาย,Mae Sai,ห้วยไคร้,Huai Khrai
เชียงราย,Chiang Rai,แม่สาย,Mae Sai,เกาะช้าง,Ko Chang
เชียงราย,Chiang Rai,แม่สาย,Mae Sai,โป่งผา,Pong Pha
เชียงราย,Chiang Rai,แม่สาย,Mae Sai,ศรีเมืองชุม,Si Mueang Chum
เชียงราย,Chiang Rai,แม่สาย,Mae Sai,เวียงพางคำ,Wiang Phang Kham
เชียงราย,Chiang Rai,แม่สาย,Mae Sai,บ้านด้าย,Ban Dai
เชียงราย,Chiang Rai,แม่สาย,Mae Sai,โป่งงาม,Pong Ngam
เชียงราย,Chiang Rai,แม่สรวย,Mae Suai,แม่สรวย,Mae Suai
เชียงราย,Chiang Rai,แม่สรวย,Mae Suai,ป่าแดด,Pa Daet
เชียงราย,Chiang Rai,แม่สรวย,Mae Suai,แม่พริก,Mae Phrik
เชียงราย,Chiang Rai,แม่สรวย,Mae Suai,ศรีถ้อย,Si Thoi
เชียงราย,Chiang Rai,แม่สรวย,Mae Suai,ท่าก๊อ,Tha Ko
เชียงราย,Chiang Rai,แม่สรวย,Mae Suai,วาวี,Wawi
เชียงราย,Chiang Rai,แม่สรวย,Mae Suai,เจดีย์หลวง,Chedi Luang
เชียงราย,Chiang Rai,เวียงป่าเป้า,Wiang Pa Pao,สันสลี,San Sali
เชียงราย,Chiang Rai,เวียงป่าเป้า,Wiang Pa Pao,เวียง,Wiang
เชียงราย,Chiang Rai,เวียงป่าเป้า,Wiang Pa Pao,บ้านโป่ง,Ban Pong
เชียงราย,Chiang Rai,เวียงป่าเป้า,Wiang Pa Pao,ป่างิ้ว,Pa Ngio
เชียงราย,Chiang Rai,เวียงป่าเป้า,Wiang Pa Pao,เวียงกาหลง,Wiang Kalong
เชียงราย,Chiang Rai,เวียงป่าเป้า,Wiang Pa Pao,แม่เจดีย์,Mae Chedi
เชียงราย,Chiang Rai,เวียงป่าเป้า,Wiang Pa Pao,แม่เจดีย์ใหม่,Mae Chedi Mai
เชียงราย,Chiang Rai,พญาเม็งราย,Phaya Mengrai,แม่เปา,Mae Pao
เชียงราย,Chiang Rai,พญาเม็งราย,Phaya Mengrai,แม่ต๋ำ,Mae Tam
เชียงราย,Chiang Rai,พญาเม็งราย,Phaya Mengrai,ไม้ยา,Mai Ya
เชียงราย,Chiang Rai,พญาเม็งราย,Phaya Mengrai,เม็งราย,Mengrai
เชียงราย,Chiang Rai,พญาเม็งราย,Phaya Mengrai,ตาดควัน,Tat Khwan
เชียงราย,Chiang Rai,เวียงแก่น,Wiang Kaen,ม่วงยาย,Muang Yai
เชียงราย,Chiang Rai,เวียงแก่น,Wiang Kaen,ปอ,Por
เชียงราย,Chiang Rai,เวียงแก่น,Wiang Kaen,หล่ายงาว,Lai Ngao
เชียงราย,Chiang Rai,เวียงแก่น,Wiang Kaen,ท่าข้าม,Tha Kham
เชียงราย,Chiang Rai,ขุนตาล,Khun Tan,ต้า,Ta
เชียงราย,Chiang Rai,ขุนตาล,Khun Tan,ป่าตาล,Pa Tan
เชียงราย,Chiang Rai,ขุนตาล,Khun Tan,ยางฮอม,Yang Hom
เชียงราย,Chiang Rai,แม่ฟ้าหลวง,Mae Fa Luang,เทอดไทย,Thoet Thai
เชียงราย,Chiang Rai,แม่ฟ้าหลวง,Mae Fa Luang,แม่สลองใน,Mae Salong Nai
เชียงราย,Chiang Rai,แม่ฟ้าหลวง,Mae Fa Luang,แม่สลองนอก,Mae Salong Nok
เชียงราย,Chiang Rai,แม่ฟ้าหลวง,Mae Fa Luang,แม่ฟ้าหลวง,Mae Fa Luang
เชียงราย,Chiang Rai,แม่ลาว,Mae Lao,ดงมะดะ,Dong Mada
เชียงราย,Chiang Rai,แม่ลาว,Mae Lao,จอมหมอกแก้ว,Chom Mok Kaeo
เชียงราย,Chiang Rai,แม่ลาว,Mae Lao,บัวสลี,Bua Sali
เชียงราย,Chiang Rai,แม่ลาว,Mae Lao,ป่าก่อดำ,Pa Ko Dam
เชียงราย,Chiang Rai,แม่ลาว,Mae Lao,โป่งแพร่,Pong Phrae
เชียงราย,Chiang Rai,เวียงเชียงรุ้ง,Wiang Chiang Rung,ทุ่งก่อ,Thung Ko
เชียงราย,Chiang Rai,เวียงเชียงรุ้ง,Wiang Chiang Rung,ดงมหาวัน,Dong Maha Wan
เชียงราย,Chiang Rai,เวียงเชียงรุ้ง,Wiang Chiang Rung,ป่าซาง,Pa Sang
เชียงราย,Chiang Rai,ดอยหลวง,Doi Luang,ปงน้อย,Pong Noi
เชียงราย,Chiang Rai,ดอยหลวง,Doi Luang,โชคชัย,Chok Chai
เชียงราย,Chiang Rai,ดอยหลวง,Doi Luang,หนองป่าก่อ,Nong Pa Ko
แม่ฮ่องสอน,Mae Hong Son,เมืองแม่ฮ่องสอน,Mueang Mae Hong Son,จองคำ,Chong Kham
แม่ฮ่องสอน,Mae Hong Son,เมืองแม่ฮ่องสอน,Mueang Mae Hong Son,ห้วยโป่ง,Huai Pong
แม่ฮ่องสอน,Mae Hong Son,เมืองแม่ฮ่องสอน,Mueang Mae Hong Son,ผาบ่อง,Pha Bong
แม่ฮ่องสอน,Mae Hong Son,เมืองแม่ฮ่องสอน,Mueang Mae Hong Son,ปางหมู,Pang Mu
แม่ฮ่องสอน,Mae Hong Son,เมืองแม่ฮ่องสอน,Mueang Mae Hong Son,หมอกจำแป่,Mok Champae
แม่ฮ่องสอน,Mae Hong Son,เมืองแม่ฮ่องสอน,Mueang Mae Hong Son,ห้วยผา,Huai Pha
แม่ฮ่องสอน,Mae Hong Son,เมืองแม่ฮ่องสอน,Mueang Mae Hong Son,ห้วยปูลิง,Huai Pu Ling
แม่ฮ่องสอน,Mae Hong Son,ขุนยวม,Khun Yuam,ขุนยวม,Khun Yuam
แม่ฮ่องสอน,Mae Hong Son,ขุนยวม,Khun Yuam,แม่เงา,Mae Ngao
แม่ฮ่องสอน,Mae Hong Son,ขุนยวม,Khun Yuam,เมืองปอน,Mueang Pon
แม่ฮ่องสอน,Mae Hong Son,ขุนยวม,Khun Yuam,แม่ยวมน้อย,Mae Yuam Noi
แม่ฮ่องสอน,Mae Hong Son,ขุนยวม,Khun Yuam,แม่กิ๊,Mae Ki
แม่ฮ่องสอน,Mae Hong Son,ขุนยวม,Khun Yuam,แม่อูคอ,Mae Uo Kor
แม่ฮ่องสอน,Mae Hong Son,ปาย,Pai,เวียงใต้,Wiang Tai
แม่ฮ่องสอน,Mae Hong Son,ปาย,Pai,เวียงเหนือ,Wiang Nuea
แม่ฮ่องสอน,Mae Hong Son,ปาย,Pai,แม่นาเติง,Mae Na Toeng
แม่ฮ่องสอน,Mae Hong Son,ปาย,Pai,แม่ฮี้,Mae Hi
แม่ฮ่องสอน,Mae Hong Son,ปาย,Pai,ทุ่งยาว,Thung Yao
แม่ฮ่องสอน,Mae Hong Son,ปาย,Pai,เมืองแปง,Mueang Paeng
แม่ฮ่องสอน,Mae Hong Son,ปาย,Pai,โป่งสา,Pong Sa
แม่ฮ่องสอน,Mae Hong Son,แม่สะเรียง,Mae Sariang,บ้านกาศ,Ban Kat
แม่ฮ่องสอน,Mae Hong Son,แม่สะเรียง,Mae Sariang,แม่สะเรียง,Mae Sariang
แม่ฮ่องสอน,Mae Hong Son,แม่สะเรียง,Mae Sariang,แม่คง,Mae Khong
แม่ฮ่องสอน,Mae Hong Son,แม่สะเรียง,Mae Sariang,แม่เหาะ,Mae Ho
แม่ฮ่องสอน,Mae Hong Son,แม่สะเรียง,Mae Sariang,แม่ยวม,Mae Yuam
แม่ฮ่องสอน,Mae Hong Son,แม่สะเรียง,Mae Sariang,เสาหิน,Sao Hin
แม่ฮ่องสอน,Mae Hong Son,แม่สะเรียง,Mae Sariang,ป่าแป๋,Pa Pae
แม่ฮ่องสอน,Mae Hong Son,แม่ลาน้อย,Mae La Noi,แม่ลาน้อย,Mae La Noi
แม่ฮ่องสอน,Mae Hong Son,แม่ลาน้อย,Mae La Noi,แม่ลาหลวง,Mae La Luang
แม่ฮ่องสอน,Mae Hong Son,แม่ลาน้อย,Mae La Noi,ท่าผาปุ้ม,Tha Pha Pum
แม่ฮ่องสอน,Mae Hong Son,แม่ลาน้อย,Mae La Noi,แม่โถ,Mae Tho
แม่ฮ่องสอน,Mae Hong Son,แม่ลาน้อย,Mae La Noi,ห้วยห้อม,Huai Hom
แม่ฮ่องสอน,Mae Hong Son,แม่ลาน้อย,Mae La Noi,แม่นาจาง,Mae Na Chang
แม่ฮ่องสอน,Mae Hong Son,แม่ลาน้อย,Mae La Noi,สันติคีรี,Santi Khiri
แม่ฮ่องสอน,Mae Hong Son,แม่ลาน้อย,Mae La Noi,ขุนแม่ลาน้อย,Khun Mae La Noi
แม่ฮ่องสอน,Mae Hong Son,สบเมย,Sop Moei,สบเมย,Sop Moei
แม่ฮ่องสอน,Mae Hong Son,สบเมย,Sop Moei,แม่คะตวน,Mae Khatuan
แม่ฮ่องสอน,Mae Hong Son,สบเมย,Sop Moei,กองก๋อย,Kong Koi
แม่ฮ่องสอน,Mae Hong Son,สบเมย,Sop Moei,แม่สวด,Mae Suat
แม่ฮ่องสอน,Mae Hong Son,สบเมย,Sop Moei,ป่าโปง,Pa Pong
แม่ฮ่องสอน,Mae Hong Son,สบเมย,Sop Moei,แม่สามแลบ,Mae Sam Laep
แม่ฮ่องสอน,Mae Hong Son,ปางมะผ้า,Pang Mapha,สบป่อง,Sop Pong
แม่ฮ่องสอน,Mae Hong Son,ปางมะผ้า,Pang Mapha,ปางมะผ้า,Pang Mapha
แม่ฮ่องสอน,Mae Hong Son,ปางมะผ้า,Pang Mapha,ถ้ำลอด,Tham Lot
แม่ฮ่องสอน,Mae Hong Son,ปางมะผ้า,Pang Mapha,นาปู่ป้อม,Na Pu Pom
นครสวรรค์,Nakhon Sawan,เมืองนครสวรรค์,Mueang Nakhon Sawan,ปากน้ำโพ,Paknam Pho
นครสวรรค์,Nakhon Sawan,เมืองนครสวรรค์,Mueang Nakhon Sawan,กลางแดด,Klang Daet
นครสวรรค์,Nakhon Sawan,เมืองนครสวรรค์,Mueang Nakhon Sawan,เกรียงไกร,Kriangkrai
นครสวรรค์,Nakhon Sawan,เมืองนครสวรรค์,Mueang Nakhon Sawan,แควใหญ่,Khwae Yai
นครสวรรค์,Nakhon Sawan,เมืองนครสวรรค์,Mueang Nakhon Sawan,ตะเคียนเลื่อน,Takhian Luean
นครสวรรค์,Nakhon Sawan,เมืองนครสวรรค์,Mueang Nakhon Sawan,นครสวรรค์ตก,Nakhon Sawan Tok
นครสวรรค์,Nakhon Sawan,เมืองนครสวรรค์,Mueang Nakhon Sawan,นครสวรรค์ออก,Nakhon Sawan Ok
นครสวรรค์,Nakhon Sawan,เมืองนครสวรรค์,Mueang Nakhon Sawan,บางพระหลวง,Bang Phra Luang
นครสวรรค์,Nakhon Sawan,เมืองนครสวรรค์,Mueang Nakhon Sawan,บางม่วง,Bang Muang
นครสวรรค์,Nakhon Sawan,เมืองนครสวรรค์,Mueang Nakhon Sawan,บ้านมะเกลือ,Ban Makluea
นครสวรรค์,Nakhon Sawan,เมืองนครสวรรค์,Mueang Nakhon Sawan,บ้านแก่ง,Ban Kaeng
นครสวรรค์,Nakhon Sawan,เมืองนครสวรรค์,Mueang Nakhon Sawan,พระนอน,Phra Non
นครสวรรค์,Nakhon Sawan,เมืองนครสวรรค์,Mueang Nakhon Sawan,วัดไทร,Wat Sai
นครสวรรค์,Nakhon Sawan,เมืองนครสวรรค์,Mueang Nakhon Sawan,หนองกรด,Nong Krot
นครสวรรค์,Nakhon Sawan,เมืองนครสวรรค์,Mueang Nakhon Sawan,หนองกระโดน,Nong Kradon
นครสวรรค์,Nakhon Sawan,เมืองนครสวรรค์,Mueang Nakhon Sawan,หนองปลิง,Nong Pling
นครสวรรค์,Nakhon Sawan,เมืองนครสวรรค์,Mueang Nakhon Sawan,บึงเสนาท,Bueng Senat
นครสวรรค์,Nakhon Sawan,โกรกพระ,Krok Phra,โกรกพระ,Krok Phra
นครสวรรค์,Nakhon Sawan,โกรกพระ,Krok Phra,ยางตาล,Yang Tan
นครสวรรค์,Nakhon Sawan,โกรกพระ,Krok Phra,บางมะฝ่อ,Bang Mafo
นครสวรรค์,Nakhon Sawan,โกรกพระ,Krok Phra,บางประมุง,Bang Pramung
นครสวรรค์,Nakhon Sawan,โกรกพระ,Krok Phra,นากลาง,Na Klang
นครสวรรค์,Nakhon Sawan,โกรกพระ,Krok Phra,ศาลาแดง,Sala Daeng
นครสวรรค์,Nakhon Sawan,โกรกพระ,Krok Phra,เนินกว้าว,Noen Kwao
นครสวรรค์,Nakhon Sawan,โกรกพระ,Krok Phra,เนินศาลา,Noen Sala
นครสวรรค์,Nakhon Sawan,โกรกพระ,Krok Phra,หาดสูง,Hat Sung
นครสวรรค์,Nakhon Sawan,ชุมแสง,Chum Saeng,ชุมแสง,Chum Saeng
นครสวรรค์,Nakhon Sawan,ชุมแสง,Chum Saeng,ทับกฤช,Thap Krit
นครสวรรค์,Nakhon Sawan,ชุมแสง,Chum Saeng,พิกุล,Phikun
นครสวรรค์,Nakhon Sawan,ชุมแสง,Chum Saeng,เกยไชย,Koei Chai
นครสวรรค์,Nakhon Sawan,ชุมแสง,Chum Saeng,ท่าไม้,Tha Mai
นครสวรรค์,Nakhon Sawan,ชุมแสง,Chum Saeng,บางเคียน,Bang Khian
นครสวรรค์,Nakhon Sawan,ชุมแสง,Chum Saeng,หนองกระเจา,Nong Krachao
นครสวรรค์,Nakhon Sawan,ชุมแสง,Chum Saeng,พันลาน,Phan Lan
นครสวรรค์,Nakhon Sawan,ชุมแสง,Chum Saeng,โคกหม้อ,Khok Mo
นครสวรรค์,Nakhon Sawan,ชุมแสง,Chum Saeng,ไผ่สิงห์,Phai Sing
นครสวรรค์,Nakhon Sawan,ชุมแสง,Chum Saeng,ฆะมัง,Khamang
นครสวรรค์,Nakhon Sawan,ชุมแสง,Chum Saeng,ทับกฤชใต้,Thap Krit Tai
นครสวรรค์,Nakhon Sawan,หนองบัว,Nong Bua,หนองบัว,Nong Bua
นครสวรรค์,Nakhon Sawan,หนองบัว,Nong Bua,หนองกลับ,Nong Klap
นครสวรรค์,Nakhon Sawan,หนองบัว,Nong Bua,ธารทหาร,Than Thahan
นครสวรรค์,Nakhon Sawan,หนองบัว,Nong Bua,ห้วยร่วม,Huai Ruam
นครสวรรค์,Nakhon Sawan,หนองบัว,Nong Bua,ห้วยถั่วใต้,Huai Thua Tai
นครสวรรค์,Nakhon Sawan,หนองบัว,Nong Bua,ห้วยถั่วเหนือ,Huai Thua Nuea
นครสวรรค์,Nakhon Sawan,หนองบัว,Nong Bua,ห้วยใหญ่,Huai Yai
นครสวรรค์,Nakhon Sawan,หนองบัว,Nong Bua,ทุ่งทอง,Thung Thong
นครสวรรค์,Nakhon Sawan,หนองบัว,Nong Bua,วังบ่อ,Wang Bo
นครสวรรค์,Nakhon Sawan,บรรพตพิสัย,Banphot Phisai,ท่างิ้ว,Tha Ngio
นครสวรรค์,Nakhon Sawan,บรรพตพิสัย,Banphot Phisai,บางตาหงาย,Bang Ta Ngai
นครสวรรค์,Nakhon Sawan,บรรพตพิสัย,Banphot Phisai,หูกวาง,Hukwang
นครสวรรค์,Nakhon Sawan,บรรพตพิสัย,Banphot Phisai,อ่างทอง,Ang Thong
นครสวรรค์,Nakhon Sawan,บรรพตพิสัย,Banphot Phisai,บ้านแดน,Ban Daen
นครสวรรค์,Nakhon Sawan,บรรพตพิสัย,Banphot Phisai,บางแก้ว,Bang Kaeo
นครสวรรค์,Nakhon Sawan,บรรพตพิสัย,Banphot Phisai,ตาขีด,Ta Khit
นครสวรรค์,Nakhon Sawan,บรรพตพิสัย,Banphot Phisai,ตาสัง,Ta Sang
นครสวรรค์,Nakhon Sawan,บรรพตพิสัย,Banphot Phisai,ด่านช้าง,Dan Chang
นครสวรรค์,Nakhon Sawan,บรรพตพิสัย,Banphot Phisai,หนองกรด,Nong Krot
นครสวรรค์,Nakhon Sawan,บรรพตพิสัย,Banphot Phisai,หนองตางู,Nong Ta Ngu
นครสวรรค์,Nakhon Sawan,บรรพตพิสัย,Banphot Phisai,บึงปลาทู,Bueng Pla Thu
นครสวรรค์,Nakhon Sawan,บรรพตพิสัย,Banphot Phisai,เจริญผล,Charoen Phon
นครสวรรค์,Nakhon Sawan,เก้าเลี้ยว,Kao Liao,มหาโพธิ,Maha Phot
นครสวรรค์,Nakhon Sawan,เก้าเลี้ยว,Kao Liao,เก้าเลี้ยว,Kao Liao
นครสวรรค์,Nakhon Sawan,เก้าเลี้ยว,Kao Liao,หนองเต่า,Nong Tao
นครสวรรค์,Nakhon Sawan,เก้าเลี้ยว,Kao Liao,เขาดิน,Khao Din
นครสวรรค์,Nakhon Sawan,เก้าเลี้ยว,Kao Liao,หัวดง,Hua Dong
นครสวรรค์,Nakhon Sawan,ตาคลี,Takhli,ตาคลี,Takhli
นครสวรรค์,Nakhon Sawan,ตาคลี,Takhli,ช่องแค,Chong Khae
นครสวรรค์,Nakhon Sawan,ตาคลี,Takhli,จันเสน,Chan Sen
นครสวรรค์,Nakhon Sawan,ตาคลี,Takhli,ห้วยหอม,Huai Hom
นครสวรรค์,Nakhon Sawan,ตาคลี,Takhli,หัวหวาย,Hua Wai
นครสวรรค์,Nakhon Sawan,ตาคลี,Takhli,หนองโพ,Nong Pho
นครสวรรค์,Nakhon Sawan,ตาคลี,Takhli,หนองหม้อ,Nong Mo
นครสวรรค์,Nakhon Sawan,ตาคลี,Takhli,สร้อยทอง,Soi Thong
นครสวรรค์,Nakhon Sawan,ตาคลี,Takhli,ลาดทิพรส,Lat Thippharot
นครสวรรค์,Nakhon Sawan,ตาคลี,Takhli,พรหมนิมิต,Phrom Nimit
นครสวรรค์,Nakhon Sawan,ท่าตะโก,Takhli,ท่าตะโก,Tha Tako
นครสวรรค์,Nakhon Sawan,ท่าตะโก,Takhli,พนมรอก,Phanom Rok
นครสวรรค์,Nakhon Sawan,ท่าตะโก,Takhli,หัวถนน,Hua Thanon
นครสวรรค์,Nakhon Sawan,ท่าตะโก,Takhli,สายลำโพง,Sai Lamphong
นครสวรรค์,Nakhon Sawan,ท่าตะโก,Takhli,วังมหากร,Wang Mahakon
นครสวรรค์,Nakhon Sawan,ท่าตะโก,Takhli,ดอนคา,Don Kha
นครสวรรค์,Nakhon Sawan,ท่าตะโก,Takhli,ทำนบ,Thamnop
นครสวรรค์,Nakhon Sawan,ท่าตะโก,Takhli,วังใหญ่,Wang Yai
นครสวรรค์,Nakhon Sawan,ท่าตะโก,Takhli,พนมเศษ,Phanom Set
นครสวรรค์,Nakhon Sawan,ท่าตะโก,Takhli,หนองหลวง,Nong Luang
นครสวรรค์,Nakhon Sawan,ไพศาลี,Phaisali,โคกเดื่อ,Khok Duea
นครสวรรค์,Nakhon Sawan,ไพศาลี,Phaisali,สำโรงชัย,Samrong Chai
นครสวรรค์,Nakhon Sawan,ไพศาลี,Phaisali,วังน้ำลัด,Wang Nam Lat
นครสวรรค์,Nakhon Sawan,ไพศาลี,Phaisali,ตะคร้อ,Takhro
นครสวรรค์,Nakhon Sawan,ไพศาลี,Phaisali,โพธิ์ประสาท,Pho Prasat
นครสวรรค์,Nakhon Sawan,ไพศาลี,Phaisali,วังข่อย,Wang Khoi
นครสวรรค์,Nakhon Sawan,ไพศาลี,Phaisali,นาขอม,Na Khom
นครสวรรค์,Nakhon Sawan,ไพศาลี,Phaisali,ไพศาลี,Phaisali
นครสวรรค์,Nakhon Sawan,พยุหะคีรี,Phayuha Khiri,พยุหะ,Phayuha
นครสวรรค์,Nakhon Sawan,พยุหะคีรี,Phayuha Khiri,เนินมะกอก,Noen Makok
นครสวรรค์,Nakhon Sawan,พยุหะคีรี,Phayuha Khiri,นิคมเขาบ่อแก้ว,Nikhom Khao Bo Kaeo
นครสวรรค์,Nakhon Sawan,พยุหะคีรี,Phayuha Khiri,ม่วงหัก,Muang Hak
นครสวรรค์,Nakhon Sawan,พยุหะคีรี,Phayuha Khiri,ยางขาว,Yang Khao
นครสวรรค์,Nakhon Sawan,พยุหะคีรี,Phayuha Khiri,ย่านมัทรี,Yan Matsi
นครสวรรค์,Nakhon Sawan,พยุหะคีรี,Phayuha Khiri,เขาทอง,Khao Thong
นครสวรรค์,Nakhon Sawan,พยุหะคีรี,Phayuha Khiri,ท่าน้ำอ้อย,Tha Nam Oi
นครสวรรค์,Nakhon Sawan,พยุหะคีรี,Phayuha Khiri,น้ำทรง,Nam Song
นครสวรรค์,Nakhon Sawan,พยุหะคีรี,Phayuha Khiri,เขากะลา,Khao Kala
นครสวรรค์,Nakhon Sawan,พยุหะคีรี,Phayuha Khiri,สระทะเล,Sa Thale
นครสวรรค์,Nakhon Sawan,ลาดยาว,Phayuha Khiri,ลาดยาว,Lat Yao
นครสวรรค์,Nakhon Sawan,ลาดยาว,Phayuha Khiri,ห้วยน้ำหอม,Huai Nam Hom
นครสวรรค์,Nakhon Sawan,ลาดยาว,Phayuha Khiri,วังม้า,Wang Ma
นครสวรรค์,Nakhon Sawan,ลาดยาว,Phayuha Khiri,วังเมือง,Wang Mueang
นครสวรรค์,Nakhon Sawan,ลาดยาว,Phayuha Khiri,สร้อยละคร,Soi Lakhon
นครสวรรค์,Nakhon Sawan,ลาดยาว,Phayuha Khiri,มาบแก,Map Kae
นครสวรรค์,Nakhon Sawan,ลาดยาว,Phayuha Khiri,หนองยาว,Nong Yao
นครสวรรค์,Nakhon Sawan,ลาดยาว,Phayuha Khiri,หนองนมวัว,Nong Nom Wua
นครสวรรค์,Nakhon Sawan,ลาดยาว,Phayuha Khiri,บ้านไร่,Ban Rai
นครสวรรค์,Nakhon Sawan,ลาดยาว,Phayuha Khiri,เนินขี้เหล็ก,Noen Khilek
นครสวรรค์,Nakhon Sawan,ลาดยาว,Phayuha Khiri,ศาลเจ้าไก่ต่อ,San Chao Kai To
นครสวรรค์,Nakhon Sawan,ลาดยาว,Phayuha Khiri,สระแก้ว,Sa Kaeo
นครสวรรค์,Nakhon Sawan,ตากฟ้า,Tak Fa,ตากฟ้า,Tak Fa
นครสวรรค์,Nakhon Sawan,ตากฟ้า,Tak Fa,ลำพยนต์,Lam Phayon
นครสวรรค์,Nakhon Sawan,ตากฟ้า,Tak Fa,สุขสำราญ,Suk Samran
นครสวรรค์,Nakhon Sawan,ตากฟ้า,Tak Fa,หนองพิกุล,Nong Phikun
นครสวรรค์,Nakhon Sawan,ตากฟ้า,Tak Fa,พุนกยูง,Phu Nok Yung
นครสวรรค์,Nakhon Sawan,ตากฟ้า,Tak Fa,อุดมธัญญา,Udom Thanya
นครสวรรค์,Nakhon Sawan,ตากฟ้า,Tak Fa,เขาชายธง,Khao Chai Thong
นครสวรรค์,Nakhon Sawan,แม่วงก์,Mae Wong,แม่วงก์,Mae Wong
นครสวรรค์,Nakhon Sawan,แม่วงก์,Mae Wong,แม่เล่ย์,Mae Le
นครสวรรค์,Nakhon Sawan,แม่วงก์,Mae Wong,วังซ่าน,Wang San
นครสวรรค์,Nakhon Sawan,แม่วงก์,Mae Wong,เขาชนกัน,Khao Chon Kan
นครสวรรค์,Nakhon Sawan,แม่เปิน,Mae Poen,แม่เปิน,Mae Poen
นครสวรรค์,Nakhon Sawan,ชุมตาบง,Chum Ta Bong,ชุมตาบง,Chum Ta Bong
นครสวรรค์,Nakhon Sawan,ชุมตาบง,Chum Ta Bong,ปางสวรรค์,Pang Sawan
อุทัยธานี,Uthai Thani,เมืองอุทัยธานี,Mueang Uthai Thani,อุทัยใหม่,Uthai Mai
อุทัยธานี,Uthai Thani,เมืองอุทัยธานี,Mueang Uthai Thani,น้ำซึม,Nam Suem
อุทัยธานี,Uthai Thani,เมืองอุทัยธานี,Mueang Uthai Thani,สะแกกรัง,Sakae Krang
อุทัยธานี,Uthai Thani,เมืองอุทัยธานี,Mueang Uthai Thani,ดอนขวาง,Don Khwang
อุทัยธานี,Uthai Thani,เมืองอุทัยธานี,Mueang Uthai Thani,หาดทนง,Hat Thanong
อุทัยธานี,Uthai Thani,เมืองอุทัยธานี,Mueang Uthai Thani,เกาะเทโพ,Ko Thepho
อุทัยธานี,Uthai Thani,เมืองอุทัยธานี,Mueang Uthai Thani,ท่าซุง,Tha Sung
อุทัยธานี,Uthai Thani,เมืองอุทัยธานี,Mueang Uthai Thani,หนองแก,Nong Kae
อุทัยธานี,Uthai Thani,เมืองอุทัยธานี,Mueang Uthai Thani,โนนเหล็ก,Non Lek
อุทัยธานี,Uthai Thani,เมืองอุทัยธานี,Mueang Uthai Thani,หนองเต่า,Nong Tao
อุทัยธานี,Uthai Thani,เมืองอุทัยธานี,Mueang Uthai Thani,หนองไผ่แบน,Nong Phai Baen
อุทัยธานี,Uthai Thani,เมืองอุทัยธานี,Mueang Uthai Thani,หนองพังค่า,Nong Phang Kha
อุทัยธานี,Uthai Thani,เมืองอุทัยธานี,Mueang Uthai Thani,ทุ่งใหญ่,Thung Yai
อุทัยธานี,Uthai Thani,เมืองอุทัยธานี,Mueang Uthai Thani,เนินแจง,Noen Chaeng
อุทัยธานี,Uthai Thani,ทัพทัน,Thap Than,ทัพทัน,Thap Than
อุทัยธานี,Uthai Thani,ทัพทัน,Thap Than,ทุ่งนาไทย,Thung Na Thai
อุทัยธานี,Uthai Thani,ทัพทัน,Thap Than,เขาขี้ฝอย,Khao Khi Foi
อุทัยธานี,Uthai Thani,ทัพทัน,Thap Than,หนองหญ้าปล้อง,Nong Ya Plong
อุทัยธานี,Uthai Thani,ทัพทัน,Thap Than,โคกหม้อ,Khok Mo
อุทัยธานี,Uthai Thani,ทัพทัน,Thap Than,หนองยายดา,Nong Yai Da
อุทัยธานี,Uthai Thani,ทัพทัน,Thap Than,หนองกลางดง,Nong Klang Dong
อุทัยธานี,Uthai Thani,ทัพทัน,Thap Than,หนองกระทุ่ม,Nong Krathum
อุทัยธานี,Uthai Thani,ทัพทัน,Thap Than,หนองสระ,Nong Sa
อุทัยธานี,Uthai Thani,ทัพทัน,Thap Than,ตลุกดู่,Taluk Du
อุทัยธานี,Uthai Thani,สว่างอารมณ์,Sawang Arom,สว่างอารมณ์,Sawang Arom
อุทัยธานี,Uthai Thani,สว่างอารมณ์,Sawang Arom,หนองหลวง,Nong Luang
อุทัยธานี,Uthai Thani,สว่างอารมณ์,Sawang Arom,พลวงสองนาง,Phluang Song Nang
อุทัยธานี,Uthai Thani,สว่างอารมณ์,Sawang Arom,ไผ่เขียว,Phai Khiao
อุทัยธานี,Uthai Thani,สว่างอารมณ์,Sawang Arom,บ่อยาง,Bor Yang
อุทัยธานี,Uthai Thani,หนองฉาง,Nong Chang,หนองฉาง,Nong Chang
อุทัยธานี,Uthai Thani,หนองฉาง,Nong Chang,หนองยาง,Nong Yang
อุทัยธานี,Uthai Thani,หนองฉาง,Nong Chang,หนองนางนวล,Nong Nang Nuan
อุทัยธานี,Uthai Thani,หนองฉาง,Nong Chang,หนองสรวง,Nong Suang
อุทัยธานี,Uthai Thani,หนองฉาง,Nong Chang,บ้านเก่า,Ban Kao
อุทัยธานี,Uthai Thani,หนองฉาง,Nong Chang,อุทัยเก่า,Uthai Kao
อุทัยธานี,Uthai Thani,หนองฉาง,Nong Chang,ทุ่งโพ,Thung Pho
อุทัยธานี,Uthai Thani,หนองฉาง,Nong Chang,ทุ่งพง,Thung Phong
อุทัยธานี,Uthai Thani,หนองฉาง,Nong Chang,เขาบางแกรก,Khao Bang Kraek
อุทัยธานี,Uthai Thani,หนองฉาง,Nong Chang,เขากวางทอง,Khao Kwang Thong
อุทัยธานี,Uthai Thani,หนองขาหย่าง,Nong Khayang,หนองขาหย่าง,Nong Khayang
อุทัยธานี,Uthai Thani,หนองขาหย่าง,Nong Khayang,หนองไผ่,Nong Phai
อุทัยธานี,Uthai Thani,หนองขาหย่าง,Nong Khayang,ดอนกลอย,Don Kloi
อุทัยธานี,Uthai Thani,หนองขาหย่าง,Nong Khayang,ห้วยรอบ,Huai Rop
อุทัยธานี,Uthai Thani,หนองขาหย่าง,Nong Khayang,ทุ่งพึ่ง,Thung Phueng
อุทัยธานี,Uthai Thani,หนองขาหย่าง,Nong Khayang,ท่าโพ,Tha Pho
อุทัยธานี,Uthai Thani,หนองขาหย่าง,Nong Khayang,หมกแถว,Mok Thaeo
อุทัยธานี,Uthai Thani,หนองขาหย่าง,Nong Khayang,หลุมเข้า,Lum Khao
อุทัยธานี,Uthai Thani,หนองขาหย่าง,Nong Khayang,ดงขวาง,Dong Kwang
อุทัยธานี,Uthai Thani,บ้านไร่,Ban Rai,บ้านไร่,Ban Rai
อุทัยธานี,Uthai Thani,บ้านไร่,Ban Rai,ทัพหลวง,Thap Luang
อุทัยธานี,Uthai Thani,บ้านไร่,Ban Rai,ห้วยแห้ง,Huai Haeng
อุทัยธานี,Uthai Thani,บ้านไร่,Ban Rai,คอกควาย,Khok Khwai
อุทัยธานี,Uthai Thani,บ้านไร่,Ban Rai,วังหิน,Wang Hin
อุทัยธานี,Uthai Thani,บ้านไร่,Ban Rai,เมืองการุ้ง,Mueang Ka Rung
อุทัยธานี,Uthai Thani,บ้านไร่,Ban Rai,แก่นมะกรูด,Kaen Makrut
อุทัยธานี,Uthai Thani,บ้านไร่,Ban Rai,หนองจอก,Nong Chok
อุทัยธานี,Uthai Thani,บ้านไร่,Ban Rai,หูช้าง,Hu Chang
อุทัยธานี,Uthai Thani,บ้านไร่,Ban Rai,บ้านบึง,Ban Bueng
อุทัยธานี,Uthai Thani,บ้านไร่,Ban Rai,บ้านใหม่คลองเคียน,Ban Mai Khlong Khian
อุทัยธานี,Uthai Thani,บ้านไร่,Ban Rai,หนองบ่มกล้วย,Nong Bom Kluai
อุทัยธานี,Uthai Thani,บ้านไร่,Ban Rai,เจ้าวัด,Chao Wat
อุทัยธานี,Uthai Thani,ลานสัก,Lan Sak,ลานสัก,Lan Sak
อุทัยธานี,Uthai Thani,ลานสัก,Lan Sak,ประดู่ยืน,Pradu Yuen
อุทัยธานี,Uthai Thani,ลานสัก,Lan Sak,ป่าอ้อ,Pa O
อุทัยธานี,Uthai Thani,ลานสัก,Lan Sak,ระบำ,Rabam
อุทัยธานี,Uthai Thani,ลานสัก,Lan Sak,น้ำรอบ,Nam Rop
อุทัยธานี,Uthai Thani,ลานสัก,Lan Sak,ทุ่งนางาม,Thung Na Ngam
อุทัยธานี,Uthai Thani,ห้วยคต,Huai Khot,สุขฤทัย,Suk Ruethai
อุทัยธานี,Uthai Thani,ห้วยคต,Huai Khot,ทองหลาง,Thonglang
อุทัยธานี,Uthai Thani,ห้วยคต,Huai Khot,ห้วยคต,Huai Khot
กำแพงเพชร,Kamphaeng Phet,เมืองกำแพงเพชร,Mueang Kamphaeng Phet,ในเมือง,Nai Mueang
กำแพงเพชร,Kamphaeng Phet,เมืองกำแพงเพชร,Mueang Kamphaeng Phet,ไตรตรึงษ์,Trai Trueng
กำแพงเพชร,Kamphaeng Phet,เมืองกำแพงเพชร,Mueang Kamphaeng Phet,อ่างทอง,Ang Thong
กำแพงเพชร,Kamphaeng Phet,เมืองกำแพงเพชร,Mueang Kamphaeng Phet,นาบ่อคำ,Na Bo Kham
กำแพงเพชร,Kamphaeng Phet,เมืองกำแพงเพชร,Mueang Kamphaeng Phet,นครชุม,Nakhon Chum
กำแพงเพชร,Kamphaeng Phet,เมืองกำแพงเพชร,Mueang Kamphaeng Phet,ทรงธรรม,Song Tham
กำแพงเพชร,Kamphaeng Phet,เมืองกำแพงเพชร,Mueang Kamphaeng Phet,ลานดอกไม้,Lan Dokmai
กำแพงเพชร,Kamphaeng Phet,เมืองกำแพงเพชร,Mueang Kamphaeng Phet,หนองปลิง,Nong Pling
กำแพงเพชร,Kamphaeng Phet,เมืองกำแพงเพชร,Mueang Kamphaeng Phet,คณฑี,Khonthi
กำแพงเพชร,Kamphaeng Phet,เมืองกำแพงเพชร,Mueang Kamphaeng Phet,นิคมทุ่งโพธิ์ทะเล,Nikhom Thung Pho Thale
กำแพงเพชร,Kamphaeng Phet,เมืองกำแพงเพชร,Mueang Kamphaeng Phet,เทพนคร,Thep Nakhon
กำแพงเพชร,Kamphaeng Phet,เมืองกำแพงเพชร,Mueang Kamphaeng Phet,วังทอง,Wang Thong
กำแพงเพชร,Kamphaeng Phet,เมืองกำแพงเพชร,Mueang Kamphaeng Phet,ท่าขุนราม,Tha Khun Ram
กำแพงเพชร,Kamphaeng Phet,เมืองกำแพงเพชร,Mueang Kamphaeng Phet,คลองแม่ลาย,Khlong Mae Lai
กำแพงเพชร,Kamphaeng Phet,เมืองกำแพงเพชร,Mueang Kamphaeng Phet,ธำมรงค์,Thammarong
กำแพงเพชร,Kamphaeng Phet,เมืองกำแพงเพชร,Mueang Kamphaeng Phet,สระแก้ว,Sa Kaeo
กำแพงเพชร,Kamphaeng Phet,ไทรงาม,Sai Ngam,ไทรงาม,Sai Ngam
กำแพงเพชร,Kamphaeng Phet,ไทรงาม,Sai Ngam,หนองคล้า,Nong Khla
กำแพงเพชร,Kamphaeng Phet,ไทรงาม,Sai Ngam,หนองทอง,Nong Thong
กำแพงเพชร,Kamphaeng Phet,ไทรงาม,Sai Ngam,หนองไม้กอง,Nong Mai Kong
กำแพงเพชร,Kamphaeng Phet,ไทรงาม,Sai Ngam,มหาชัย,Maha Chai
กำแพงเพชร,Kamphaeng Phet,ไทรงาม,Sai Ngam,พานทอง,Phan Thong
กำแพงเพชร,Kamphaeng Phet,ไทรงาม,Sai Ngam,หนองแม่แตง,Nong Mae Taeng
กำแพงเพชร,Kamphaeng Phet,คลองลาน,Khlong Lan,คลองน้ำไหล,Khlong Nam Lai
กำแพงเพชร,Kamphaeng Phet,คลองลาน,Khlong Lan,โป่งน้ำร้อน,Pong Nam Ron
กำแพงเพชร,Kamphaeng Phet,คลองลาน,Khlong Lan,คลองลานพัฒนา,Khlong Lan Phatthana
กำแพงเพชร,Kamphaeng Phet,คลองลาน,Khlong Lan,สักงาม,Sak Ngam
กำแพงเพชร,Kamphaeng Phet,ขาณุวรลักษบุรี,Khanu Woralaksaburi,ยางสูง,Yang Sung
กำแพงเพชร,Kamphaeng Phet,ขาณุวรลักษบุรี,Khanu Woralaksaburi,ป่าพุทรา,Pa Phutsa
กำแพงเพชร,Kamphaeng Phet,ขาณุวรลักษบุรี,Khanu Woralaksaburi,แสนตอ,Saen To
กำแพงเพชร,Kamphaeng Phet,ขาณุวรลักษบุรี,Khanu Woralaksaburi,สลกบาตร,Salok Bat
กำแพงเพชร,Kamphaeng Phet,ขาณุวรลักษบุรี,Khanu Woralaksaburi,บ่อถ้ำ,Bo Tham
กำแพงเพชร,Kamphaeng Phet,ขาณุวรลักษบุรี,Khanu Woralaksaburi,ดอนแตง,Don Taeng
กำแพงเพชร,Kamphaeng Phet,ขาณุวรลักษบุรี,Khanu Woralaksaburi,วังชะพลู,Wang Chaphlu
กำแพงเพชร,Kamphaeng Phet,ขาณุวรลักษบุรี,Khanu Woralaksaburi,โค้งไผ่,Khong Phai
กำแพงเพชร,Kamphaeng Phet,ขาณุวรลักษบุรี,Khanu Woralaksaburi,ปางมะค่า,Pang Makha
กำแพงเพชร,Kamphaeng Phet,ขาณุวรลักษบุรี,Khanu Woralaksaburi,วังหามแห,Wang Ham Hae
กำแพงเพชร,Kamphaeng Phet,ขาณุวรลักษบุรี,Khanu Woralaksaburi,เกาะตาล,Ko Tan
กำแพงเพชร,Kamphaeng Phet,คลองขลุง,Khlong Khlung,คลองขลุง,Khlong Khlung
กำแพงเพชร,Kamphaeng Phet,คลองขลุง,Khlong Khlung,ท่ามะเขือ,Tha Makhuea
กำแพงเพชร,Kamphaeng Phet,คลองขลุง,Khlong Khlung,ท่าพุทรา,Tha Phutsa
กำแพงเพชร,Kamphaeng Phet,คลองขลุง,Khlong Khlung,แม่ลาด,Mae Lat
กำแพงเพชร,Kamphaeng Phet,คลองขลุง,Khlong Khlung,วังยาง,Wang Yang
กำแพงเพชร,Kamphaeng Phet,คลองขลุง,Khlong Khlung,วังแขม,Wang Khaem
กำแพงเพชร,Kamphaeng Phet,คลองขลุง,Khlong Khlung,หัวถนน,Hua Thanon
กำแพงเพชร,Kamphaeng Phet,คลองขลุง,Khlong Khlung,วังไทร,Wang Sai
กำแพงเพชร,Kamphaeng Phet,คลองขลุง,Khlong Khlung,วังบัว,Wang Bua
กำแพงเพชร,Kamphaeng Phet,คลองขลุง,Khlong Khlung,คลองสมบูรณ์,Khlong Sombun
กำแพงเพชร,Kamphaeng Phet,พรานกระต่าย,Phran Kratai,พรานกระต่าย,Phran Kratai
กำแพงเพชร,Kamphaeng Phet,พรานกระต่าย,Phran Kratai,หนองหัววัว,Nong Hua Wua
กำแพงเพชร,Kamphaeng Phet,พรานกระต่าย,Phran Kratai,ท่าไม้,Tha Mai
กำแพงเพชร,Kamphaeng Phet,พรานกระต่าย,Phran Kratai,วังควง,Wang Khuang
กำแพงเพชร,Kamphaeng Phet,พรานกระต่าย,Phran Kratai,วังตะแบก,Wang Tabaek
กำแพงเพชร,Kamphaeng Phet,พรานกระต่าย,Phran Kratai,เขาคีริส,Khao Khirit
กำแพงเพชร,Kamphaeng Phet,พรานกระต่าย,Phran Kratai,คุยบ้านโอง,Khui Ban Ong
กำแพงเพชร,Kamphaeng Phet,พรานกระต่าย,Phran Kratai,คลองพิไกร,Khlong Phikrai
กำแพงเพชร,Kamphaeng Phet,พรานกระต่าย,Phran Kratai,ถ้ำกระต่ายทอง,Tham Kratai Thong
กำแพงเพชร,Kamphaeng Phet,พรานกระต่าย,Phran Kratai,ห้วยยั้ง,Huai Yang
กำแพงเพชร,Kamphaeng Phet,ลานกระบือ,Lan Krabue,ลานกระบือ,Lan Krabue
กำแพงเพชร,Kamphaeng Phet,ลานกระบือ,Lan Krabue,ช่องลม,Chong Lom
กำแพงเพชร,Kamphaeng Phet,ลานกระบือ,Lan Krabue,หนองหลวง,Nong Luang
กำแพงเพชร,Kamphaeng Phet,ลานกระบือ,Lan Krabue,โนนพลวง,Non Phluang
กำแพงเพชร,Kamphaeng Phet,ลานกระบือ,Lan Krabue,ประชาสุขสันต์,Pracha Suk San
กำแพงเพชร,Kamphaeng Phet,ลานกระบือ,Lan Krabue,บึงทับแรต,Bueng Thap Raet
กำแพงเพชร,Kamphaeng Phet,ลานกระบือ,Lan Krabue,จันทิมา,Chanthima
กำแพงเพชร,Kamphaeng Phet,ทรายทองวัฒนา,Sai Thong Watthana,ทุ่งทราย,Thung Sai
กำแพงเพชร,Kamphaeng Phet,ทรายทองวัฒนา,Sai Thong Watthana,ทุ่งทอง,Thung Thong
กำแพงเพชร,Kamphaeng Phet,ทรายทองวัฒนา,Sai Thong Watthana,ถาวรวัฒนา,Thawon Watthana
กำแพงเพชร,Kamphaeng Phet,ปางศิลาทอง,Pang Sila Thong,โพธิ์ทอง,Pho Thong
กำแพงเพชร,Kamphaeng Phet,ปางศิลาทอง,Pang Sila Thong,หินดาต,Hin Dat
กำแพงเพชร,Kamphaeng Phet,ปางศิลาทอง,Pang Sila Thong,ปางตาไว,Pang Ta Wai
กำแพงเพชร,Kamphaeng Phet,บึงสามัคคี,Bueng Samakkhi,บึงสามัคคี,Bueng Samakkhi
กำแพงเพชร,Kamphaeng Phet,บึงสามัคคี,Bueng Samakkhi,วังชะโอน,Wang Cha-on
กำแพงเพชร,Kamphaeng Phet,บึงสามัคคี,Bueng Samakkhi,ระหาน,Rahan
กำแพงเพชร,Kamphaeng Phet,บึงสามัคคี,Bueng Samakkhi,เทพนิมิต,Thep Nimit
กำแพงเพชร,Kamphaeng Phet,โกสัมพีนคร,Kosamphi Nakhon,โกสัมพี,Kosamphi
กำแพงเพชร,Kamphaeng Phet,โกสัมพีนคร,Kosamphi Nakhon,เพชรชมภู,Phet Chomphu
กำแพงเพชร,Kamphaeng Phet,โกสัมพีนคร,Kosamphi Nakhon,ลานดอกไม้ตก,Lan Dokmai Tok
ตาก,Tak,เมืองตาก,Mueang Tak,ระแหง,Rahaeng
ตาก,Tak,เมืองตาก,Mueang Tak,หนองหลวง,Nong Luang
ตาก,Tak,เมืองตาก,Mueang Tak,เชียงเงิน,Chiang Ngoen
ตาก,Tak,เมืองตาก,Mueang Tak,หัวเดียด,Hua Diat
ตาก,Tak,เมืองตาก,Mueang Tak,หนองบัวเหนือ,Nong Bua Nuea
ตาก,Tak,เมืองตาก,Mueang Tak,ไม้งาม,Mai Ngam
ตาก,Tak,เมืองตาก,Mueang Tak,โป่งแดง,Pong Daeng
ตาก,Tak,เมืองตาก,Mueang Tak,น้ำรึม,Nam Ruem
ตาก,Tak,เมืองตาก,Mueang Tak,วังหิน,Wang Hin
ตาก,Tak,เมืองตาก,Mueang Tak,แม่ท้อ,Mae Tho
ตาก,Tak,เมืองตาก,Mueang Tak,ป่ามะม่วง,Pa Mamuang
ตาก,Tak,เมืองตาก,Mueang Tak,หนองบัวใต้,Nong Bua Tai
ตาก,Tak,เมืองตาก,Mueang Tak,วังประจบ,Wang Prachop
ตาก,Tak,เมืองตาก,Mueang Tak,ตลุกกลางทุ่ง,Taluk Klang Thung
ตาก,Tak,บ้านตาก,Ban Tak,ตากออก,Tak Ok
ตาก,Tak,บ้านตาก,Ban Tak,สมอโคน,Samo Khon
ตาก,Tak,บ้านตาก,Ban Tak,แม่สลิด,Mae Salit
ตาก,Tak,บ้านตาก,Ban Tak,ตากตก,Tak Tok
ตาก,Tak,บ้านตาก,Ban Tak,เกาะตะเภา,Ko Taphao
ตาก,Tak,บ้านตาก,Ban Tak,ทุ่งกระเชาะ,Thung Kracho
ตาก,Tak,บ้านตาก,Ban Tak,ท้องฟ้า,Thong Fa
ตาก,Tak,สามเงา,Sam Ngao,สามเงา,Sam Ngao
ตาก,Tak,สามเงา,Sam Ngao,วังหมัน,Wang Man
ตาก,Tak,สามเงา,Sam Ngao,ยกกระบัตร,Yokkrabat
ตาก,Tak,สามเงา,Sam Ngao,ย่านรี,Yan Ri
ตาก,Tak,สามเงา,Sam Ngao,บ้านนา,Ban Na
ตาก,Tak,สามเงา,Sam Ngao,วังจันทร์,Wang Chan
ตาก,Tak,แม่ระมาด,Mae Ramat,แม่ระมาด,Mae Ramat
ตาก,Tak,แม่ระมาด,Mae Ramat,แม่จะเรา,Mae Charao
ตาก,Tak,แม่ระมาด,Mae Ramat,ขะเนจื้อ,Khane Chue
ตาก,Tak,แม่ระมาด,Mae Ramat,แม่ตื่น,Mae Tuen
ตาก,Tak,แม่ระมาด,Mae Ramat,สามหมื่น,Sam Muen
ตาก,Tak,แม่ระมาด,Mae Ramat,พระธาตุ,Phra That
ตาก,Tak,ท่าสองยาง,Tha Song Yang,ท่าสองยาง,Tha Song Yang
ตาก,Tak,ท่าสองยาง,Tha Song Yang,แม่ต้าน,Mae Tan
ตาก,Tak,ท่าสองยาง,Tha Song Yang,แม่สอง,Mae Song
ตาก,Tak,ท่าสองยาง,Tha Song Yang,แม่หละ,Mae La
ตาก,Tak,ท่าสองยาง,Tha Song Yang,แม่วะหลวง,Mae Wa Luang
ตาก,Tak,ท่าสองยาง,Tha Song Yang,แม่อุสุ,Mae Usu
ตาก,Tak,แม่สอด,Mae Sot,แม่สอด,Mae Sot
ตาก,Tak,แม่สอด,Mae Sot,แม่กุ,Mae Ku
ตาก,Tak,แม่สอด,Mae Sot,พะวอ,Phawo
ตาก,Tak,แม่สอด,Mae Sot,แม่ตาว,Mae Tao
ตาก,Tak,แม่สอด,Mae Sot,แม่กาษา,Mae Kasa
ตาก,Tak,แม่สอด,Mae Sot,ท่าสายลวด,Tha Sai Luat
ตาก,Tak,แม่สอด,Mae Sot,แม่ปะ,Mae Pa
ตาก,Tak,แม่สอด,Mae Sot,มหาวัน,Mahawan
ตาก,Tak,แม่สอด,Mae Sot,ด่านแม่ละเมา,Dan Mae Lamao
ตาก,Tak,แม่สอด,Mae Sot,พระธาตุผาแดง,Phra That Pha Daeng
ตาก,Tak,พบพระ,Phop Phra,พบพระ,Phop Phra
ตาก,Tak,พบพระ,Phop Phra,ช่องแคบ,Chong Khaep
ตาก,Tak,พบพระ,Phop Phra,คีรีราษฎร์,Khiri Rat
ตาก,Tak,พบพระ,Phop Phra,วาเล่ย์,Wale
ตาก,Tak,พบพระ,Phop Phra,รวมไทยพัฒนา,Ruam Thai Phatthana
ตาก,Tak,อุ้มผาง,Umphang,อุ้มผาง,Umphang
ตาก,Tak,อุ้มผาง,Umphang,หนองหลวง,Nong Luang
ตาก,Tak,อุ้มผาง,Umphang,โมโกร,Mokro
ตาก,Tak,อุ้มผาง,Umphang,แม่จัน,Mae Chan
ตาก,Tak,อุ้มผาง,Umphang,แม่ละมุ้ง,Mae Lamung
ตาก,Tak,อุ้มผาง,Umphang,แม่กลอง,Mae Klong
ตาก,Tak,วังเจ้า,Wang Chao,เชียงทอง,Chiang Thong
ตาก,Tak,วังเจ้า,Wang Chao,นาโบสถ์,Na Bot
ตาก,Tak,วังเจ้า,Wang Chao,ประดาง,Pradang
สุโขทัย,Sukhothai,เมืองสุโขทัย,Mueang Sukhothai,ธานี,Thani
สุโขทัย,Sukhothai,เมืองสุโขทัย,Mueang Sukhothai,บ้านสวน,Ban Suan
สุโขทัย,Sukhothai,เมืองสุโขทัย,Mueang Sukhothai,เมืองเก่า,Mueang Kao
สุโขทัย,Sukhothai,เมืองสุโขทัย,Mueang Sukhothai,ปากแคว,Pak Khwae
สุโขทัย,Sukhothai,เมืองสุโขทัย,Mueang Sukhothai,ยางซ้าย,Yang Sai
สุโขทัย,Sukhothai,เมืองสุโขทัย,Mueang Sukhothai,บ้านกล้วย,Ban Kluai
สุโขทัย,Sukhothai,เมืองสุโขทัย,Mueang Sukhothai,บ้านหลุม,Ban Lum
สุโขทัย,Sukhothai,เมืองสุโขทัย,Mueang Sukhothai,ตาลเตี้ย,Tan Tia
สุโขทัย,Sukhothai,เมืองสุโขทัย,Mueang Sukhothai,ปากพระ,Pak Phra
สุโขทัย,Sukhothai,เมืองสุโขทัย,Mueang Sukhothai,วังทองแดง,Wang Thongdaeng
สุโขทัย,Sukhothai,บ้านด่านลานหอย,Ban Dan Lan Hoi,ลานหอย,Lan Hoi
สุโขทัย,Sukhothai,บ้านด่านลานหอย,Ban Dan Lan Hoi,บ้านด่าน,Ban Dan
สุโขทัย,Sukhothai,บ้านด่านลานหอย,Ban Dan Lan Hoi,วังตะคร้อ,Wang Takhro
สุโขทัย,Sukhothai,บ้านด่านลานหอย,Ban Dan Lan Hoi,วังน้ำขาว,Wang Nam Khao
สุโขทัย,Sukhothai,บ้านด่านลานหอย,Ban Dan Lan Hoi,ตลิ่งชัน,Taling Chan
สุโขทัย,Sukhothai,บ้านด่านลานหอย,Ban Dan Lan Hoi,หนองหญ้าปล้อง,Nong Ya Plong
สุโขทัย,Sukhothai,บ้านด่านลานหอย,Ban Dan Lan Hoi,วังลึก,Wang Luek
สุโขทัย,Sukhothai,คีรีมาศ,Khiri Mat,โตนด,Tanot
สุโขทัย,Sukhothai,คีรีมาศ,Khiri Mat,ทุ่งหลวง,Thung Luang
สุโขทัย,Sukhothai,คีรีมาศ,Khiri Mat,บ้านป้อม,Ban Pom
สุโขทัย,Sukhothai,คีรีมาศ,Khiri Mat,สามพวง,Sam Phuang
สุโขทัย,Sukhothai,คีรีมาศ,Khiri Mat,ศรีคีรีมาศ,Si Khiri Mat
สุโขทัย,Sukhothai,คีรีมาศ,Khiri Mat,หนองจิก,Nong Chik
สุโขทัย,Sukhothai,คีรีมาศ,Khiri Mat,นาเชิงคีรี,Na Choeng Khiri
สุโขทัย,Sukhothai,คีรีมาศ,Khiri Mat,หนองกระดิ่ง,Nong Krading
สุโขทัย,Sukhothai,คีรีมาศ,Khiri Mat,บ้านน้ำพุ,Ban Nam Phu
สุโขทัย,Sukhothai,คีรีมาศ,Khiri Mat,ทุ่งยางเมือง,Thung Yang Mueang
สุโขทัย,Sukhothai,กงไกรลาศ,Kong Krailat,กง,Kong
สุโขทัย,Sukhothai,กงไกรลาศ,Kong Krailat,บ้านกร่าง,Ban Krang
สุโขทัย,Sukhothai,กงไกรลาศ,Kong Krailat,ไกรนอก,Krai Nok
สุโขทัย,Sukhothai,กงไกรลาศ,Kong Krailat,ไกรกลาง,Krai Klang
สุโขทัย,Sukhothai,กงไกรลาศ,Kong Krailat,ไกรใน,Krai Nai
สุโขทัย,Sukhothai,กงไกรลาศ,Kong Krailat,ดงเดือย,Dong Dueai
สุโขทัย,Sukhothai,กงไกรลาศ,Kong Krailat,ป่าแฝก,Pa Faek
สุโขทัย,Sukhothai,กงไกรลาศ,Kong Krailat,กกแรต,Kok Raet
สุโขทัย,Sukhothai,กงไกรลาศ,Kong Krailat,ท่าฉนวน,Tha Chanuan
สุโขทัย,Sukhothai,กงไกรลาศ,Kong Krailat,หนองตูม,Nong Tum
สุโขทัย,Sukhothai,กงไกรลาศ,Kong Krailat,บ้านใหม่สุขเกษม,Ban Mai Suk Kasem
สุโขทัย,Sukhothai,ศรีสัชนาลัย,Si Satchanalai,หาดเสี้ยว,Hat Siao
สุโขทัย,Sukhothai,ศรีสัชนาลัย,Si Satchanalai,ป่างิ้ว,Pa Ngio
สุโขทัย,Sukhothai,ศรีสัชนาลัย,Si Satchanalai,แม่สำ,Mae Sam
สุโขทัย,Sukhothai,ศรีสัชนาลัย,Si Satchanalai,แม่สิน,Mae Sin
สุโขทัย,Sukhothai,ศรีสัชนาลัย,Si Satchanalai,บ้านตึก,Ban Tuek
สุโขทัย,Sukhothai,ศรีสัชนาลัย,Si Satchanalai,หนองอ้อ,Nong O
สุโขทัย,Sukhothai,ศรีสัชนาลัย,Si Satchanalai,ท่าชัย,Tha Chai
สุโขทัย,Sukhothai,ศรีสัชนาลัย,Si Satchanalai,ศรีสัชนาลัย,Si Satchanalai
สุโขทัย,Sukhothai,ศรีสัชนาลัย,Si Satchanalai,ดงคู่,Dong Khu
สุโขทัย,Sukhothai,ศรีสัชนาลัย,Si Satchanalai,บ้านแก่ง,Ban Kaeng
สุโขทัย,Sukhothai,ศรีสัชนาลัย,Si Satchanalai,สารจิตร,San Chit
สุโขทัย,Sukhothai,ศรีสำโรง,Si Samrong,คลองตาล,Khlong Tan
สุโขทัย,Sukhothai,ศรีสำโรง,Si Samrong,วังลึก,Wang Luek
สุโขทัย,Sukhothai,ศรีสำโรง,Si Samrong,สามเรือน,Sam Ruean
สุโขทัย,Sukhothai,ศรีสำโรง,Si Samrong,บ้านนา,Ban Na
สุโขทัย,Sukhothai,ศรีสำโรง,Si Samrong,วังทอง,Wang Thong
สุโขทัย,Sukhothai,ศรีสำโรง,Si Samrong,นาขุนไกร,Na Khun Krai
สุโขทัย,Sukhothai,ศรีสำโรง,Si Samrong,เกาะตาเลี้ยง,Ko Ta Liang
สุโขทัย,Sukhothai,ศรีสำโรง,Si Samrong,วัดเกาะ,Wat Ko
สุโขทัย,Sukhothai,ศรีสำโรง,Si Samrong,บ้านไร่,Ban Rai
สุโขทัย,Sukhothai,ศรีสำโรง,Si Samrong,ทับผึ้ง,Thap Phueng
สุโขทัย,Sukhothai,ศรีสำโรง,Si Samrong,บ้านซ่าน,Ban San
สุโขทัย,Sukhothai,ศรีสำโรง,Si Samrong,วังใหญ่,Wang Yai
สุโขทัย,Sukhothai,ศรีสำโรง,Si Samrong,ราวต้นจันทร์,Rao Ton Chan
สุโขทัย,Sukhothai,สวรรคโลก,Sawankhalok,เมืองสวรรคโลก,Mueang Sawankhalok
สุโขทัย,Sukhothai,สวรรคโลก,Sawankhalok,ในเมือง,Nai Mueang
สุโขทัย,Sukhothai,สวรรคโลก,Sawankhalok,คลองกระจง,Khlong Krachong
สุโขทัย,Sukhothai,สวรรคโลก,Sawankhalok,วังพิณพาทย์,Wang Phinphat
สุโขทัย,Sukhothai,สวรรคโลก,Sawankhalok,วังไม้ขอน,Wang Mai Khon
สุโขทัย,Sukhothai,สวรรคโลก,Sawankhalok,ย่านยาว,Yan Yao
สุโขทัย,Sukhothai,สวรรคโลก,Sawankhalok,นาทุ่ง,Na Thung
สุโขทัย,Sukhothai,สวรรคโลก,Sawankhalok,คลองยาง,Khlong Yao
สุโขทัย,Sukhothai,สวรรคโลก,Sawankhalok,เมืองบางยม,Mueang Bang Yom
สุโขทัย,Sukhothai,สวรรคโลก,Sawankhalok,ท่าทอง,Tha Thong
สุโขทัย,Sukhothai,สวรรคโลก,Sawankhalok,ปากน้ำ,Pak Nam
สุโขทัย,Sukhothai,สวรรคโลก,Sawankhalok,ป่ากุมเกาะ,Pa Kum Ko
สุโขทัย,Sukhothai,สวรรคโลก,Sawankhalok,เมืองบางขลัง,Mueang Bang Khlang
สุโขทัย,Sukhothai,สวรรคโลก,Sawankhalok,หนองกลับ,Nong Klap
สุโขทัย,Sukhothai,ศรีนคร,Si Nakhon,ศรีนคร,Si Nakhon
สุโขทัย,Sukhothai,ศรีนคร,Si Nakhon,นครเดิฐ,Nakhon Doet
สุโขทัย,Sukhothai,ศรีนคร,Si Nakhon,น้ำขุม,Nam Khum
สุโขทัย,Sukhothai,ศรีนคร,Si Nakhon,คลองมะพลับ,Khlong Maphlap
สุโขทัย,Sukhothai,ศรีนคร,Si Nakhon,หนองบัว,Nong Bua
สุโขทัย,Sukhothai,ทุ่งเสลี่ยม,Thung Saliam,บ้านใหม่ไชยมงคล,Ban Mai Chai Mongkhon
สุโขทัย,Sukhothai,ทุ่งเสลี่ยม,Thung Saliam,ไทยชนะศึก,Thai Chana Suek
สุโขทัย,Sukhothai,ทุ่งเสลี่ยม,Thung Saliam,ทุ่งเสลี่ยม,Thung Saliam
สุโขทัย,Sukhothai,ทุ่งเสลี่ยม,Thung Saliam,กลางดง,Klang Dong
สุโขทัย,Sukhothai,ทุ่งเสลี่ยม,Thung Saliam,เขาแก้วศรีสมบูรณ์,Khaokaw Si Somboon
พิษณุโลก,Phitsanulok,เมืองพิษณุโลก,Mueang Phitsanulok,ในเมือง,Nai Mueang
พิษณุโลก,Phitsanulok,เมืองพิษณุโลก,Mueang Phitsanulok,วังน้ำคู้,Wang Nam Khu
พิษณุโลก,Phitsanulok,เมืองพิษณุโลก,Mueang Phitsanulok,วัดจันทร์,Wat Chan
พิษณุโลก,Phitsanulok,เมืองพิษณุโลก,Mueang Phitsanulok,วัดพริก,Wat Phrik
พิษณุโลก,Phitsanulok,เมืองพิษณุโลก,Mueang Phitsanulok,ท่าทอง,Tha Thong
พิษณุโลก,Phitsanulok,เมืองพิษณุโลก,Mueang Phitsanulok,ท่าโพธิ์,Tha Pho
พิษณุโลก,Phitsanulok,เมืองพิษณุโลก,Mueang Phitsanulok,สมอแข,Samo Khae
พิษณุโลก,Phitsanulok,เมืองพิษณุโลก,Mueang Phitsanulok,ดอนทอง,Don Thong
พิษณุโลก,Phitsanulok,เมืองพิษณุโลก,Mueang Phitsanulok,บ้านป่า,Ban Pa
พิษณุโลก,Phitsanulok,เมืองพิษณุโลก,Mueang Phitsanulok,ปากโทก,Pak Thok
พิษณุโลก,Phitsanulok,เมืองพิษณุโลก,Mueang Phitsanulok,หัวรอ,Hua Ro
พิษณุโลก,Phitsanulok,เมืองพิษณุโลก,Mueang Phitsanulok,จอมทอง,Chom Thong
พิษณุโลก,Phitsanulok,เมืองพิษณุโลก,Mueang Phitsanulok,บ้านกร่าง,Ban Krang
พิษณุโลก,Phitsanulok,เมืองพิษณุโลก,Mueang Phitsanulok,บ้านคลอง,Ban Khlong
พิษณุโลก,Phitsanulok,เมืองพิษณุโลก,Mueang Phitsanulok,พลายชุมพล,Phlai Chumphon
พิษณุโลก,Phitsanulok,เมืองพิษณุโลก,Mueang Phitsanulok,มะขามสูง,Makham Sung
พิษณุโลก,Phitsanulok,เมืองพิษณุโลก,Mueang Phitsanulok,อรัญญิก,Aranyik
พิษณุโลก,Phitsanulok,เมืองพิษณุโลก,Mueang Phitsanulok,บึงพระ,Bueng Phra
พิษณุโลก,Phitsanulok,เมืองพิษณุโลก,Mueang Phitsanulok,ไผ่ขอดอน,Phai Kho Don
พิษณุโลก,Phitsanulok,เมืองพิษณุโลก,Mueang Phitsanulok,งิ้วงาม,Ngio Ngam
พิษณุโลก,Phitsanulok,นครไทย,Nakhon Thai,นครไทย,Nakhon Thai
พิษณุโลก,Phitsanulok,นครไทย,Nakhon Thai,หนองกะท้าว,Nong Kathao
พิษณุโลก,Phitsanulok,นครไทย,Nakhon Thai,บ้านแยง,Ban Yaeng
พิษณุโลก,Phitsanulok,นครไทย,Nakhon Thai,เนินเพิ่ม,Noen Phoem
พิษณุโลก,Phitsanulok,นครไทย,Nakhon Thai,นาบัว,Na Bua
พิษณุโลก,Phitsanulok,นครไทย,Nakhon Thai,นครชุม,Nakhon Chum
พิษณุโลก,Phitsanulok,นครไทย,Nakhon Thai,น้ำกุ่ม,Nam Kum
พิษณุโลก,Phitsanulok,นครไทย,Nakhon Thai,ยางโกลน,Yang Klon
พิษณุโลก,Phitsanulok,นครไทย,Nakhon Thai,บ่อโพธิ์,Bo Pho
พิษณุโลก,Phitsanulok,นครไทย,Nakhon Thai,บ้านพร้าว,Ban Phrao
พิษณุโลก,Phitsanulok,นครไทย,Nakhon Thai,ห้วยเฮี้ย,Huai Hia
พิษณุโลก,Phitsanulok,ชาติตระการ,Chat Trakan,ป่าแดง,Pa Daeng
พิษณุโลก,Phitsanulok,ชาติตระการ,Chat Trakan,ชาติตระการ,Chat Trakan
พิษณุโลก,Phitsanulok,ชาติตระการ,Chat Trakan,สวนเมี่ยง,Suan Miang
พิษณุโลก,Phitsanulok,ชาติตระการ,Chat Trakan,บ้านดง,Ban Dong
พิษณุโลก,Phitsanulok,ชาติตระการ,Chat Trakan,บ่อภาค,Bo Phak
พิษณุโลก,Phitsanulok,ชาติตระการ,Chat Trakan,ท่าสะแก,Tha Sakae
พิษณุโลก,Phitsanulok,บางระกำ,Bang Rakam,บางระกำ,Bang Rakam
พิษณุโลก,Phitsanulok,บางระกำ,Bang Rakam,ปลักแรด,Plak Raet
พิษณุโลก,Phitsanulok,บางระกำ,Bang Rakam,พันเสา,Phan Sao
พิษณุโลก,Phitsanulok,บางระกำ,Bang Rakam,วังอิทก,Wang Ithok
พิษณุโลก,Phitsanulok,บางระกำ,Bang Rakam,บึงกอก,Bueng Kok
พิษณุโลก,Phitsanulok,บางระกำ,Bang Rakam,หนองกุลา,Nong Kula
พิษณุโลก,Phitsanulok,บางระกำ,Bang Rakam,ชุมแสงสงคราม,Chum Saeng Songkhram
พิษณุโลก,Phitsanulok,บางระกำ,Bang Rakam,นิคมพัฒนา,Nikhom Phatthana
พิษณุโลก,Phitsanulok,บางระกำ,Bang Rakam,บ่อทอง,Bo Thong
พิษณุโลก,Phitsanulok,บางระกำ,Bang Rakam,ท่านางงาม,Tha Nang Ngam
พิษณุโลก,Phitsanulok,บางระกำ,Bang Rakam,คุยม่วง,Khui Muang
พิษณุโลก,Phitsanulok,บางกระทุ่ม,Bang Krathum,บางกระทุ่ม,Bang Krathum
พิษณุโลก,Phitsanulok,บางกระทุ่ม,Bang Krathum,บ้านไร่,Ban Rai
พิษณุโลก,Phitsanulok,บางกระทุ่ม,Bang Krathum,โคกสลุด,Khok Salut
พิษณุโลก,Phitsanulok,บางกระทุ่ม,Bang Krathum,สนามคลี,Sanam Khli
พิษณุโลก,Phitsanulok,บางกระทุ่ม,Bang Krathum,ท่าตาล,Tha Tan
พิษณุโลก,Phitsanulok,บางกระทุ่ม,Bang Krathum,ไผ่ล้อม,Phai Lom
พิษณุโลก,Phitsanulok,บางกระทุ่ม,Bang Krathum,นครป่าหมาก,Nakhon Pa Mak
พิษณุโลก,Phitsanulok,บางกระทุ่ม,Bang Krathum,เนินกุ่ม,Noen Kum
พิษณุโลก,Phitsanulok,บางกระทุ่ม,Bang Krathum,วัดตายม,Wat Ta Yom
พิษณุโลก,Phitsanulok,พรหมพิราม,Phrom Phiram,พรหมพิราม,Phrom Phiram
พิษณุโลก,Phitsanulok,พรหมพิราม,Phrom Phiram,ท่าช้าง,Tha Chang
พิษณุโลก,Phitsanulok,พรหมพิราม,Phrom Phiram,วงฆ้อง,Wong Khong
พิษณุโลก,Phitsanulok,พรหมพิราม,Phrom Phiram,มะตูม,Matum
พิษณุโลก,Phitsanulok,พรหมพิราม,Phrom Phiram,หอกลอง,Ho Klong
พิษณุโลก,Phitsanulok,พรหมพิราม,Phrom Phiram,ศรีภิรมย์,Si Phirom
พิษณุโลก,Phitsanulok,พรหมพิราม,Phrom Phiram,ตลุกเทียม,Taluk Thiam
พิษณุโลก,Phitsanulok,พรหมพิราม,Phrom Phiram,วังวน,Wang Won
พิษณุโลก,Phitsanulok,พรหมพิราม,Phrom Phiram,หนองแขม,Nong Khaem
พิษณุโลก,Phitsanulok,พรหมพิราม,Phrom Phiram,มะต้อง,Matong
พิษณุโลก,Phitsanulok,พรหมพิราม,Phrom Phiram,ทับยายเชียง,Thap Yai Chiang
พิษณุโลก,Phitsanulok,พรหมพิราม,Phrom Phiram,ดงประคำ,Dong Prakham
พิษณุโลก,Phitsanulok,วัดโบสถ์,Wat Bot,วัดโบสถ์,Wat Bot
พิษณุโลก,Phitsanulok,วัดโบสถ์,Wat Bot,ท่างาม,Tha Ngam
พิษณุโลก,Phitsanulok,วัดโบสถ์,Wat Bot,ท้อแท้,Thothae
พิษณุโลก,Phitsanulok,วัดโบสถ์,Wat Bot,บ้านยาง,Ban Yang
พิษณุโลก,Phitsanulok,วัดโบสถ์,Wat Bot,หินลาด,Hin Lat
พิษณุโลก,Phitsanulok,วัดโบสถ์,Wat Bot,คันโช้ง,Khan Chong
พิษณุโลก,Phitsanulok,วังทอง,Wang Thong,วังทอง,Wang Thong
พิษณุโลก,Phitsanulok,วังทอง,Wang Thong,พันชาลี,Phan Chali
พิษณุโลก,Phitsanulok,วังทอง,Wang Thong,แม่ระกา,Mae Raka
พิษณุโลก,Phitsanulok,วังทอง,Wang Thong,บ้านกลาง,Ban Klang
พิษณุโลก,Phitsanulok,วังทอง,Wang Thong,วังพิกุล,Wang Phikun
พิษณุโลก,Phitsanulok,วังทอง,Wang Thong,แก่งโสภา,Kaeng Sopha
พิษณุโลก,Phitsanulok,วังทอง,Wang Thong,ท่าหมื่นราม,Tha Muen Ram
พิษณุโลก,Phitsanulok,วังทอง,Wang Thong,วังนกแอ่น,Wang Nok Aen
พิษณุโลก,Phitsanulok,วังทอง,Wang Thong,หนองพระ,Nong Phra
พิษณุโลก,Phitsanulok,วังทอง,Wang Thong,ชัยนาม,Chaiyanam
พิษณุโลก,Phitsanulok,วังทอง,Wang Thong,ดินทอง,Din Thong
พิษณุโลก,Phitsanulok,เนินมะปราง,Noen Maprang,ชมพู,Chomphu
พิษณุโลก,Phitsanulok,เนินมะปราง,Noen Maprang,บ้านมุง,Ban Mung
พิษณุโลก,Phitsanulok,เนินมะปราง,Noen Maprang,ไทรย้อย,Sai Yoi
พิษณุโลก,Phitsanulok,เนินมะปราง,Noen Maprang,วังโพรง,Wang Phrong
พิษณุโลก,Phitsanulok,เนินมะปราง,Noen Maprang,บ้านน้อยซุ้มขี้เหล็ก,Ban Noi Sum Khilek
พิษณุโลก,Phitsanulok,เนินมะปราง,Noen Maprang,เนินมะปราง,Noen Maprang
พิษณุโลก,Phitsanulok,เนินมะปราง,Noen Maprang,วังยาง,Wang Yang
พิษณุโลก,Phitsanulok,เนินมะปราง,Noen Maprang,โคกแหลม,Khok Laem
พิจิตร,Phichit,เมืองพิจิตร,Mueang Phichit,ในเมือง,Nai Mueang
พิจิตร,Phichit,เมืองพิจิตร,Mueang Phichit,ไผ่ขวาง,Phai Khwang
พิจิตร,Phichit,เมืองพิจิตร,Mueang Phichit,ย่านยาว,Yan Yao
พิจิตร,Phichit,เมืองพิจิตร,Mueang Phichit,ท่าฬ่อ,Tha Lo
พิจิตร,Phichit,เมืองพิจิตร,Mueang Phichit,ปากทาง,Pak Thang
พิจิตร,Phichit,เมืองพิจิตร,Mueang Phichit,คลองคะเชนทร์,Khlong Khachen
พิจิตร,Phichit,เมืองพิจิตร,Mueang Phichit,โรงช้าง,Rong Chang
พิจิตร,Phichit,เมืองพิจิตร,Mueang Phichit,เมืองเก่า,Mueang Kao
พิจิตร,Phichit,เมืองพิจิตร,Mueang Phichit,ท่าหลวง,Tha Luang
พิจิตร,Phichit,เมืองพิจิตร,Mueang Phichit,บ้านบุ่ง,Ban Bung
พิจิตร,Phichit,เมืองพิจิตร,Mueang Phichit,ฆะมัง,Khamang
พิจิตร,Phichit,เมืองพิจิตร,Mueang Phichit,ดงป่าคำ,Dong Pa Kham
พิจิตร,Phichit,เมืองพิจิตร,Mueang Phichit,หัวดง,Hua Dong
พิจิตร,Phichit,เมืองพิจิตร,Mueang Phichit,ป่ามะคาบ,Pa Makhap
พิจิตร,Phichit,เมืองพิจิตร,Mueang Phichit,สายคำโห้,Sai Kham Ho
พิจิตร,Phichit,เมืองพิจิตร,Mueang Phichit,ดงกลาง,Dong Klang
พิจิตร,Phichit,วังทรายพูน,Wang Sai Phun,วังทรายพูน,Wang Sai Phun
พิจิตร,Phichit,วังทรายพูน,Wang Sai Phun,หนองปลาไหล,Nong Pla Lai
พิจิตร,Phichit,วังทรายพูน,Wang Sai Phun,หนองพระ,Nong Phra
พิจิตร,Phichit,วังทรายพูน,Wang Sai Phun,หนองปล้อง,Nong Plong
พิจิตร,Phichit,โพธิ์ประทับช้าง,Pho Prathap Chang,โพธิ์ประทับช้าง,Pho Prathap Chang
พิจิตร,Phichit,โพธิ์ประทับช้าง,Pho Prathap Chang,ไผ่ท่าโพ,Phai Tha Pho
พิจิตร,Phichit,โพธิ์ประทับช้าง,Pho Prathap Chang,วังจิก,Wang Chik
พิจิตร,Phichit,โพธิ์ประทับช้าง,Pho Prathap Chang,ไผ่รอบ,Phai Rop
พิจิตร,Phichit,โพธิ์ประทับช้าง,Pho Prathap Chang,ดงเสือเหลือง,Dong Suea Lueang
พิจิตร,Phichit,โพธิ์ประทับช้าง,Pho Prathap Chang,เนินสว่าง,Noen Sawang
พิจิตร,Phichit,โพธิ์ประทับช้าง,Pho Prathap Chang,ทุ่งใหญ่,Thung Yai
พิจิตร,Phichit,ตะพานหิน,Taphan Hin,ตะพานหิน,Taphan Hin
พิจิตร,Phichit,ตะพานหิน,Taphan Hin,งิ้วราย,Ngio Rai
พิจิตร,Phichit,ตะพานหิน,Taphan Hin,ห้วยเกตุ,Huai Ket
พิจิตร,Phichit,ตะพานหิน,Taphan Hin,ไทรโรงโขน,Sai Rong Khon
พิจิตร,Phichit,ตะพานหิน,Taphan Hin,หนองพยอม,Nong Phayom
พิจิตร,Phichit,ตะพานหิน,Taphan Hin,ทุ่งโพธิ์,Tung Pho
พิจิตร,Phichit,ตะพานหิน,Taphan Hin,ดงตะขบ,Dong Takhop
พิจิตร,Phichit,ตะพานหิน,Taphan Hin,คลองคูณ,Khlong Khun
พิจิตร,Phichit,ตะพานหิน,Taphan Hin,วังสำโรง,Wang Samrong
พิจิตร,Phichit,ตะพานหิน,Taphan Hin,วังหว้า,Wang Wa
พิจิตร,Phichit,ตะพานหิน,Taphan Hin,วังหลุม,Wang Lum
พิจิตร,Phichit,ตะพานหิน,Taphan Hin,ทับหมัน,Thap Man
พิจิตร,Phichit,ตะพานหิน,Taphan Hin,ไผ่หลวง,Phai Luang
พิจิตร,Phichit,บางมูลนาก,Bang Mun Nak,บางมูลนาก,Bang Mun Nak
พิจิตร,Phichit,บางมูลนาก,Bang Mun Nak,บางไผ่,Bang Phai
พิจิตร,Phichit,บางมูลนาก,Bang Mun Nak,หอไกร,Ho Krai
พิจิตร,Phichit,บางมูลนาก,Bang Mun Nak,เนินมะกอก,Noen Makok
พิจิตร,Phichit,บางมูลนาก,Bang Mun Nak,วังสำโรง,Wang Samrong
พิจิตร,Phichit,บางมูลนาก,Bang Mun Nak,ภูมิ,Phum
พิจิตร,Phichit,บางมูลนาก,Bang Mun Nak,วังกรด,Wang Krot
พิจิตร,Phichit,บางมูลนาก,Bang Mun Nak,ห้วยเขน,Huai Khen
พิจิตร,Phichit,บางมูลนาก,Bang Mun Nak,วังตะกู,Wang Taku
พิจิตร,Phichit,บางมูลนาก,Bang Mun Nak,ลำประดา,Lam Prad
พิจิตร,Phichit,โพทะเล,Pho Thale,โพทะเล,Pho Thale
พิจิตร,Phichit,โพทะเล,Pho Thale,ท้ายน้ำ,Thai Nam
พิจิตร,Phichit,โพทะเล,Pho Thale,ทะนง,Thanong
พิจิตร,Phichit,โพทะเล,Pho Thale,ท่าบัว,Tha Bua
พิจิตร,Phichit,โพทะเล,Pho Thale,ทุ่งน้อย,Thung Noi
พิจิตร,Phichit,โพทะเล,Pho Thale,ท่าขมิ้น,Tha Khamin
พิจิตร,Phichit,โพทะเล,Pho Thale,ท่าเสา,Tha Sao
พิจิตร,Phichit,โพทะเล,Pho Thale,บางคลาน,Bang Khlan
พิจิตร,Phichit,โพทะเล,Pho Thale,ท่านั่ง,Tha Nang
พิจิตร,Phichit,โพทะเล,Pho Thale,บ้านน้อย,Ban Noi
พิจิตร,Phichit,โพทะเล,Pho Thale,วัดขวาง,Wat Khwang
พิจิตร,Phichit,สามง่าม,Sam Ngam,สามง่าม,Sam Ngam
พิจิตร,Phichit,สามง่าม,Sam Ngam,กำแพงดิน,Kamphaeng Din
พิจิตร,Phichit,สามง่าม,Sam Ngam,รังนก,Rang Nok
พิจิตร,Phichit,สามง่าม,Sam Ngam,เนินปอ,Noen Po
พิจิตร,Phichit,สามง่าม,Sam Ngam,หนองโสน,Nong Sano
พิจิตร,Phichit,ทับคล้อ,Tap Khlo,ทับคล้อ,Thap Khlo
พิจิตร,Phichit,ทับคล้อ,Tap Khlo,เขาทราย,Khao Sai
พิจิตร,Phichit,ทับคล้อ,Tap Khlo,เขาเจ็ดลูก,Khao Chet Luk
พิจิตร,Phichit,ทับคล้อ,Tap Khlo,ท้ายทุ่ง,Tai Toong
พิจิตร,Phichit,สากเหล็ก,Sak Lek,สากเหล็ก,Sak Lek
พิจิตร,Phichit,สากเหล็ก,Sak Lek,ท่าเยี่ยม,Tha Yiam
พิจิตร,Phichit,สากเหล็ก,Sak Lek,คลองทราย,Khlong Sai
พิจิตร,Phichit,สากเหล็ก,Sak Lek,หนองหญ้าไทร,Nong Ya Sai
พิจิตร,Phichit,สากเหล็ก,Sak Lek,วังทับไทร,Wang Thap Sai
พิจิตร,Phichit,บึงนาราง,Bueng Na Rang,ห้วยแก้ว,Huai Kaeo
พิจิตร,Phichit,บึงนาราง,Bueng Na Rang,โพธิ์ไทรงาม,Pho Sai Ngam
พิจิตร,Phichit,บึงนาราง,Bueng Na Rang,แหลมรัง,Laem Rang
พิจิตร,Phichit,บึงนาราง,Bueng Na Rang,บางลาย,Bang Lai
พิจิตร,Phichit,บึงนาราง,Bueng Na Rang,บึงนาราง,Bueng Na Rang
พิจิตร,Phichit,ดงเจริญ,Dong Charoen,วังงิ้วใต้,Wang Ngio Tai
พิจิตร,Phichit,ดงเจริญ,Dong Charoen,วังงิ้ว,Wang Ngio
พิจิตร,Phichit,ดงเจริญ,Dong Charoen,ห้วยร่วม,Huai Ruam
พิจิตร,Phichit,ดงเจริญ,Dong Charoen,ห้วยพุก,Huai Phuk
พิจิตร,Phichit,ดงเจริญ,Dong Charoen,สำนักขุนเณร,Samnak Khun Nen
พิจิตร,Phichit,วชิรบารมี,Wachirabarami,บ้านนา,Ban Na
พิจิตร,Phichit,วชิรบารมี,Wachirabarami,บึงบัว,Bueng Bua
พิจิตร,Phichit,วชิรบารมี,Wachirabarami,วังโมกข์,Wang Mok
พิจิตร,Phichit,วชิรบารมี,Wachirabarami,หนองหลุม,Nong Lum
เพชรบูรณ์,Phetchabun,เมืองเพชรบูรณ์,Mueang Phetchabun,ในเมือง,Nai Mueang
เพชรบูรณ์,Phetchabun,เมืองเพชรบูรณ์,Mueang Phetchabun,ตะเบาะ,Tabo
เพชรบูรณ์,Phetchabun,เมืองเพชรบูรณ์,Mueang Phetchabun,บ้านโตก,Ban Tok
เพชรบูรณ์,Phetchabun,เมืองเพชรบูรณ์,Mueang Phetchabun,สะเดียง,Sadiang
เพชรบูรณ์,Phetchabun,เมืองเพชรบูรณ์,Mueang Phetchabun,ป่าเลา,Pa Lao
เพชรบูรณ์,Phetchabun,เมืองเพชรบูรณ์,Mueang Phetchabun,นางั่ว,Na Ngua
เพชรบูรณ์,Phetchabun,เมืองเพชรบูรณ์,Mueang Phetchabun,ท่าพล,Tha Phon
เพชรบูรณ์,Phetchabun,เมืองเพชรบูรณ์,Mueang Phetchabun,ดงมูลเหล็ก,Dong Mun Lek
เพชรบูรณ์,Phetchabun,เมืองเพชรบูรณ์,Mueang Phetchabun,บ้านโคก,Ban Khok
เพชรบูรณ์,Phetchabun,เมืองเพชรบูรณ์,Mueang Phetchabun,ชอนไพร,Chon Phrai
เพชรบูรณ์,Phetchabun,เมืองเพชรบูรณ์,Mueang Phetchabun,นาป่า,Na Pa
เพชรบูรณ์,Phetchabun,เมืองเพชรบูรณ์,Mueang Phetchabun,นายม,Na Yom
เพชรบูรณ์,Phetchabun,เมืองเพชรบูรณ์,Mueang Phetchabun,วังชมภู,Wang Chomphu
เพชรบูรณ์,Phetchabun,เมืองเพชรบูรณ์,Mueang Phetchabun,น้ำร้อน,Nam Ron
เพชรบูรณ์,Phetchabun,เมืองเพชรบูรณ์,Mueang Phetchabun,ห้วยสะแก,Huai Sakae
เพชรบูรณ์,Phetchabun,เมืองเพชรบูรณ์,Mueang Phetchabun,ห้วยใหญ่,Huai Yai
เพชรบูรณ์,Phetchabun,เมืองเพชรบูรณ์,Mueang Phetchabun,ระวิง,Rawing
เพชรบูรณ์,Phetchabun,ชนแดน,Chon Daen,ชนแดน,Chon Daen
เพชรบูรณ์,Phetchabun,ชนแดน,Chon Daen,ดงขุย,Dong Khui
เพชรบูรณ์,Phetchabun,ชนแดน,Chon Daen,ท่าข้าม,Tha Kham
เพชรบูรณ์,Phetchabun,ชนแดน,Chon Daen,พุทธบาท,Phutthabat
เพชรบูรณ์,Phetchabun,ชนแดน,Chon Daen,ลาดแค,Lat Khae
เพชรบูรณ์,Phetchabun,ชนแดน,Chon Daen,บ้านกล้วย,Ban Kluai
เพชรบูรณ์,Phetchabun,ชนแดน,Chon Daen,ซับพุทรา,Sap Phutsa
เพชรบูรณ์,Phetchabun,ชนแดน,Chon Daen,ตะกุดไร,Takut Rai
เพชรบูรณ์,Phetchabun,ชนแดน,Chon Daen,ศาลาลาย,Sala Lai
เพชรบูรณ์,Phetchabun,หล่มสัก,Lom Sak,หล่มสัก,Lom Sak
เพชรบูรณ์,Phetchabun,หล่มสัก,Lom Sak,วัดป่า,Wat Pa
เพชรบูรณ์,Phetchabun,หล่มสัก,Lom Sak,ตาลเดี่ยว,Tan Diao
เพชรบูรณ์,Phetchabun,หล่มสัก,Lom Sak,ฝายนาแซง,Fai Na Saeng
เพชรบูรณ์,Phetchabun,หล่มสัก,Lom Sak,หนองสว่าง,Nong Sawang
เพชรบูรณ์,Phetchabun,หล่มสัก,Lom Sak,น้ำเฮี้ย,Nam Hia
เพชรบูรณ์,Phetchabun,หล่มสัก,Lom Sak,สักหลง,Sak Long
เพชรบูรณ์,Phetchabun,หล่มสัก,Lom Sak,ท่าอิบุญ,Tha Ibun
เพชรบูรณ์,Phetchabun,หล่มสัก,Lom Sak,บ้านโสก,Ban Sok
เพชรบูรณ์,Phetchabun,หล่มสัก,Lom Sak,บ้านติ้ว,Ban Tio
เพชรบูรณ์,Phetchabun,หล่มสัก,Lom Sak,ห้วยไร่,Huai Rai
เพชรบูรณ์,Phetchabun,หล่มสัก,Lom Sak,น้ำก้อ,Nam Ko
เพชรบูรณ์,Phetchabun,หล่มสัก,Lom Sak,ปากช่อง,Pak Chong
เพชรบูรณ์,Phetchabun,หล่มสัก,Lom Sak,น้ำชุน,Nam Chun
เพชรบูรณ์,Phetchabun,หล่มสัก,Lom Sak,หนองไขว่,Nong Khwai
เพชรบูรณ์,Phetchabun,หล่มสัก,Lom Sak,ลานบ่า,Lan Ba
เพชรบูรณ์,Phetchabun,หล่มสัก,Lom Sak,บุ่งคล้า,Bung Khla
เพชรบูรณ์,Phetchabun,หล่มสัก,Lom Sak,บุ่งน้ำเต้า,Bung Namtao
เพชรบูรณ์,Phetchabun,หล่มสัก,Lom Sak,บ้านกลาง,Ban Klang
เพชรบูรณ์,Phetchabun,หล่มสัก,Lom Sak,ช้างตะลูด,Chang Talut
เพชรบูรณ์,Phetchabun,หล่มสัก,Lom Sak,บ้านไร่,Ban Rai
เพชรบูรณ์,Phetchabun,หล่มสัก,Lom Sak,ปากดุก,Pak Duk
เพชรบูรณ์,Phetchabun,หล่มสัก,Lom Sak,บ้านหวาย,Ban Wai
เพชรบูรณ์,Phetchabun,หล่มเก่า,Lom Kao,หล่มเก่า,Lom Kao
เพชรบูรณ์,Phetchabun,หล่มเก่า,Lom Kao,นาซำ,Na Sam
เพชรบูรณ์,Phetchabun,หล่มเก่า,Lom Kao,หินฮาว,Hin Hao
เพชรบูรณ์,Phetchabun,หล่มเก่า,Lom Kao,บ้านเนิน,Ban Noen
เพชรบูรณ์,Phetchabun,หล่มเก่า,Lom Kao,ศิลา,Sila
เพชรบูรณ์,Phetchabun,หล่มเก่า,Lom Kao,นาแซง,Na Saeng
เพชรบูรณ์,Phetchabun,หล่มเก่า,Lom Kao,วังบาล,Wang Ban
เพชรบูรณ์,Phetchabun,หล่มเก่า,Lom Kao,นาเกาะ,Na Ko
เพชรบูรณ์,Phetchabun,หล่มเก่า,Lom Kao,ตาดกลอย,Tat Kloi
เพชรบูรณ์,Phetchabun,วิเชียรบุรี,Wichian Buri,ท่าโรง,Tha Rong
เพชรบูรณ์,Phetchabun,วิเชียรบุรี,Wichian Buri,สระประดู่,Sa Pradu
เพชรบูรณ์,Phetchabun,วิเชียรบุรี,Wichian Buri,สามแยก,Sam Yaek
เพชรบูรณ์,Phetchabun,วิเชียรบุรี,Wichian Buri,โคกปรง,Khok Prong
เพชรบูรณ์,Phetchabun,วิเชียรบุรี,Wichian Buri,น้ำร้อน,Nam Ron
เพชรบูรณ์,Phetchabun,วิเชียรบุรี,Wichian Buri,บ่อรัง,Bo Rang
เพชรบูรณ์,Phetchabun,วิเชียรบุรี,Wichian Buri,พุเตย,Phu Toei
เพชรบูรณ์,Phetchabun,วิเชียรบุรี,Wichian Buri,พุขาม,Phu Kham
เพชรบูรณ์,Phetchabun,วิเชียรบุรี,Wichian Buri,ภูน้ำหยด,Phu Nam Yot
เพชรบูรณ์,Phetchabun,วิเชียรบุรี,Wichian Buri,ซับสมบูรณ์,Sap Sombun
เพชรบูรณ์,Phetchabun,วิเชียรบุรี,Wichian Buri,บึงกระจับ,Bueng Krachap
เพชรบูรณ์,Phetchabun,วิเชียรบุรี,Wichian Buri,วังใหญ่,Wang Yai
เพชรบูรณ์,Phetchabun,วิเชียรบุรี,Wichian Buri,ยางสาว,Yang Sao
เพชรบูรณ์,Phetchabun,วิเชียรบุรี,Wichian Buri,ซับน้อย,Sap Noi
เพชรบูรณ์,Phetchabun,ศรีเทพ,Si Thep,ศรีเทพ,Si Thep
เพชรบูรณ์,Phetchabun,ศรีเทพ,Si Thep,สระกรวด,Sa Kruat
เพชรบูรณ์,Phetchabun,ศรีเทพ,Si Thep,คลองกระจัง,Khlong Krachang
เพชรบูรณ์,Phetchabun,ศรีเทพ,Si Thep,นาสนุ่น,Na Sanun
เพชรบูรณ์,Phetchabun,ศรีเทพ,Si Thep,โคกสะอาด,Khok Sa-at
เพชรบูรณ์,Phetchabun,ศรีเทพ,Si Thep,หนองย่างทอย,Nong Yang Thoi
เพชรบูรณ์,Phetchabun,ศรีเทพ,Si Thep,ประดู่งาม,Pradu Ngam
เพชรบูรณ์,Phetchabun,หนองไผ่,Nong Phai,กองทูล,Kong Thun
เพชรบูรณ์,Phetchabun,หนองไผ่,Nong Phai,นาเฉลียง,Na Chaliang
เพชรบูรณ์,Phetchabun,หนองไผ่,Nong Phai,บ้านโภชน์,Ban Phot
เพชรบูรณ์,Phetchabun,หนองไผ่,Nong Phai,ท่าแดง,Tha Daeng
เพชรบูรณ์,Phetchabun,หนองไผ่,Nong Phai,เพชรละคร,Phet Lakhon
เพชรบูรณ์,Phetchabun,หนองไผ่,Nong Phai,บ่อไทย,Bo Thai
เพชรบูรณ์,Phetchabun,หนองไผ่,Nong Phai,ห้วยโป่ง,Huai Pong
เพชรบูรณ์,Phetchabun,หนองไผ่,Nong Phai,วังท่าดี,Wang Tha Di
เพชรบูรณ์,Phetchabun,หนองไผ่,Nong Phai,บัววัฒนา,Bua Watthana
เพชรบูรณ์,Phetchabun,หนองไผ่,Nong Phai,หนองไผ่,Nong Phai
เพชรบูรณ์,Phetchabun,หนองไผ่,Nong Phai,วังโบสถ์,Wang Bot
เพชรบูรณ์,Phetchabun,หนองไผ่,Nong Phai,ยางงาม,Yang Ngam
เพชรบูรณ์,Phetchabun,หนองไผ่,Nong Phai,ท่าด้วง,Tha Duang
เพชรบูรณ์,Phetchabun,บึงสามพัน,Bueng Sam Phan,ซับสมอทอด,Sap Samo Thot
เพชรบูรณ์,Phetchabun,บึงสามพัน,Bueng Sam Phan,ซับไม้แดง,Sap Mai Daeng
เพชรบูรณ์,Phetchabun,บึงสามพัน,Bueng Sam Phan,หนองแจง,Nong Chaeng
เพชรบูรณ์,Phetchabun,บึงสามพัน,Bueng Sam Phan,กันจุ,Kan Chu
เพชรบูรณ์,Phetchabun,บึงสามพัน,Bueng Sam Phan,วังพิกุล,Wang Phikun
เพชรบูรณ์,Phetchabun,บึงสามพัน,Bueng Sam Phan,พญาวัง,Phaya Wang
เพชรบูรณ์,Phetchabun,บึงสามพัน,Bueng Sam Phan,ศรีมงคล,Si Mongkhon
เพชรบูรณ์,Phetchabun,บึงสามพัน,Bueng Sam Phan,สระแก้ว,Sa Kaeo
เพชรบูรณ์,Phetchabun,บึงสามพัน,Bueng Sam Phan,บึงสามพัน,Bueng Sam Phan
เพชรบูรณ์,Phetchabun,น้ำหนาว,Nam Nao,น้ำหนาว,Nam Nao
เพชรบูรณ์,Phetchabun,น้ำหนาว,Nam Nao,หลักด่าน,Lak Dan
เพชรบูรณ์,Phetchabun,น้ำหนาว,Nam Nao,วังกวาง,Wang Kwang
เพชรบูรณ์,Phetchabun,น้ำหนาว,Nam Nao,โคกมน,Khok Mon
เพชรบูรณ์,Phetchabun,วังโป่ง,Wang Pong,วังโป่ง,Wang Pong
เพชรบูรณ์,Phetchabun,วังโป่ง,Wang Pong,ท้ายดง,Thai Dong
เพชรบูรณ์,Phetchabun,วังโป่ง,Wang Pong,ซับเปิบ,Sap Poep
เพชรบูรณ์,Phetchabun,วังโป่ง,Wang Pong,วังหิน,Wang Hin
เพชรบูรณ์,Phetchabun,วังโป่ง,Wang Pong,วังศาล,Wang San
เพชรบูรณ์,Phetchabun,เขาค้อ,Khao Kho,ทุ่งสมอ,Khao Kho
เพชรบูรณ์,Phetchabun,เขาค้อ,Khao Kho,แคมป์สน,Khaem Son
เพชรบูรณ์,Phetchabun,เขาค้อ,Khao Kho,เขาค้อ,Thung Samo
เพชรบูรณ์,Phetchabun,เขาค้อ,Khao Kho,ริมสีม่วง,Rim Si Muang
เพชรบูรณ์,Phetchabun,เขาค้อ,Khao Kho,สะเดาะพง,Sado Phong
เพชรบูรณ์,Phetchabun,เขาค้อ,Khao Kho,หนองแม่นา,Nong Mae Na
เพชรบูรณ์,Phetchabun,เขาค้อ,Khao Kho,เข็กน้อย,Khek Noi
ราชบุรี,Ratchaburi,เมืองราชบุรี,Mueang Ratchaburi,หน้าเมือง,Na Mueang
ราชบุรี,Ratchaburi,เมืองราชบุรี,Mueang Ratchaburi,เจดีย์หัก,Chedi Hak
ราชบุรี,Ratchaburi,เมืองราชบุรี,Mueang Ratchaburi,ดอนตะโก,Don Tako
ราชบุรี,Ratchaburi,เมืองราชบุรี,Mueang Ratchaburi,หนองกลางนา,Nong Klang Na
ราชบุรี,Ratchaburi,เมืองราชบุรี,Mueang Ratchaburi,ห้วยไผ่,Huai Phai
ราชบุรี,Ratchaburi,เมืองราชบุรี,Mueang Ratchaburi,คุ้งน้ำวน,Khung Nam Won
ราชบุรี,Ratchaburi,เมืองราชบุรี,Mueang Ratchaburi,คุ้งกระถิน,Khung Krathin
ราชบุรี,Ratchaburi,เมืองราชบุรี,Mueang Ratchaburi,อ่างทอง,Ang Thong
ราชบุรี,Ratchaburi,เมืองราชบุรี,Mueang Ratchaburi,โคกหม้อ,Khok Mo
ราชบุรี,Ratchaburi,เมืองราชบุรี,Mueang Ratchaburi,สามเรือน,Sam Ruean
ราชบุรี,Ratchaburi,เมืองราชบุรี,Mueang Ratchaburi,พิกุลทอง,Phikun Thong
ราชบุรี,Ratchaburi,เมืองราชบุรี,Mueang Ratchaburi,น้ำพุ,Nam Phu
ราชบุรี,Ratchaburi,เมืองราชบุรี,Mueang Ratchaburi,ดอนแร่,Don Rae
ราชบุรี,Ratchaburi,เมืองราชบุรี,Mueang Ratchaburi,หินกอง,Hin Kong
ราชบุรี,Ratchaburi,เมืองราชบุรี,Mueang Ratchaburi,เขาแร้ง,Khao Raeng
ราชบุรี,Ratchaburi,เมืองราชบุรี,Mueang Ratchaburi,เกาะพลับพลา,Ko Phlapphla
ราชบุรี,Ratchaburi,เมืองราชบุรี,Mueang Ratchaburi,หลุมดิน,Lum Din
ราชบุรี,Ratchaburi,เมืองราชบุรี,Mueang Ratchaburi,บางป่า,Bang Pa
ราชบุรี,Ratchaburi,เมืองราชบุรี,Mueang Ratchaburi,พงสวาย,Phong Sawai
ราชบุรี,Ratchaburi,เมืองราชบุรี,Mueang Ratchaburi,คูบัว,Khu Bua
ราชบุรี,Ratchaburi,เมืองราชบุรี,Mueang Ratchaburi,ท่าราบ,Tha Rap
ราชบุรี,Ratchaburi,เมืองราชบุรี,Mueang Ratchaburi,บ้านไร่,Ban Rai
ราชบุรี,Ratchaburi,จอมบึง,Chom Bueng,จอมบึง,Chom Bueng
ราชบุรี,Ratchaburi,จอมบึง,Chom Bueng,ปากช่อง,Pak Chong
ราชบุรี,Ratchaburi,จอมบึง,Chom Bueng,เบิกไพร,Boek Phrai
ราชบุรี,Ratchaburi,จอมบึง,Chom Bueng,ด่านทับตะโก,Dan Thap Tako
ราชบุรี,Ratchaburi,จอมบึง,Chom Bueng,แก้มอ้น,Kaem On
ราชบุรี,Ratchaburi,จอมบึง,Chom Bueng,รางบัว,Rang Bua
ราชบุรี,Ratchaburi,สวนผึ้ง,Suan Phueng,สวนผึ้ง,Suan Phueng
ราชบุรี,Ratchaburi,สวนผึ้ง,Suan Phueng,ป่าหวาย,Pa Wai
ราชบุรี,Ratchaburi,สวนผึ้ง,Suan Phueng,ท่าเคย,Tha Khoei
ราชบุรี,Ratchaburi,สวนผึ้ง,Suan Phueng,ตะนาวศรี,Tanao Si
ราชบุรี,Ratchaburi,ดำเนินสะดวก,Damnoen Saduak,ดำเนินสะดวก,Damnoen Saduak
ราชบุรี,Ratchaburi,ดำเนินสะดวก,Damnoen Saduak,ประสาทสิทธิ์,Prasat Sit
ราชบุรี,Ratchaburi,ดำเนินสะดวก,Damnoen Saduak,ศรีสุราษฎร์,Si Surat
ราชบุรี,Ratchaburi,ดำเนินสะดวก,Damnoen Saduak,ตาหลวง,Ta Luang
ราชบุรี,Ratchaburi,ดำเนินสะดวก,Damnoen Saduak,ดอนกรวย,Don Kruai
ราชบุรี,Ratchaburi,ดำเนินสะดวก,Damnoen Saduak,ดอนคลัง,Don Khlang
ราชบุรี,Ratchaburi,ดำเนินสะดวก,Damnoen Saduak,บัวงาม,Bua Ngam
ราชบุรี,Ratchaburi,ดำเนินสะดวก,Damnoen Saduak,บ้านไร่,Ban Rai
ราชบุรี,Ratchaburi,ดำเนินสะดวก,Damnoen Saduak,แพงพวย,Phaengphuai
ราชบุรี,Ratchaburi,ดำเนินสะดวก,Damnoen Saduak,สี่หมื่น,Si Muen
ราชบุรี,Ratchaburi,ดำเนินสะดวก,Damnoen Saduak,ท่านัด,Tha Nat
ราชบุรี,Ratchaburi,ดำเนินสะดวก,Damnoen Saduak,ขุนพิทักษ์,Khun Phithak
ราชบุรี,Ratchaburi,ดำเนินสะดวก,Damnoen Saduak,ดอนไผ่,Don Phai
ราชบุรี,Ratchaburi,บ้านโป่ง,Ban Pong,บ้านโป่ง,Ban Pong
ราชบุรี,Ratchaburi,บ้านโป่ง,Ban Pong,ท่าผา,Tha Pha
ราชบุรี,Ratchaburi,บ้านโป่ง,Ban Pong,กรับใหญ่,Krap Yai
ราชบุรี,Ratchaburi,บ้านโป่ง,Ban Pong,ปากแรต,Pak Raet
ราชบุรี,Ratchaburi,บ้านโป่ง,Ban Pong,หนองกบ,Nong Kop
ราชบุรี,Ratchaburi,บ้านโป่ง,Ban Pong,หนองอ้อ,Nong O
ราชบุรี,Ratchaburi,บ้านโป่ง,Ban Pong,ดอนกระเบื้อง,Don Krabueang
ราชบุรี,Ratchaburi,บ้านโป่ง,Ban Pong,สวนกล้วย,Suan Kluai
ราชบุรี,Ratchaburi,บ้านโป่ง,Ban Pong,นครชุมน์,Nakhon Chum
ราชบุรี,Ratchaburi,บ้านโป่ง,Ban Pong,บ้านม่วง,Ban Muang
ราชบุรี,Ratchaburi,บ้านโป่ง,Ban Pong,คุ้งพยอม,Khung Phayom
ราชบุรี,Ratchaburi,บ้านโป่ง,Ban Pong,หนองปลาหมอ,Nong Pla Mo
ราชบุรี,Ratchaburi,บ้านโป่ง,Ban Pong,เขาขลุง,Khao Khlung
ราชบุรี,Ratchaburi,บ้านโป่ง,Ban Pong,เบิกไพร,Boek Phrai
ราชบุรี,Ratchaburi,บ้านโป่ง,Ban Pong,ลาดบัวขาว,Lat Bua Khao
ราชบุรี,Ratchaburi,บางแพ,Bang Phae,บางแพ,Bang Phae
ราชบุรี,Ratchaburi,บางแพ,Bang Phae,วังเย็น,Wang Yen
ราชบุรี,Ratchaburi,บางแพ,Bang Phae,หัวโพ,Hua Pho
ราชบุรี,Ratchaburi,บางแพ,Bang Phae,วัดแก้ว,Wat Kaeo
ราชบุรี,Ratchaburi,บางแพ,Bang Phae,ดอนใหญ่,Don Yai
ราชบุรี,Ratchaburi,บางแพ,Bang Phae,ดอนคา,Don Kha
ราชบุรี,Ratchaburi,บางแพ,Bang Phae,โพหัก,Pho Hak
ราชบุรี,Ratchaburi,โพธาราม,Photharam,โพธาราม,Photharam
ราชบุรี,Ratchaburi,โพธาราม,Photharam,ดอนกระเบื้อง,Don Krabueang
ราชบุรี,Ratchaburi,โพธาราม,Photharam,หนองโพ,Nong Pho
ราชบุรี,Ratchaburi,โพธาราม,Photharam,บ้านเลือก,Ban Lueak
ราชบุรี,Ratchaburi,โพธาราม,Photharam,คลองตาคต,Khlong Ta Khot
ราชบุรี,Ratchaburi,โพธาราม,Photharam,บ้านฆ้อง,Ban Khong
ราชบุรี,Ratchaburi,โพธาราม,Photharam,บ้านสิงห์,Ban Sing
ราชบุรี,Ratchaburi,โพธาราม,Photharam,ดอนทราย,Don Sai
ราชบุรี,Ratchaburi,โพธาราม,Photharam,เจ็ดเสมียน,Chet Samian
ราชบุรี,Ratchaburi,โพธาราม,Photharam,คลองข่อย,Khlong Khoi
ราชบุรี,Ratchaburi,โพธาราม,Photharam,ชำแระ,Chamrae
ราชบุรี,Ratchaburi,โพธาราม,Photharam,สร้อยฟ้า,Soi Fa
ราชบุรี,Ratchaburi,โพธาราม,Photharam,ท่าชุมพล,Tha Chumphon
ราชบุรี,Ratchaburi,โพธาราม,Photharam,บางโตนด,Bang Tanot
ราชบุรี,Ratchaburi,โพธาราม,Photharam,เตาปูน,Tao Pun
ราชบุรี,Ratchaburi,โพธาราม,Photharam,นางแก้ว,Nang Kaeo
ราชบุรี,Ratchaburi,โพธาราม,Photharam,ธรรมเสน,Thammasen
ราชบุรี,Ratchaburi,โพธาราม,Photharam,เขาชะงุ้ม,Khao Cha-ngum
ราชบุรี,Ratchaburi,โพธาราม,Photharam,หนองกวาง,Nong Kwang
ราชบุรี,Ratchaburi,ปากท่อ,Pak Tho,ทุ่งหลวง,Thung Luang
ราชบุรี,Ratchaburi,ปากท่อ,Pak Tho,วังมะนาว,Wang Manao
ราชบุรี,Ratchaburi,ปากท่อ,Pak Tho,ดอนทราย,Don Sai
ราชบุรี,Ratchaburi,ปากท่อ,Pak Tho,หนองกระทุ่ม,Nong Krathum
ราชบุรี,Ratchaburi,ปากท่อ,Pak Tho,ปากท่อ,Pak Tho
ราชบุรี,Ratchaburi,ปากท่อ,Pak Tho,ป่าไก่,Pa Kai
ราชบุรี,Ratchaburi,ปากท่อ,Pak Tho,วัดยางงาม,Wat Yang Ngam
ราชบุรี,Ratchaburi,ปากท่อ,Pak Tho,อ่างหิน,Ang Hin
ราชบุรี,Ratchaburi,ปากท่อ,Pak Tho,บ่อกระดาน,Bo Kradan
ราชบุรี,Ratchaburi,ปากท่อ,Pak Tho,ยางหัก,Yang Hak
ราชบุรี,Ratchaburi,ปากท่อ,Pak Tho,วันดาว,Wan Dao
ราชบุรี,Ratchaburi,ปากท่อ,Pak Tho,ห้วยยางโทน,Huai Yang Thon
ราชบุรี,Ratchaburi,วัดเพลง,Wat Phleng,เกาะศาลพระ,Ko San Phra
ราชบุรี,Ratchaburi,วัดเพลง,Wat Phleng,จอมประทัด,Chom Prathat
ราชบุรี,Ratchaburi,วัดเพลง,Wat Phleng,วัดเพลง,Wat Pleng
ราชบุรี,Ratchaburi,บ้านคา,Ban Kha,บ้านคา,Ban Kha
ราชบุรี,Ratchaburi,บ้านคา,Ban Kha,บ้านบึง,Ban Bueng
ราชบุรี,Ratchaburi,บ้านคา,Ban Kha,หนองพันจันทร์,Nong Phan Chan
กาญจนบุรี,Kanchanaburi,เมืองกาญจนบุรี,Mueang Kanchanaburi,บ้านเหนือ,Ban Nuea
กาญจนบุรี,Kanchanaburi,เมืองกาญจนบุรี,Mueang Kanchanaburi,บ้านใต้,Ban Tai
กาญจนบุรี,Kanchanaburi,เมืองกาญจนบุรี,Mueang Kanchanaburi,ปากแพรก,Pak Phraek
กาญจนบุรี,Kanchanaburi,เมืองกาญจนบุรี,Mueang Kanchanaburi,ท่ามะขาม,Tha Makham
กาญจนบุรี,Kanchanaburi,เมืองกาญจนบุรี,Mueang Kanchanaburi,แก่งเสี้ยน,Kaeng Sian
กาญจนบุรี,Kanchanaburi,เมืองกาญจนบุรี,Mueang Kanchanaburi,หนองบัว,Nong Bua
กาญจนบุรี,Kanchanaburi,เมืองกาญจนบุรี,Mueang Kanchanaburi,ลาดหญ้า,Lat Ya
กาญจนบุรี,Kanchanaburi,เมืองกาญจนบุรี,Mueang Kanchanaburi,วังด้ง,Wang Dong
กาญจนบุรี,Kanchanaburi,เมืองกาญจนบุรี,Mueang Kanchanaburi,ช่องสะเดา,Chong Sadao
กาญจนบุรี,Kanchanaburi,เมืองกาญจนบุรี,Mueang Kanchanaburi,หนองหญ้า,Nong Ya
กาญจนบุรี,Kanchanaburi,เมืองกาญจนบุรี,Mueang Kanchanaburi,เกาะสำโรง,Ko Samrong
กาญจนบุรี,Kanchanaburi,เมืองกาญจนบุรี,Mueang Kanchanaburi,บ้านเก่า,Ban Kao
กาญจนบุรี,Kanchanaburi,เมืองกาญจนบุรี,Mueang Kanchanaburi,วังเย็น,Wang Yen
กาญจนบุรี,Kanchanaburi,ไทรโยค,Sai Yok,ลุ่มสุ่ม,Lum Sum
กาญจนบุรี,Kanchanaburi,ไทรโยค,Sai Yok,ท่าเสา,Tha Sao
กาญจนบุรี,Kanchanaburi,ไทรโยค,Sai Yok,สิงห์,Sing
กาญจนบุรี,Kanchanaburi,ไทรโยค,Sai Yok,ไทรโยค,Sai Yok
กาญจนบุรี,Kanchanaburi,ไทรโยค,Sai Yok,วังกระแจะ,Wang Krachae
กาญจนบุรี,Kanchanaburi,ไทรโยค,Sai Yok,ศรีมงคล,Si Mongkhon
กาญจนบุรี,Kanchanaburi,ไทรโยค,Sai Yok,บ้องตี้,Bongti
กาญจนบุรี,Kanchanaburi,บ่อพลอย,Bo Phloi,บ่อพลอย,Bo Phloi
กาญจนบุรี,Kanchanaburi,บ่อพลอย,Bo Phloi,หนองกุ่ม,Nong Kum
กาญจนบุรี,Kanchanaburi,บ่อพลอย,Bo Phloi,หนองรี,Nong Ri
กาญจนบุรี,Kanchanaburi,บ่อพลอย,Bo Phloi,หลุมรัง,Lum Rang
กาญจนบุรี,Kanchanaburi,บ่อพลอย,Bo Phloi,ช่องด่าน,Chong Dan
กาญจนบุรี,Kanchanaburi,บ่อพลอย,Bo Phloi,หนองกร่าง,Nong Krang
กาญจนบุรี,Kanchanaburi,ศรีสวัสดิ์,Si Sawat,นาสวน,Na Suan
กาญจนบุรี,Kanchanaburi,ศรีสวัสดิ์,Si Sawat,ด่านแม่แฉลบ,Dan Mae Chalaep
กาญจนบุรี,Kanchanaburi,ศรีสวัสดิ์,Si Sawat,หนองเป็ด,Nong Pet
กาญจนบุรี,Kanchanaburi,ศรีสวัสดิ์,Si Sawat,ท่ากระดาน,Tha Kradan
กาญจนบุรี,Kanchanaburi,ศรีสวัสดิ์,Si Sawat,เขาโจด,Khao Chot
กาญจนบุรี,Kanchanaburi,ศรีสวัสดิ์,Si Sawat,แม่กระบุง,Mae Krabung
กาญจนบุรี,Kanchanaburi,ท่ามะกา,Tha Maka,พงตึก,Phong Tuek
กาญจนบุรี,Kanchanaburi,ท่ามะกา,Tha Maka,ยางม่วง,Yang Muang
กาญจนบุรี,Kanchanaburi,ท่ามะกา,Tha Maka,ดอนชะเอม,Don Cha-em
กาญจนบุรี,Kanchanaburi,ท่ามะกา,Tha Maka,ท่าไม้,Tha Mai
กาญจนบุรี,Kanchanaburi,ท่ามะกา,Tha Maka,ตะคร้ำเอน,Takhram En
กาญจนบุรี,Kanchanaburi,ท่ามะกา,Tha Maka,ท่ามะกา,Tha Maka
กาญจนบุรี,Kanchanaburi,ท่ามะกา,Tha Maka,ท่าเรือ,Tha Ruea
กาญจนบุรี,Kanchanaburi,ท่ามะกา,Tha Maka,โคกตะบอง,Khok Tabong
กาญจนบุรี,Kanchanaburi,ท่ามะกา,Tha Maka,ดอนขมิ้น,Don Khamin
กาญจนบุรี,Kanchanaburi,ท่ามะกา,Tha Maka,อุโลกสี่หมื่น,Ulok Si Muen
กาญจนบุรี,Kanchanaburi,ท่ามะกา,Tha Maka,เขาสามสิบหาบ,Khao Samsip Hap
กาญจนบุรี,Kanchanaburi,ท่ามะกา,Tha Maka,พระแท่น,Phra Thaen
กาญจนบุรี,Kanchanaburi,ท่ามะกา,Tha Maka,หวายเหนียว,Wai Niao
กาญจนบุรี,Kanchanaburi,ท่ามะกา,Tha Maka,แสนตอ,Saen To
กาญจนบุรี,Kanchanaburi,ท่ามะกา,Tha Maka,สนามแย้,Sanam Yae
กาญจนบุรี,Kanchanaburi,ท่ามะกา,Tha Maka,ท่าเสา,Tha Sao
กาญจนบุรี,Kanchanaburi,ท่ามะกา,Tha Maka,หนองลาน,Nong Lan
กาญจนบุรี,Kanchanaburi,ท่าม่วง,Tha Muang,ท่าม่วง,Tha Muang
กาญจนบุรี,Kanchanaburi,ท่าม่วง,Tha Muang,วังขนาย,Wang Khanai
กาญจนบุรี,Kanchanaburi,ท่าม่วง,Tha Muang,วังศาลา,Wang Sala
กาญจนบุรี,Kanchanaburi,ท่าม่วง,Tha Muang,ท่าล้อ,Tha Lo
กาญจนบุรี,Kanchanaburi,ท่าม่วง,Tha Muang,หนองขาว,Nong Khao
กาญจนบุรี,Kanchanaburi,ท่าม่วง,Tha Muang,ทุ่งทอง,Thung Thong
กาญจนบุรี,Kanchanaburi,ท่าม่วง,Tha Muang,เขาน้อย,Khao Noi
กาญจนบุรี,Kanchanaburi,ท่าม่วง,Tha Muang,ม่วงชุม,Muang Chum
กาญจนบุรี,Kanchanaburi,ท่าม่วง,Tha Muang,บ้านใหม่,Ban Mai
กาญจนบุรี,Kanchanaburi,ท่าม่วง,Tha Muang,พังตรุ,Phang Tru
กาญจนบุรี,Kanchanaburi,ท่าม่วง,Tha Muang,ท่าตะคร้อ,Tha Takhro
กาญจนบุรี,Kanchanaburi,ท่าม่วง,Tha Muang,รางสาลี่,Rang Sali
กาญจนบุรี,Kanchanaburi,ท่าม่วง,Tha Muang,หนองตากยา,Nong Tak Ya
กาญจนบุรี,Kanchanaburi,ทองผาภูมิ,Pha Phum,ท่าขนุน,Tha Khanun
กาญจนบุรี,Kanchanaburi,ทองผาภูมิ,Pha Phum,ปิล๊อก,Pilok
กาญจนบุรี,Kanchanaburi,ทองผาภูมิ,Pha Phum,หินดาด,Hin Dat
กาญจนบุรี,Kanchanaburi,ทองผาภูมิ,Pha Phum,ลิ่นถิ่น,Linthin
กาญจนบุรี,Kanchanaburi,ทองผาภูมิ,Pha Phum,ชะแล,Chalae
กาญจนบุรี,Kanchanaburi,ทองผาภูมิ,Pha Phum,ห้วยเขย่ง,Huai Khayeng
กาญจนบุรี,Kanchanaburi,ทองผาภูมิ,Pha Phum,สหกรณ์นิคม,Sahakon Nikhom
กาญจนบุรี,Kanchanaburi,สังขละบุรี,Sangkhla Buri,หนองลู,Nong Lu
กาญจนบุรี,Kanchanaburi,สังขละบุรี,Sangkhla Buri,ปรังเผล,Prangphle
กาญจนบุรี,Kanchanaburi,สังขละบุรี,Sangkhla Buri,ไล่โว่,Lai Wo
กาญจนบุรี,Kanchanaburi,พนมทวน,Phanom Thuan,พนมทวน,Phanom Thuan
กาญจนบุรี,Kanchanaburi,พนมทวน,Phanom Thuan,หนองโรง,Nong Rong
กาญจนบุรี,Kanchanaburi,พนมทวน,Phanom Thuan,ทุ่งสมอ,Thung Samo
กาญจนบุรี,Kanchanaburi,พนมทวน,Phanom Thuan,ดอนเจดีย์,Don Chedi
กาญจนบุรี,Kanchanaburi,พนมทวน,Phanom Thuan,พังตรุ,Phang Tru
กาญจนบุรี,Kanchanaburi,พนมทวน,Phanom Thuan,รางหวาย,Rang Wai
กาญจนบุรี,Kanchanaburi,พนมทวน,Phanom Thuan,หนองสาหร่าย,Nong Sarai
กาญจนบุรี,Kanchanaburi,พนมทวน,Phanom Thuan,ดอนตาเพชร,Don Ta Phet
กาญจนบุรี,Kanchanaburi,เลาขวัญ,Lao Khwan,เลาขวัญ,Lao Khwan
กาญจนบุรี,Kanchanaburi,เลาขวัญ,Lao Khwan,หนองโสน,Nong Sano
กาญจนบุรี,Kanchanaburi,เลาขวัญ,Lao Khwan,หนองประดู่,Nong Pradu
กาญจนบุรี,Kanchanaburi,เลาขวัญ,Lao Khwan,หนองปลิง,Nong Pling
กาญจนบุรี,Kanchanaburi,เลาขวัญ,Lao Khwan,หนองนกแก้ว,Nong Nok Kaeo
กาญจนบุรี,Kanchanaburi,เลาขวัญ,Lao Khwan,ทุ่งกระบ่ำ,Thung Krabam
กาญจนบุรี,Kanchanaburi,เลาขวัญ,Lao Khwan,หนองฝ้าย,Nong Fai
กาญจนบุรี,Kanchanaburi,ด่านมะขามเตี้ย,Dan Makham Tia,ด่านมะขามเตี้ย,Dan Makham Tia
กาญจนบุรี,Kanchanaburi,ด่านมะขามเตี้ย,Dan Makham Tia,กลอนโด,Klondo
กาญจนบุรี,Kanchanaburi,ด่านมะขามเตี้ย,Dan Makham Tia,จรเข้เผือก,Chorakhe Phueak
กาญจนบุรี,Kanchanaburi,ด่านมะขามเตี้ย,Dan Makham Tia,หนองไผ่,Nong Phai
กาญจนบุรี,Kanchanaburi,หนองปรือ,Nong Prue,หนองปรือ,Nong Prue
กาญจนบุรี,Kanchanaburi,หนองปรือ,Nong Prue,หนองปลาไหล,Nong Pla Lai
กาญจนบุรี,Kanchanaburi,หนองปรือ,Nong Prue,สมเด็จเจริญ,Somdet Charoen
กาญจนบุรี,Kanchanaburi,ห้วยกระเจา,Huai Krachao,ห้วยกระเจา,Huai Krachao
กาญจนบุรี,Kanchanaburi,ห้วยกระเจา,Huai Krachao,วังไผ่,Wang Phai
กาญจนบุรี,Kanchanaburi,ห้วยกระเจา,Huai Krachao,ดอนแสลบ,Don Salaep
กาญจนบุรี,Kanchanaburi,ห้วยกระเจา,Huai Krachao,สระลงเรือ,Sa Long Ruea
สุพรรณบุรี,Suphan Buri,เมืองสุพรรณบุรี,Mueang Suphan Buri,ท่าพี่เลี้ยง,Tha Phi Liang
สุพรรณบุรี,Suphan Buri,เมืองสุพรรณบุรี,Mueang Suphan Buri,รั้วใหญ่,Rua Yai
สุพรรณบุรี,Suphan Buri,เมืองสุพรรณบุรี,Mueang Suphan Buri,ทับตีเหล็ก,Thap Ti Lek
สุพรรณบุรี,Suphan Buri,เมืองสุพรรณบุรี,Mueang Suphan Buri,ท่าระหัด,Tha Rahat
สุพรรณบุรี,Suphan Buri,เมืองสุพรรณบุรี,Mueang Suphan Buri,ไผ่ขวาง,Phai Kwang
สุพรรณบุรี,Suphan Buri,เมืองสุพรรณบุรี,Mueang Suphan Buri,โคกโคเฒ่า,Khok Kho Thao
สุพรรณบุรี,Suphan Buri,เมืองสุพรรณบุรี,Mueang Suphan Buri,ดอนตาล,Don Tan
สุพรรณบุรี,Suphan Buri,เมืองสุพรรณบุรี,Mueang Suphan Buri,ดอนมะสังข์,Don Masang
สุพรรณบุรี,Suphan Buri,เมืองสุพรรณบุรี,Mueang Suphan Buri,พิหารแดง,Phihan Daeng
สุพรรณบุรี,Suphan Buri,เมืองสุพรรณบุรี,Mueang Suphan Buri,ดอนกำยาน,Don Kamyan
สุพรรณบุรี,Suphan Buri,เมืองสุพรรณบุรี,Mueang Suphan Buri,ดอนโพธิ์ทอง,Don Pho Thong
สุพรรณบุรี,Suphan Buri,เมืองสุพรรณบุรี,Mueang Suphan Buri,บ้านโพธิ์,Ban Pho
สุพรรณบุรี,Suphan Buri,เมืองสุพรรณบุรี,Mueang Suphan Buri,สระแก้ว,Sa Kaeo
สุพรรณบุรี,Suphan Buri,เมืองสุพรรณบุรี,Mueang Suphan Buri,ตลิ่งชัน,Taling Chan
สุพรรณบุรี,Suphan Buri,เมืองสุพรรณบุรี,Mueang Suphan Buri,บางกุ้ง,Bang Kung
สุพรรณบุรี,Suphan Buri,เมืองสุพรรณบุรี,Mueang Suphan Buri,ศาลาขาว,Sala Khao
สุพรรณบุรี,Suphan Buri,เมืองสุพรรณบุรี,Mueang Suphan Buri,สวนแตง,Suan Taeng
สุพรรณบุรี,Suphan Buri,เมืองสุพรรณบุรี,Mueang Suphan Buri,สนามชัย,Sanam Chai
สุพรรณบุรี,Suphan Buri,เมืองสุพรรณบุรี,Mueang Suphan Buri,โพธิ์พระยา,Pho Phraya
สุพรรณบุรี,Suphan Buri,เมืองสุพรรณบุรี,Mueang Suphan Buri,สนามคลี,Sanam Klee
สุพรรณบุรี,Suphan Buri,เดิมบางนางบวช,Doem Bang Nang Buat,เขาพระ,Khao Phra
สุพรรณบุรี,Suphan Buri,เดิมบางนางบวช,Doem Bang Nang Buat,เดิมบาง,Doem Bang
สุพรรณบุรี,Suphan Buri,เดิมบางนางบวช,Doem Bang Nang Buat,นางบวช,Nang Buat
สุพรรณบุรี,Suphan Buri,เดิมบางนางบวช,Doem Bang Nang Buat,เขาดิน,Khao Din
สุพรรณบุรี,Suphan Buri,เดิมบางนางบวช,Doem Bang Nang Buat,ปากน้ำ,Pak Nam
สุพรรณบุรี,Suphan Buri,เดิมบางนางบวช,Doem Bang Nang Buat,ทุ่งคลี,Thung Khli
สุพรรณบุรี,Suphan Buri,เดิมบางนางบวช,Doem Bang Nang Buat,โคกช้าง,Khok Chang
สุพรรณบุรี,Suphan Buri,เดิมบางนางบวช,Doem Bang Nang Buat,หัวเขา,Hua Khao
สุพรรณบุรี,Suphan Buri,เดิมบางนางบวช,Doem Bang Nang Buat,หัวนา,Hua Na
สุพรรณบุรี,Suphan Buri,เดิมบางนางบวช,Doem Bang Nang Buat,บ่อกรุ,Bo Kru
สุพรรณบุรี,Suphan Buri,เดิมบางนางบวช,Doem Bang Nang Buat,วังศรีราช,Wang Si Rat
สุพรรณบุรี,Suphan Buri,เดิมบางนางบวช,Doem Bang Nang Buat,ป่าสะแก,Pa Sakae
สุพรรณบุรี,Suphan Buri,เดิมบางนางบวช,Doem Bang Nang Buat,ยางนอน,Yang Non
สุพรรณบุรี,Suphan Buri,เดิมบางนางบวช,Doem Bang Nang Buat,หนองกระทุ่ม,Nong Krathum
สุพรรณบุรี,Suphan Buri,ด่านช้าง,Dan Chang,หนองมะค่าโมง,Nong Makha Mong
สุพรรณบุรี,Suphan Buri,ด่านช้าง,Dan Chang,ด่านช้าง,Dan Chang
สุพรรณบุรี,Suphan Buri,ด่านช้าง,Dan Chang,ห้วยขมิ้น,Huai Khamin
สุพรรณบุรี,Suphan Buri,ด่านช้าง,Dan Chang,องค์พระ,Ong Phra
สุพรรณบุรี,Suphan Buri,ด่านช้าง,Dan Chang,วังคัน,Wang Khan
สุพรรณบุรี,Suphan Buri,ด่านช้าง,Dan Chang,นิคมกระเสียว,Nikhom Krasiao
สุพรรณบุรี,Suphan Buri,ด่านช้าง,Dan Chang,วังยาว,Wang Yao
สุพรรณบุรี,Suphan Buri,บางปลาม้า,Bang Pla Ma,โคกคราม,Khok Khram
สุพรรณบุรี,Suphan Buri,บางปลาม้า,Bang Pla Ma,บางปลาม้า,Bang Pla Ma
สุพรรณบุรี,Suphan Buri,บางปลาม้า,Bang Pla Ma,ตะค่า,Takha
สุพรรณบุรี,Suphan Buri,บางปลาม้า,Bang Pla Ma,บางใหญ่,Bang Yai
สุพรรณบุรี,Suphan Buri,บางปลาม้า,Bang Pla Ma,กฤษณา,Kritsana
สุพรรณบุรี,Suphan Buri,บางปลาม้า,Bang Pla Ma,สาลี,Sali
สุพรรณบุรี,Suphan Buri,บางปลาม้า,Bang Pla Ma,ไผ่กองดิน,Phai Kong Din
สุพรรณบุรี,Suphan Buri,บางปลาม้า,Bang Pla Ma,องครักษ์,Ongkharak
สุพรรณบุรี,Suphan Buri,บางปลาม้า,Bang Pla Ma,จรเข้ใหญ่,Chorakhe Yai
สุพรรณบุรี,Suphan Buri,บางปลาม้า,Bang Pla Ma,บ้านแหลม,Ban Laem
สุพรรณบุรี,Suphan Buri,บางปลาม้า,Bang Pla Ma,มะขามล้ม,Makham Lom
สุพรรณบุรี,Suphan Buri,บางปลาม้า,Bang Pla Ma,วังน้ำเย็น,Wang Nam Yen
สุพรรณบุรี,Suphan Buri,บางปลาม้า,Bang Pla Ma,วัดโบสถ์,Wat Bot
สุพรรณบุรี,Suphan Buri,บางปลาม้า,Bang Pla Ma,วัดดาว,Wad Daw
สุพรรณบุรี,Suphan Buri,ศรีประจันต์,Si Prachan,ศรีประจันต์,Si Prachan
สุพรรณบุรี,Suphan Buri,ศรีประจันต์,Si Prachan,บ้านกร่าง,Ban Krang
สุพรรณบุรี,Suphan Buri,ศรีประจันต์,Si Prachan,มดแดง,Mot Daeng
สุพรรณบุรี,Suphan Buri,ศรีประจันต์,Si Prachan,บางงาม,Bang Ngam
สุพรรณบุรี,Suphan Buri,ศรีประจันต์,Si Prachan,ดอนปรู,Don Pru
สุพรรณบุรี,Suphan Buri,ศรีประจันต์,Si Prachan,ปลายนา,Plai Na
สุพรรณบุรี,Suphan Buri,ศรีประจันต์,Si Prachan,วังหว้า,Wang Wa
สุพรรณบุรี,Suphan Buri,ศรีประจันต์,Si Prachan,วังน้ำซับ,Wang Nam Sap
สุพรรณบุรี,Suphan Buri,ศรีประจันต์,Si Prachan,วังยาง,Wang Yang
สุพรรณบุรี,Suphan Buri,ดอนเจดีย์,Don Chedi,ดอนเจดีย์,Don Chedi
สุพรรณบุรี,Suphan Buri,ดอนเจดีย์,Don Chedi,หนองสาหร่าย,Nong Sarai
สุพรรณบุรี,Suphan Buri,ดอนเจดีย์,Don Chedi,ไร่รถ,Rai Rot
สุพรรณบุรี,Suphan Buri,ดอนเจดีย์,Don Chedi,สระกระโจม,Sa Krachom
สุพรรณบุรี,Suphan Buri,ดอนเจดีย์,Don Chedi,ทะเลบก,Talae Bok
สุพรรณบุรี,Suphan Buri,สองพี่น้อง,Song Phi Nong,สองพี่น้อง,Song Phi Nong
สุพรรณบุรี,Suphan Buri,สองพี่น้อง,Song Phi Nong,บางเลน,Bang Len
สุพรรณบุรี,Suphan Buri,สองพี่น้อง,Song Phi Nong,บางตาเถร,Bang Ta Then
สุพรรณบุรี,Suphan Buri,สองพี่น้อง,Song Phi Nong,บางตะเคียน,Bang Takhian
สุพรรณบุรี,Suphan Buri,สองพี่น้อง,Song Phi Nong,บ้านกุ่ม,Ban Kum
สุพรรณบุรี,Suphan Buri,สองพี่น้อง,Song Phi Nong,หัวโพธิ์,Hua Pho
สุพรรณบุรี,Suphan Buri,สองพี่น้อง,Song Phi Nong,บางพลับ,Bang Phlap
สุพรรณบุรี,Suphan Buri,สองพี่น้อง,Song Phi Nong,เนินพระปรางค์,Noen Phra Prang
สุพรรณบุรี,Suphan Buri,สองพี่น้อง,Song Phi Nong,บ้านช้าง,Ban Chang
สุพรรณบุรี,Suphan Buri,สองพี่น้อง,Song Phi Nong,ต้นตาล,Ton Tan
สุพรรณบุรี,Suphan Buri,สองพี่น้อง,Song Phi Nong,ศรีสำราญ,Si Samran
สุพรรณบุรี,Suphan Buri,สองพี่น้อง,Song Phi Nong,ทุ่งคอก,Thung Khok
สุพรรณบุรี,Suphan Buri,สองพี่น้อง,Song Phi Nong,หนองบ่อ,Nong Bo
สุพรรณบุรี,Suphan Buri,สองพี่น้อง,Song Phi Nong,บ่อสุพรรณ,Bo Suphan
สุพรรณบุรี,Suphan Buri,สองพี่น้อง,Song Phi Nong,ดอนมะนาว,Don Manao
สุพรรณบุรี,Suphan Buri,สามชุก,Sam Chuk,ย่านยาว,Yan Yao
สุพรรณบุรี,Suphan Buri,สามชุก,Sam Chuk,วังลึก,Wang Luek
สุพรรณบุรี,Suphan Buri,สามชุก,Sam Chuk,สามชุก,Sam Chuk
สุพรรณบุรี,Suphan Buri,สามชุก,Sam Chuk,หนองผักนาก,Nong Phak Nak
สุพรรณบุรี,Suphan Buri,สามชุก,Sam Chuk,บ้านสระ,Ban Sa
สุพรรณบุรี,Suphan Buri,สามชุก,Sam Chuk,หนองสะเดา,Nong Sadao
สุพรรณบุรี,Suphan Buri,สามชุก,Sam Chuk,กระเสียว,Krasiao
สุพรรณบุรี,Suphan Buri,อู่ทอง,U Thong,อู่ทอง,U Thong
สุพรรณบุรี,Suphan Buri,อู่ทอง,U Thong,สระยายโสม,Sa Yai Som
สุพรรณบุรี,Suphan Buri,อู่ทอง,U Thong,จรเข้สามพัน,Chorakhe Sam Phan
สุพรรณบุรี,Suphan Buri,อู่ทอง,U Thong,บ้านดอน,Ban Don
สุพรรณบุรี,Suphan Buri,อู่ทอง,U Thong,ยุ้งทะลาย,Yung Thalai
สุพรรณบุรี,Suphan Buri,อู่ทอง,U Thong,ดอนมะเกลือ,Don Makluea
สุพรรณบุรี,Suphan Buri,อู่ทอง,U Thong,หนองโอ่ง,Nong Ong
สุพรรณบุรี,Suphan Buri,อู่ทอง,U Thong,ดอนคา,Don Kha
สุพรรณบุรี,Suphan Buri,อู่ทอง,U Thong,พลับพลาไชย,Phlapphla Chai
สุพรรณบุรี,Suphan Buri,อู่ทอง,U Thong,บ้านโข้ง,Ban Khong
สุพรรณบุรี,Suphan Buri,อู่ทอง,U Thong,เจดีย์,Chedi
สุพรรณบุรี,Suphan Buri,อู่ทอง,U Thong,สระพังลาน,Sa Phang Lan
สุพรรณบุรี,Suphan Buri,อู่ทอง,U Thong,กระจัน,Krachan
สุพรรณบุรี,Suphan Buri,หนองหญ้าไซ,Nong Ya Sai,หนองหญ้าไซ,Nong Ya Sai
สุพรรณบุรี,Suphan Buri,หนองหญ้าไซ,Nong Ya Sai,หนองราชวัตร,Nong Ratchawat
สุพรรณบุรี,Suphan Buri,หนองหญ้าไซ,Nong Ya Sai,หนองโพธิ์,Nong Pho
สุพรรณบุรี,Suphan Buri,หนองหญ้าไซ,Nong Ya Sai,แจงงาม,Chaeng Ngam
สุพรรณบุรี,Suphan Buri,หนองหญ้าไซ,Nong Ya Sai,หนองขาม,Nong Kham
สุพรรณบุรี,Suphan Buri,หนองหญ้าไซ,Nong Ya Sai,ทัพหลวง,Thap Luang
นครปฐม,Nakhon Pathom,เมืองนครปฐม,Mueang Nakhon Pathom,พระปฐมเจดีย์,Phra Pathom Chedi
นครปฐม,Nakhon Pathom,เมืองนครปฐม,Mueang Nakhon Pathom,บางแขม,Bang Khaem
นครปฐม,Nakhon Pathom,เมืองนครปฐม,Mueang Nakhon Pathom,พระประโทน,Phra Prathon
นครปฐม,Nakhon Pathom,เมืองนครปฐม,Mueang Nakhon Pathom,ธรรมศาลา,Thammasala
นครปฐม,Nakhon Pathom,เมืองนครปฐม,Mueang Nakhon Pathom,ตาก้อง,Ta Kong
นครปฐม,Nakhon Pathom,เมืองนครปฐม,Mueang Nakhon Pathom,มาบแค,Map Khae
นครปฐม,Nakhon Pathom,เมืองนครปฐม,Mueang Nakhon Pathom,สนามจันทร์,Sanam Chan
นครปฐม,Nakhon Pathom,เมืองนครปฐม,Mueang Nakhon Pathom,ดอนยายหอม,Don Yai Hom
นครปฐม,Nakhon Pathom,เมืองนครปฐม,Mueang Nakhon Pathom,ถนนขาด,Thanon Khat
นครปฐม,Nakhon Pathom,เมืองนครปฐม,Mueang Nakhon Pathom,บ่อพลับ,Bo Phlap
นครปฐม,Nakhon Pathom,เมืองนครปฐม,Mueang Nakhon Pathom,นครปฐม,Nakhon Pathom
นครปฐม,Nakhon Pathom,เมืองนครปฐม,Mueang Nakhon Pathom,วังตะกู,Wang Taku
นครปฐม,Nakhon Pathom,เมืองนครปฐม,Mueang Nakhon Pathom,หนองปากโลง,Nong Pak Long
นครปฐม,Nakhon Pathom,เมืองนครปฐม,Mueang Nakhon Pathom,สามควายเผือก,Sam Khwai Phueak
นครปฐม,Nakhon Pathom,เมืองนครปฐม,Mueang Nakhon Pathom,ทุ่งน้อย,Thung Noi
นครปฐม,Nakhon Pathom,เมืองนครปฐม,Mueang Nakhon Pathom,หนองดินแดง,Nong Din Daeng
นครปฐม,Nakhon Pathom,เมืองนครปฐม,Mueang Nakhon Pathom,วังเย็น,Wang Yen
นครปฐม,Nakhon Pathom,เมืองนครปฐม,Mueang Nakhon Pathom,โพรงมะเดื่อ,Phrong Maduea
นครปฐม,Nakhon Pathom,เมืองนครปฐม,Mueang Nakhon Pathom,ลำพยา,Lam Phaya
นครปฐม,Nakhon Pathom,เมืองนครปฐม,Mueang Nakhon Pathom,สระกะเทียม,Sa Kathiam
นครปฐม,Nakhon Pathom,เมืองนครปฐม,Mueang Nakhon Pathom,สวนป่าน,Suan Pan
นครปฐม,Nakhon Pathom,เมืองนครปฐม,Mueang Nakhon Pathom,ห้วยจรเข้,Huai Chorakhe
นครปฐม,Nakhon Pathom,เมืองนครปฐม,Mueang Nakhon Pathom,ทัพหลวง,Thap Luang
นครปฐม,Nakhon Pathom,เมืองนครปฐม,Mueang Nakhon Pathom,หนองงูเหลือม,Nong Ngulueam
นครปฐม,Nakhon Pathom,เมืองนครปฐม,Mueang Nakhon Pathom,บ้านยาง,Ban Yang
นครปฐม,Nakhon Pathom,กำแพงแสน,Kamphaeng Saen,ทุ่งกระพังโหม,Thung Kraphanghom
นครปฐม,Nakhon Pathom,กำแพงแสน,Kamphaeng Saen,กระตีบ,Kratip
นครปฐม,Nakhon Pathom,กำแพงแสน,Kamphaeng Saen,ทุ่งลูกนก,Thung Luk Nok
นครปฐม,Nakhon Pathom,กำแพงแสน,Kamphaeng Saen,ห้วยขวาง,Huai Khwang
นครปฐม,Nakhon Pathom,กำแพงแสน,Kamphaeng Saen,ทุ่งขวาง,Thung Khwang
นครปฐม,Nakhon Pathom,กำแพงแสน,Kamphaeng Saen,สระสี่มุม,Sa Si Mum
นครปฐม,Nakhon Pathom,กำแพงแสน,Kamphaeng Saen,ทุ่งบัว,Thung Bua
นครปฐม,Nakhon Pathom,กำแพงแสน,Kamphaeng Saen,ดอนข่อย,Don Khoi
นครปฐม,Nakhon Pathom,กำแพงแสน,Kamphaeng Saen,สระพัฒนา,Sa Phatthana
นครปฐม,Nakhon Pathom,กำแพงแสน,Kamphaeng Saen,ห้วยหมอนทอง,Huai Mon Thong
นครปฐม,Nakhon Pathom,กำแพงแสน,Kamphaeng Saen,ห้วยม่วง,Huai Muang
นครปฐม,Nakhon Pathom,กำแพงแสน,Kamphaeng Saen,กำแพงแสน,Kamphaeng Saen
นครปฐม,Nakhon Pathom,กำแพงแสน,Kamphaeng Saen,รางพิกุล,Rang Phikun
นครปฐม,Nakhon Pathom,กำแพงแสน,Kamphaeng Saen,หนองกระทุ่ม,Nong Krathum
นครปฐม,Nakhon Pathom,กำแพงแสน,Kamphaeng Saen,วังน้ำเขียว,Wang Nam Khiao
นครปฐม,Nakhon Pathom,นครชัยศรี,Nakhon Chai Si,นครชัยศรี,Nakhon Chai Si
นครปฐม,Nakhon Pathom,นครชัยศรี,Nakhon Chai Si,บางกระเบา,Bang Krabao
นครปฐม,Nakhon Pathom,นครชัยศรี,Nakhon Chai Si,วัดแค,Wat Khae
นครปฐม,Nakhon Pathom,นครชัยศรี,Nakhon Chai Si,ท่าตำหนัก,Tha Tamnak
นครปฐม,Nakhon Pathom,นครชัยศรี,Nakhon Chai Si,บางแก้ว,Bang Kaeo
นครปฐม,Nakhon Pathom,นครชัยศรี,Nakhon Chai Si,ท่ากระชับ,Tha Krachap
นครปฐม,Nakhon Pathom,นครชัยศรี,Nakhon Chai Si,ขุนแก้ว,Khun Kaeo
นครปฐม,Nakhon Pathom,นครชัยศรี,Nakhon Chai Si,ท่าพระยา,Tha Phraya
นครปฐม,Nakhon Pathom,นครชัยศรี,Nakhon Chai Si,พะเนียด,Phaniat
นครปฐม,Nakhon Pathom,นครชัยศรี,Nakhon Chai Si,บางระกำ,Bang Rakam
นครปฐม,Nakhon Pathom,นครชัยศรี,Nakhon Chai Si,โคกพระเจดีย์,Khok Phra Chedi
นครปฐม,Nakhon Pathom,นครชัยศรี,Nakhon Chai Si,ศรีษะทอง,Sisa Thong
นครปฐม,Nakhon Pathom,นครชัยศรี,Nakhon Chai Si,แหลมบัว,Laem Bua
นครปฐม,Nakhon Pathom,นครชัยศรี,Nakhon Chai Si,ศรีมหาโพธิ์,Si Maha Pho
นครปฐม,Nakhon Pathom,นครชัยศรี,Nakhon Chai Si,สัมปทวน,Sampathuan
นครปฐม,Nakhon Pathom,นครชัยศรี,Nakhon Chai Si,วัดสำโรง,Wat Samrong
นครปฐม,Nakhon Pathom,นครชัยศรี,Nakhon Chai Si,ดอนแฝก,Don Faek
นครปฐม,Nakhon Pathom,นครชัยศรี,Nakhon Chai Si,ห้วยพลู,Huai Phlu
นครปฐม,Nakhon Pathom,นครชัยศรี,Nakhon Chai Si,วัดละมุด,Wat Lamut
นครปฐม,Nakhon Pathom,นครชัยศรี,Nakhon Chai Si,บางพระ,Bang Phra
นครปฐม,Nakhon Pathom,นครชัยศรี,Nakhon Chai Si,บางแก้วฟ้า,Bang Kaeo Fa
นครปฐม,Nakhon Pathom,นครชัยศรี,Nakhon Chai Si,ลานตากฟ้า,Lan Tak Fa
นครปฐม,Nakhon Pathom,นครชัยศรี,Nakhon Chai Si,งิ้วราย,Ngio Rai
นครปฐม,Nakhon Pathom,นครชัยศรี,Nakhon Chai Si,ไทยาวาส,Thaiyawat
นครปฐม,Nakhon Pathom,ดอนตูม,Don Tum,สามง่าม,Sam Ngam
นครปฐม,Nakhon Pathom,ดอนตูม,Don Tum,ห้วยพระ,Huai Phra
นครปฐม,Nakhon Pathom,ดอนตูม,Don Tum,ลำเหย,Lam Hoei
นครปฐม,Nakhon Pathom,ดอนตูม,Don Tum,ดอนพุทรา,Don Phutsa
นครปฐม,Nakhon Pathom,ดอนตูม,Don Tum,บ้านหลวง,Ban Luang
นครปฐม,Nakhon Pathom,ดอนตูม,Don Tum,ดอนรวก,Don Ruak
นครปฐม,Nakhon Pathom,ดอนตูม,Don Tum,ห้วยด้วน,Huai Duan
นครปฐม,Nakhon Pathom,ดอนตูม,Don Tum,ลำลูกบัว,Lam Luk Bua
นครปฐม,Nakhon Pathom,บางเลน,Bang Len,บางเลน,Bang Len
นครปฐม,Nakhon Pathom,บางเลน,Bang Len,บางปลา,Bang Pla
นครปฐม,Nakhon Pathom,บางเลน,Bang Len,บางหลวง,Bang Luang
นครปฐม,Nakhon Pathom,บางเลน,Bang Len,บางภาษี,Bang Phasi
นครปฐม,Nakhon Pathom,บางเลน,Bang Len,บางระกำ,Bang Rakam
นครปฐม,Nakhon Pathom,บางเลน,Bang Len,บางไทรป่า,Bang Sai Pa
นครปฐม,Nakhon Pathom,บางเลน,Bang Len,หินมูล,Hin Mun
นครปฐม,Nakhon Pathom,บางเลน,Bang Len,ไทรงาม,Sai Ngam
นครปฐม,Nakhon Pathom,บางเลน,Bang Len,ดอนตูม,Don Tum
นครปฐม,Nakhon Pathom,บางเลน,Bang Len,นิลเพชร,Ninlaphet
นครปฐม,Nakhon Pathom,บางเลน,Bang Len,บัวปากท่า,Bua Pak Tha
นครปฐม,Nakhon Pathom,บางเลน,Bang Len,คลองนกกระทุง,Khlong Nok Krathung
นครปฐม,Nakhon Pathom,บางเลน,Bang Len,นราภิรมย์,Naraphirom
นครปฐม,Nakhon Pathom,บางเลน,Bang Len,ลำพญา,Lam Phaya
นครปฐม,Nakhon Pathom,บางเลน,Bang Len,ไผ่หูช้าง,Phai Hu Chang
นครปฐม,Nakhon Pathom,สามพราน,Sam Phran,ท่าข้าม,Tha Kham
นครปฐม,Nakhon Pathom,สามพราน,Sam Phran,ทรงคนอง,Song Khanong
นครปฐม,Nakhon Pathom,สามพราน,Sam Phran,หอมเกร็ด,Hom Kret
นครปฐม,Nakhon Pathom,สามพราน,Sam Phran,บางกระทึก,Bang Krathuek
นครปฐม,Nakhon Pathom,สามพราน,Sam Phran,บางเตย,Bang Toei
นครปฐม,Nakhon Pathom,สามพราน,Sam Phran,สามพราน,Sam Phran
นครปฐม,Nakhon Pathom,สามพราน,Sam Phran,บางช้าง,Bang Chang
นครปฐม,Nakhon Pathom,สามพราน,Sam Phran,ไร่ขิง,Rai Khing
นครปฐม,Nakhon Pathom,สามพราน,Sam Phran,ท่าตลาด,Tha Talat
นครปฐม,Nakhon Pathom,สามพราน,Sam Phran,กระทุ่มล้ม,Krathum Lom
นครปฐม,Nakhon Pathom,สามพราน,Sam Phran,คลองใหม่,Khlong Mai
นครปฐม,Nakhon Pathom,สามพราน,Sam Phran,ตลาดจินดา,Talat Chinda
นครปฐม,Nakhon Pathom,สามพราน,Sam Phran,คลองจินดา,Khlong Chinda
นครปฐม,Nakhon Pathom,สามพราน,Sam Phran,ยายชา,Yai Cha
นครปฐม,Nakhon Pathom,สามพราน,Sam Phran,บ้านใหม่,Ban Mai
นครปฐม,Nakhon Pathom,สามพราน,Sam Phran,อ้อมใหญ่,Om Yai
นครปฐม,Nakhon Pathom,พุทธมณฑล,Phutthamonthon,ศาลายา,Sala Ya
นครปฐม,Nakhon Pathom,พุทธมณฑล,Phutthamonthon,คลองโยง,Khlong Yong
นครปฐม,Nakhon Pathom,พุทธมณฑล,Phutthamonthon,มหาสวัสดิ์,Maha Sawat
สมุทรสาคร,Samut Sakhon,เมืองสมุทรสาคร,Mueang Samut Sakhon,มหาชัย,Maha Chai
สมุทรสาคร,Samut Sakhon,เมืองสมุทรสาคร,Mueang Samut Sakhon,ท่าฉลอม,Tha Chalom
สมุทรสาคร,Samut Sakhon,เมืองสมุทรสาคร,Mueang Samut Sakhon,โกรกกราก,Krok Krak
สมุทรสาคร,Samut Sakhon,เมืองสมุทรสาคร,Mueang Samut Sakhon,บ้านบ่อ,Ban Bo
สมุทรสาคร,Samut Sakhon,เมืองสมุทรสาคร,Mueang Samut Sakhon,บางโทรัด,Bang Tho Rat
สมุทรสาคร,Samut Sakhon,เมืองสมุทรสาคร,Mueang Samut Sakhon,กาหลง,Ka Long
สมุทรสาคร,Samut Sakhon,เมืองสมุทรสาคร,Mueang Samut Sakhon,นาโคก,Na Khok
สมุทรสาคร,Samut Sakhon,เมืองสมุทรสาคร,Mueang Samut Sakhon,ท่าจีน,Tha Chin
สมุทรสาคร,Samut Sakhon,เมืองสมุทรสาคร,Mueang Samut Sakhon,นาดี,Na Di
สมุทรสาคร,Samut Sakhon,เมืองสมุทรสาคร,Mueang Samut Sakhon,ท่าทราย,Tha Sai
สมุทรสาคร,Samut Sakhon,เมืองสมุทรสาคร,Mueang Samut Sakhon,คอกกระบือ,Khok Krabue
สมุทรสาคร,Samut Sakhon,เมืองสมุทรสาคร,Mueang Samut Sakhon,บางน้ำจืด,Bang Nam Chuet
สมุทรสาคร,Samut Sakhon,เมืองสมุทรสาคร,Mueang Samut Sakhon,พันท้ายนรสิงห์,Phan Thai Norasing
สมุทรสาคร,Samut Sakhon,เมืองสมุทรสาคร,Mueang Samut Sakhon,โคกขาม,Khok Kham
สมุทรสาคร,Samut Sakhon,เมืองสมุทรสาคร,Mueang Samut Sakhon,บ้านเกาะ,Ban Ko
สมุทรสาคร,Samut Sakhon,เมืองสมุทรสาคร,Mueang Samut Sakhon,บางกระเจ้า,Bang Krachao
สมุทรสาคร,Samut Sakhon,เมืองสมุทรสาคร,Mueang Samut Sakhon,บางหญ้าแพรก,Bang Ya Phraek
สมุทรสาคร,Samut Sakhon,เมืองสมุทรสาคร,Mueang Samut Sakhon,ชัยมงคล,Chai Mongkon
สมุทรสาคร,Samut Sakhon,กระทุ่มแบน,Krathum Baen,ตลาดกระทุ่มแบน,Talat Krathum Baen
สมุทรสาคร,Samut Sakhon,กระทุ่มแบน,Krathum Baen,อ้อมน้อย,Om Noi
สมุทรสาคร,Samut Sakhon,กระทุ่มแบน,Krathum Baen,ท่าไม้,Tha Mai
สมุทรสาคร,Samut Sakhon,กระทุ่มแบน,Krathum Baen,สวนหลวง,Suan Luang
สมุทรสาคร,Samut Sakhon,กระทุ่มแบน,Krathum Baen,บางยาง,Bang Yang
สมุทรสาคร,Samut Sakhon,กระทุ่มแบน,Krathum Baen,คลองมะเดื่อ,Khlong Maduea
สมุทรสาคร,Samut Sakhon,กระทุ่มแบน,Krathum Baen,หนองนกไข่,Nong Nok Khai
สมุทรสาคร,Samut Sakhon,กระทุ่มแบน,Krathum Baen,ดอนไก่ดี,Don Kai Di
สมุทรสาคร,Samut Sakhon,กระทุ่มแบน,Krathum Baen,แคราย,Khae Rai
สมุทรสาคร,Samut Sakhon,กระทุ่มแบน,Krathum Baen,ท่าเสา,Tha Sao
สมุทรสาคร,Samut Sakhon,บ้านแพ้ว,Ban Phaeo,บ้านแพ้ว,Ban Phaeo
สมุทรสาคร,Samut Sakhon,บ้านแพ้ว,Ban Phaeo,หลักสาม,Lak Sam
สมุทรสาคร,Samut Sakhon,บ้านแพ้ว,Ban Phaeo,ยกกระบัตร,Yokkrabat
สมุทรสาคร,Samut Sakhon,บ้านแพ้ว,Ban Phaeo,โรงเข้,Rong Khe
สมุทรสาคร,Samut Sakhon,บ้านแพ้ว,Ban Phaeo,หนองสองห้อง,Nong Song Hong
สมุทรสาคร,Samut Sakhon,บ้านแพ้ว,Ban Phaeo,หนองบัว,Nong Bua
สมุทรสาคร,Samut Sakhon,บ้านแพ้ว,Ban Phaeo,หลักสอง,Lak Song
สมุทรสาคร,Samut Sakhon,บ้านแพ้ว,Ban Phaeo,เจ็ดริ้ว,Chet Rio
สมุทรสาคร,Samut Sakhon,บ้านแพ้ว,Ban Phaeo,คลองตัน,Khlong Tan
สมุทรสาคร,Samut Sakhon,บ้านแพ้ว,Ban Phaeo,อำแพง,Amphaeng
สมุทรสาคร,Samut Sakhon,บ้านแพ้ว,Ban Phaeo,สวนส้ม,Suan Som
สมุทรสาคร,Samut Sakhon,บ้านแพ้ว,Ban Phaeo,เกษตรพัฒนา,Kaset Phatthana
สมุทรสงคราม,Samut Songkhram,เมืองสมุทรสงคราม,Mueang Samut Songkhram,แม่กลอง,Mae Klong
สมุทรสงคราม,Samut Songkhram,เมืองสมุทรสงคราม,Mueang Samut Songkhram,บางขันแตก,Bang Khan Taek
สมุทรสงคราม,Samut Songkhram,เมืองสมุทรสงคราม,Mueang Samut Songkhram,ลาดใหญ่,Lat Yai
สมุทรสงคราม,Samut Songkhram,เมืองสมุทรสงคราม,Mueang Samut Songkhram,บ้านปรก,Ban Prok
สมุทรสงคราม,Samut Songkhram,เมืองสมุทรสงคราม,Mueang Samut Songkhram,บางแก้ว,Bang Kaeo
สมุทรสงคราม,Samut Songkhram,เมืองสมุทรสงคราม,Mueang Samut Songkhram,ท้ายหาด,Thai Hat
สมุทรสงคราม,Samut Songkhram,เมืองสมุทรสงคราม,Mueang Samut Songkhram,แหลมใหญ่,Laem Yai
สมุทรสงคราม,Samut Songkhram,เมืองสมุทรสงคราม,Mueang Samut Songkhram,คลองเขิน,Khlong Khoen
สมุทรสงคราม,Samut Songkhram,เมืองสมุทรสงคราม,Mueang Samut Songkhram,คลองโคน,Khlong Khon
สมุทรสงคราม,Samut Songkhram,เมืองสมุทรสงคราม,Mueang Samut Songkhram,นางตะเคียน,Nang Takhian
สมุทรสงคราม,Samut Songkhram,เมืองสมุทรสงคราม,Mueang Samut Songkhram,บางจะเกร็ง,Bang Chakreng
สมุทรสงคราม,Samut Songkhram,บางคนที,Bang Khonthi,กระดังงา,Kradangnga
สมุทรสงคราม,Samut Songkhram,บางคนที,Bang Khonthi,บางสะแก,Bang Sakae
สมุทรสงคราม,Samut Songkhram,บางคนที,Bang Khonthi,บางยี่รงค์,Bang Yi Rong
สมุทรสงคราม,Samut Songkhram,บางคนที,Bang Khonthi,โรงหีบ,Rong Hip
สมุทรสงคราม,Samut Songkhram,บางคนที,Bang Khonthi,บางคนที,Bang Khonthi
สมุทรสงคราม,Samut Songkhram,บางคนที,Bang Khonthi,ดอนมะโนรา,Don Manora
สมุทรสงคราม,Samut Songkhram,บางคนที,Bang Khonthi,บางพรม,Bang Phrom
สมุทรสงคราม,Samut Songkhram,บางคนที,Bang Khonthi,บางกุ้ง,Bang Kung
สมุทรสงคราม,Samut Songkhram,บางคนที,Bang Khonthi,จอมปลวก,Chom Pluak
สมุทรสงคราม,Samut Songkhram,บางคนที,Bang Khonthi,บางนกแขวก,Bang Nok Khwaek
สมุทรสงคราม,Samut Songkhram,บางคนที,Bang Khonthi,ยายแพง,Yai Phaeng
สมุทรสงคราม,Samut Songkhram,บางคนที,Bang Khonthi,บางกระบือ,Bang Krabue
สมุทรสงคราม,Samut Songkhram,บางคนที,Bang Khonthi,บ้านปราโมทย์,Ban Pramot
สมุทรสงคราม,Samut Songkhram,อัมพวา,Amphawa,อัมพวา,Amphawa
สมุทรสงคราม,Samut Songkhram,อัมพวา,Amphawa,สวนหลวง,Suan Luang
สมุทรสงคราม,Samut Songkhram,อัมพวา,Amphawa,ท่าคา,Tha Kha
สมุทรสงคราม,Samut Songkhram,อัมพวา,Amphawa,วัดประดู่,Wat Pradu
สมุทรสงคราม,Samut Songkhram,อัมพวา,Amphawa,เหมืองใหม่,Mueang Mai
สมุทรสงคราม,Samut Songkhram,อัมพวา,Amphawa,บางช้าง,Bang Chang
สมุทรสงคราม,Samut Songkhram,อัมพวา,Amphawa,แควอ้อม,Khwae Om
สมุทรสงคราม,Samut Songkhram,อัมพวา,Amphawa,ปลายโพงพาง,Plai Phongphang
สมุทรสงคราม,Samut Songkhram,อัมพวา,Amphawa,บางแค,Bang Khae
สมุทรสงคราม,Samut Songkhram,อัมพวา,Amphawa,แพรกหนามแดง,Phraek Nam Daeng
สมุทรสงคราม,Samut Songkhram,อัมพวา,Amphawa,ยี่สาร,Yi San
สมุทรสงคราม,Samut Songkhram,อัมพวา,Amphawa,บางนางลี่,Bang Nang Lee
เพชรบุรี,Phetchaburi,เมืองเพชรบุรี,Mueang Phetchaburi,ท่าราบ,Tha Rap
เพชรบุรี,Phetchaburi,เมืองเพชรบุรี,Mueang Phetchaburi,คลองกระแชง,Khlong Krachaeng
เพชรบุรี,Phetchaburi,เมืองเพชรบุรี,Mueang Phetchaburi,บางจาน,Bang Chan
เพชรบุรี,Phetchaburi,เมืองเพชรบุรี,Mueang Phetchaburi,นาพันสาม,Na Phan Sam
เพชรบุรี,Phetchaburi,เมืองเพชรบุรี,Mueang Phetchaburi,ธงชัย,Thong Chai
เพชรบุรี,Phetchaburi,เมืองเพชรบุรี,Mueang Phetchaburi,บ้านกุ่ม,Ban Kum
เพชรบุรี,Phetchaburi,เมืองเพชรบุรี,Mueang Phetchaburi,หนองโสน,Nong Sano
เพชรบุรี,Phetchaburi,เมืองเพชรบุรี,Mueang Phetchaburi,ไร่ส้ม,Rai Som
เพชรบุรี,Phetchaburi,เมืองเพชรบุรี,Mueang Phetchaburi,เวียงคอย,Wiang Khoi
เพชรบุรี,Phetchaburi,เมืองเพชรบุรี,Mueang Phetchaburi,บางจาก,Bang Chak
เพชรบุรี,Phetchaburi,เมืองเพชรบุรี,Mueang Phetchaburi,บ้านหม้อ,Ban Mo
เพชรบุรี,Phetchaburi,เมืองเพชรบุรี,Mueang Phetchaburi,ต้นมะม่วง,Ton Mamuang
เพชรบุรี,Phetchaburi,เมืองเพชรบุรี,Mueang Phetchaburi,ช่องสะแก,Chong Sakae
เพชรบุรี,Phetchaburi,เมืองเพชรบุรี,Mueang Phetchaburi,นาวุ้ง,Na Wung
เพชรบุรี,Phetchaburi,เมืองเพชรบุรี,Mueang Phetchaburi,สำมะโรง,Sam Marong
เพชรบุรี,Phetchaburi,เมืองเพชรบุรี,Mueang Phetchaburi,โพพระ,Pho Phra
เพชรบุรี,Phetchaburi,เมืองเพชรบุรี,Mueang Phetchaburi,หาดเจ้าสำราญ,Hat Chao Samran
เพชรบุรี,Phetchaburi,เมืองเพชรบุรี,Mueang Phetchaburi,หัวสะพาน,Hua Saphan
เพชรบุรี,Phetchaburi,เมืองเพชรบุรี,Mueang Phetchaburi,ต้นมะพร้าว,Ton Maphrao
เพชรบุรี,Phetchaburi,เมืองเพชรบุรี,Mueang Phetchaburi,วังตะโก,Wang Tako
เพชรบุรี,Phetchaburi,เมืองเพชรบุรี,Mueang Phetchaburi,โพไร่หวาน,Pho Rai Wan
เพชรบุรี,Phetchaburi,เมืองเพชรบุรี,Mueang Phetchaburi,ดอนยาง,Don Yang
เพชรบุรี,Phetchaburi,เมืองเพชรบุรี,Mueang Phetchaburi,หนองขนาน,Nong Khanan
เพชรบุรี,Phetchaburi,เมืองเพชรบุรี,Mueang Phetchaburi,หนองพลับ,Nong Phlap
เพชรบุรี,Phetchaburi,เขาย้อย,Khao Yoi,เขาย้อย,Khao Yoi
เพชรบุรี,Phetchaburi,เขาย้อย,Khao Yoi,สระพัง,Sa Phang
เพชรบุรี,Phetchaburi,เขาย้อย,Khao Yoi,บางเค็ม,Bang Khem
เพชรบุรี,Phetchaburi,เขาย้อย,Khao Yoi,ทับคาง,Thap Khang
เพชรบุรี,Phetchaburi,เขาย้อย,Khao Yoi,หนองปลาไหล,Nong Pla Lai
เพชรบุรี,Phetchaburi,เขาย้อย,Khao Yoi,หนองปรง,Nong Prong
เพชรบุรี,Phetchaburi,เขาย้อย,Khao Yoi,หนองชุมพล,Nong Chumphon
เพชรบุรี,Phetchaburi,เขาย้อย,Khao Yoi,ห้วยโรง,Huai Rong
เพชรบุรี,Phetchaburi,เขาย้อย,Khao Yoi,ห้วยท่าช้าง,Huai Tha Chang
เพชรบุรี,Phetchaburi,เขาย้อย,Khao Yoi,หนองชุมพลเหนือ,Nong Chumphon Nuea
เพชรบุรี,Phetchaburi,หนองหญ้าปล้อง,Nong Ya Plong,หนองหญ้าปล้อง,Nong Ya Plong
เพชรบุรี,Phetchaburi,หนองหญ้าปล้อง,Nong Ya Plong,ยางน้ำกลัดเหนือ,Yang Nam Klat Nuea
เพชรบุรี,Phetchaburi,หนองหญ้าปล้อง,Nong Ya Plong,ยางน้ำกลัดใต้,Yang Nam Klat Tai
เพชรบุรี,Phetchaburi,หนองหญ้าปล้อง,Nong Ya Plong,ท่าตะคร้อ,Tha Takror
เพชรบุรี,Phetchaburi,ชะอำ,Cha-am,ชะอำ,Cha-am
เพชรบุรี,Phetchaburi,ชะอำ,Cha-am,บางเก่า,Bang Kao
เพชรบุรี,Phetchaburi,ชะอำ,Cha-am,นายาง,Na Yang
เพชรบุรี,Phetchaburi,ชะอำ,Cha-am,เขาใหญ่,Khao Yai
เพชรบุรี,Phetchaburi,ชะอำ,Cha-am,หนองศาลา,Nong Sala
เพชรบุรี,Phetchaburi,ชะอำ,Cha-am,ห้วยทรายเหนือ,Huai Sai Nuea
เพชรบุรี,Phetchaburi,ชะอำ,Cha-am,ไร่ใหม่พัฒนา,Rai Mai Phatthana
เพชรบุรี,Phetchaburi,ชะอำ,Cha-am,สามพระยา,Sam Phraya
เพชรบุรี,Phetchaburi,ชะอำ,Cha-am,ดอนขุนห้วย,Don Khun Huai
เพชรบุรี,Phetchaburi,ท่ายาง,Tha Yang,ท่ายาง,Tha Yang
เพชรบุรี,Phetchaburi,ท่ายาง,Tha Yang,ท่าคอย,Tha Khoi
เพชรบุรี,Phetchaburi,ท่ายาง,Tha Yang,ยางหย่อง,Yang Yong
เพชรบุรี,Phetchaburi,ท่ายาง,Tha Yang,หนองจอก,Nong Chok
เพชรบุรี,Phetchaburi,ท่ายาง,Tha Yang,มาบปลาเค้า,Map Pla Khao
เพชรบุรี,Phetchaburi,ท่ายาง,Tha Yang,ท่าไม้รวก,Tha Mai Ruak
เพชรบุรี,Phetchaburi,ท่ายาง,Tha Yang,วังไคร้,Wang Khrai
เพชรบุรี,Phetchaburi,ท่ายาง,Tha Yang,กลัดหลวง,Klat Luang
เพชรบุรี,Phetchaburi,ท่ายาง,Tha Yang,ปึกเตียน,Puek Tian
เพชรบุรี,Phetchaburi,ท่ายาง,Tha Yang,เขากระปุก,Khao Krapuk
เพชรบุรี,Phetchaburi,ท่ายาง,Tha Yang,ท่าแลง,Tha Laeng
เพชรบุรี,Phetchaburi,ท่ายาง,Tha Yang,บ้านในดง,Ban Nai Dong
เพชรบุรี,Phetchaburi,บ้านลาด,Ban Lat,บ้านลาด,Ban Lat
เพชรบุรี,Phetchaburi,บ้านลาด,Ban Lat,บ้านหาด,Ban Hat
เพชรบุรี,Phetchaburi,บ้านลาด,Ban Lat,บ้านทาน,Ban Than
เพชรบุรี,Phetchaburi,บ้านลาด,Ban Lat,ตำหรุ,Tamru
เพชรบุรี,Phetchaburi,บ้านลาด,Ban Lat,สมอพลือ,Samo Phlue
เพชรบุรี,Phetchaburi,บ้านลาด,Ban Lat,ไร่มะขาม,Rai Makham
เพชรบุรี,Phetchaburi,บ้านลาด,Ban Lat,ท่าเสน,Tha Sen
เพชรบุรี,Phetchaburi,บ้านลาด,Ban Lat,หนองกระเจ็ด,Nong Krachet
เพชรบุรี,Phetchaburi,บ้านลาด,Ban Lat,หนองกะปุ,Nong Kapu
เพชรบุรี,Phetchaburi,บ้านลาด,Ban Lat,ลาดโพธิ์,Lat Pho
เพชรบุรี,Phetchaburi,บ้านลาด,Ban Lat,สะพานไกร,Saphan Krai
เพชรบุรี,Phetchaburi,บ้านลาด,Ban Lat,ไร่โคก,Rai Khok
เพชรบุรี,Phetchaburi,บ้านลาด,Ban Lat,โรงเข้,Rong Khe
เพชรบุรี,Phetchaburi,บ้านลาด,Ban Lat,ไร่สะท้อน,Rai Sathon
เพชรบุรี,Phetchaburi,บ้านลาด,Ban Lat,ห้วยข้อง,Huai Khong
เพชรบุรี,Phetchaburi,บ้านลาด,Ban Lat,ท่าช้าง,Tha Chang
เพชรบุรี,Phetchaburi,บ้านลาด,Ban Lat,ถ้ำรงค์,Tham Rong
เพชรบุรี,Phetchaburi,บ้านลาด,Ban Lat,ห้วยลึก,Huay Lueg
เพชรบุรี,Phetchaburi,บ้านแหลม,Ban Laem,บ้านแหลม,Ban Laem
เพชรบุรี,Phetchaburi,บ้านแหลม,Ban Laem,บางขุนไทร,Bang Khun Sai
เพชรบุรี,Phetchaburi,บ้านแหลม,Ban Laem,ปากทะเล,Pak Thale
เพชรบุรี,Phetchaburi,บ้านแหลม,Ban Laem,บางแก้ว,Bang Kaeo
เพชรบุรี,Phetchaburi,บ้านแหลม,Ban Laem,แหลมผักเบี้ย,Laem Phak Bia
เพชรบุรี,Phetchaburi,บ้านแหลม,Ban Laem,บางตะบูน,Bang Tabun
เพชรบุรี,Phetchaburi,บ้านแหลม,Ban Laem,บางตะบูนออก,Bang Tabun Ok
เพชรบุรี,Phetchaburi,บ้านแหลม,Ban Laem,บางครก,Bang Khrok
เพชรบุรี,Phetchaburi,บ้านแหลม,Ban Laem,ท่าแร้ง,Tha Raeng
เพชรบุรี,Phetchaburi,บ้านแหลม,Ban Laem,ท่าแร้งออก,Tha Raeng Ok
เพชรบุรี,Phetchaburi,แก่งกระจาน,Kaeng Krachan,แก่งกระจาน,Kaeng Krachan
เพชรบุรี,Phetchaburi,แก่งกระจาน,Kaeng Krachan,สองพี่น้อง,Song Phi Nong
เพชรบุรี,Phetchaburi,แก่งกระจาน,Kaeng Krachan,วังจันทร์,Wang Chan
เพชรบุรี,Phetchaburi,แก่งกระจาน,Kaeng Krachan,ป่าเด็ง,Pa Deng
เพชรบุรี,Phetchaburi,แก่งกระจาน,Kaeng Krachan,พุสวรรค์,Phu Sawan
เพชรบุรี,Phetchaburi,แก่งกระจาน,Kaeng Krachan,ห้วยแม่เพรียง,Huai Mae Phriang
ประจวบคีรีขันธ์,Prachuap Khiri Khan,เมืองประจวบคีรีขันธ์,Mueang Prachuap Khiri Khan,ประจวบคีรีขันธ์,Prachuap Khiri Khan
ประจวบคีรีขันธ์,Prachuap Khiri Khan,เมืองประจวบคีรีขันธ์,Mueang Prachuap Khiri Khan,เกาะหลัก,Ko Lak
ประจวบคีรีขันธ์,Prachuap Khiri Khan,เมืองประจวบคีรีขันธ์,Mueang Prachuap Khiri Khan,คลองวาฬ,Khlong Wan
ประจวบคีรีขันธ์,Prachuap Khiri Khan,เมืองประจวบคีรีขันธ์,Mueang Prachuap Khiri Khan,ห้วยทราย,Huai Sai
ประจวบคีรีขันธ์,Prachuap Khiri Khan,เมืองประจวบคีรีขันธ์,Mueang Prachuap Khiri Khan,อ่าวน้อย,Ao Noi
ประจวบคีรีขันธ์,Prachuap Khiri Khan,เมืองประจวบคีรีขันธ์,Mueang Prachuap Khiri Khan,บ่อนอก,Bo Nok
ประจวบคีรีขันธ์,Prachuap Khiri Khan,กุยบุรี,Kui Buri,กุยบุรี,Kui Buri
ประจวบคีรีขันธ์,Prachuap Khiri Khan,กุยบุรี,Kui Buri,กุยเหนือ,Kui Nuea
ประจวบคีรีขันธ์,Prachuap Khiri Khan,กุยบุรี,Kui Buri,เขาแดง,Khao Daeng
ประจวบคีรีขันธ์,Prachuap Khiri Khan,กุยบุรี,Kui Buri,ดอนยายหนู,Don Yai Nu
ประจวบคีรีขันธ์,Prachuap Khiri Khan,กุยบุรี,Kui Buri,สามกระทาย,Sam Krathai
ประจวบคีรีขันธ์,Prachuap Khiri Khan,กุยบุรี,Kui Buri,หาดขาม,Hat Kham
ประจวบคีรีขันธ์,Prachuap Khiri Khan,ทับสะแก,Thap Sakae,ทับสะแก,Thap Sakae
ประจวบคีรีขันธ์,Prachuap Khiri Khan,ทับสะแก,Thap Sakae,อ่างทอง,Ang Thong
ประจวบคีรีขันธ์,Prachuap Khiri Khan,ทับสะแก,Thap Sakae,นาหูกวาง,Na Hukwang
ประจวบคีรีขันธ์,Prachuap Khiri Khan,ทับสะแก,Thap Sakae,เขาล้าน,Khao Lan
ประจวบคีรีขันธ์,Prachuap Khiri Khan,ทับสะแก,Thap Sakae,ห้วยยาง,Huai Yang
ประจวบคีรีขันธ์,Prachuap Khiri Khan,ทับสะแก,Thap Sakae,แสงอรุณ,Saeng Arun
ประจวบคีรีขันธ์,Prachuap Khiri Khan,บางสะพาน,Bang Saphan,กำเนิดนพคุณ,Kamnoet Nopphakhun
ประจวบคีรีขันธ์,Prachuap Khiri Khan,บางสะพาน,Bang Saphan,พงศ์ประศาสน์,Phong Prasat
ประจวบคีรีขันธ์,Prachuap Khiri Khan,บางสะพาน,Bang Saphan,ร่อนทอง,Ron Thong
ประจวบคีรีขันธ์,Prachuap Khiri Khan,บางสะพาน,Bang Saphan,ธงชัย,Thong Chai
ประจวบคีรีขันธ์,Prachuap Khiri Khan,บางสะพาน,Bang Saphan,ชัยเกษม,Chai Kasem
ประจวบคีรีขันธ์,Prachuap Khiri Khan,บางสะพาน,Bang Saphan,ทองมงคล,Thong Mongkhon
ประจวบคีรีขันธ์,Prachuap Khiri Khan,บางสะพาน,Bang Saphan,แม่รำพึง,Mae Ramphueng
ประจวบคีรีขันธ์,Prachuap Khiri Khan,บางสะพานน้อย,Bang Saphan Noi,ปากแพรก,Pak Phraek
ประจวบคีรีขันธ์,Prachuap Khiri Khan,บางสะพานน้อย,Bang Saphan Noi,บางสะพาน,Bang Saphan
ประจวบคีรีขันธ์,Prachuap Khiri Khan,บางสะพานน้อย,Bang Saphan Noi,ทรายทอง,Sai Thong
ประจวบคีรีขันธ์,Prachuap Khiri Khan,บางสะพานน้อย,Bang Saphan Noi,ช้างแรก,Chang Raek
ประจวบคีรีขันธ์,Prachuap Khiri Khan,บางสะพานน้อย,Bang Saphan Noi,ไชยราช,Chaiyarat
ประจวบคีรีขันธ์,Prachuap Khiri Khan,ปราณบุรี,Pran Buri,ปราณบุรี,Pran Buri
ประจวบคีรีขันธ์,Prachuap Khiri Khan,ปราณบุรี,Pran Buri,เขาน้อย,Khao Noi
ประจวบคีรีขันธ์,Prachuap Khiri Khan,ปราณบุรี,Pran Buri,ปากน้ำปราณ,Pak Nam Pran
ประจวบคีรีขันธ์,Prachuap Khiri Khan,ปราณบุรี,Pran Buri,หนองตาแต้ม,Nong Ta Taem
ประจวบคีรีขันธ์,Prachuap Khiri Khan,ปราณบุรี,Pran Buri,วังก์พง,Wang Phong
ประจวบคีรีขันธ์,Prachuap Khiri Khan,ปราณบุรี,Pran Buri,เขาจ้าว,Khao Chao
ประจวบคีรีขันธ์,Prachuap Khiri Khan,หัวหิน,Hua Hin,หัวหิน,Hua Hin
ประจวบคีรีขันธ์,Prachuap Khiri Khan,หัวหิน,Hua Hin,หนองแก,Nong Kae
ประจวบคีรีขันธ์,Prachuap Khiri Khan,หัวหิน,Hua Hin,หินเหล็กไฟ,Hin Lek Fai
ประจวบคีรีขันธ์,Prachuap Khiri Khan,หัวหิน,Hua Hin,หนองพลับ,Nong Phlap
ประจวบคีรีขันธ์,Prachuap Khiri Khan,หัวหิน,Hua Hin,ทับใต้,Thap Tai
ประจวบคีรีขันธ์,Prachuap Khiri Khan,หัวหิน,Hua Hin,ห้วยสัตว์ใหญ่,Huai Sat Yai
ประจวบคีรีขันธ์,Prachuap Khiri Khan,หัวหิน,Hua Hin,บึงนคร,Bueng Nakhon
ประจวบคีรีขันธ์,Prachuap Khiri Khan,สามร้อยยอด,Sam Roi Yot,สามร้อยยอด,Sam Roi Yot
ประจวบคีรีขันธ์,Prachuap Khiri Khan,สามร้อยยอด,Sam Roi Yot,ศิลาลอย,Sila Loi
ประจวบคีรีขันธ์,Prachuap Khiri Khan,สามร้อยยอด,Sam Roi Yot,ไร่เก่า,Rai Kao
ประจวบคีรีขันธ์,Prachuap Khiri Khan,สามร้อยยอด,Sam Roi Yot,ศาลาลัย,Salalai
ประจวบคีรีขันธ์,Prachuap Khiri Khan,สามร้อยยอด,Sam Roi Yot,ไร่ใหม่,Rai Mai
นครศรีธรรมราช,Nakhon Si Thammarat,เมืองนครศรีธรรมราช,Mueang Nakhon Si Thammarat,ในเมือง,Nai Mueang
นครศรีธรรมราช,Nakhon Si Thammarat,เมืองนครศรีธรรมราช,Mueang Nakhon Si Thammarat,ท่าวัง,Tha Wang
นครศรีธรรมราช,Nakhon Si Thammarat,เมืองนครศรีธรรมราช,Mueang Nakhon Si Thammarat,คลัง,Khlang
นครศรีธรรมราช,Nakhon Si Thammarat,เมืองนครศรีธรรมราช,Mueang Nakhon Si Thammarat,ท่าไร่,Tha Rai
นครศรีธรรมราช,Nakhon Si Thammarat,เมืองนครศรีธรรมราช,Mueang Nakhon Si Thammarat,ปากนคร,Pak Nakhon
นครศรีธรรมราช,Nakhon Si Thammarat,เมืองนครศรีธรรมราช,Mueang Nakhon Si Thammarat,นาทราย,Na Sai
นครศรีธรรมราช,Nakhon Si Thammarat,เมืองนครศรีธรรมราช,Mueang Nakhon Si Thammarat,กำแพงเซา,Kamphaeng Sao
นครศรีธรรมราช,Nakhon Si Thammarat,เมืองนครศรีธรรมราช,Mueang Nakhon Si Thammarat,ไชยมนตรี,Chai Montri
นครศรีธรรมราช,Nakhon Si Thammarat,เมืองนครศรีธรรมราช,Mueang Nakhon Si Thammarat,มะม่วงสองต้น,Mamuang Song Ton
นครศรีธรรมราช,Nakhon Si Thammarat,เมืองนครศรีธรรมราช,Mueang Nakhon Si Thammarat,นาเคียน,Na Khian
นครศรีธรรมราช,Nakhon Si Thammarat,เมืองนครศรีธรรมราช,Mueang Nakhon Si Thammarat,ท่างิ้ว,Tha Ngio
นครศรีธรรมราช,Nakhon Si Thammarat,เมืองนครศรีธรรมราช,Mueang Nakhon Si Thammarat,โพธิ์เสด็จ,Pho Sadet
นครศรีธรรมราช,Nakhon Si Thammarat,เมืองนครศรีธรรมราช,Mueang Nakhon Si Thammarat,บางจาก,Bang Chak
นครศรีธรรมราช,Nakhon Si Thammarat,เมืองนครศรีธรรมราช,Mueang Nakhon Si Thammarat,ปากพูน,Pak Phun
นครศรีธรรมราช,Nakhon Si Thammarat,เมืองนครศรีธรรมราช,Mueang Nakhon Si Thammarat,ท่าซัก,Tha Sak
นครศรีธรรมราช,Nakhon Si Thammarat,เมืองนครศรีธรรมราช,Mueang Nakhon Si Thammarat,ท่าเรือ,Tha Ruea
นครศรีธรรมราช,Nakhon Si Thammarat,พรหมคีรี,Phrom Khiri,พรหมโลก,Phrommalok
นครศรีธรรมราช,Nakhon Si Thammarat,พรหมคีรี,Phrom Khiri,บ้านเกาะ,Ban Ko
นครศรีธรรมราช,Nakhon Si Thammarat,พรหมคีรี,Phrom Khiri,อินคีรี,In Khiri
นครศรีธรรมราช,Nakhon Si Thammarat,พรหมคีรี,Phrom Khiri,ทอนหงส์,Thon Hong
นครศรีธรรมราช,Nakhon Si Thammarat,พรหมคีรี,Phrom Khiri,นาเรียง,Na Reang
นครศรีธรรมราช,Nakhon Si Thammarat,ลานสกา,Lan Saka,เขาแก้ว,Khao Kaeo
นครศรีธรรมราช,Nakhon Si Thammarat,ลานสกา,Lan Saka,ลานสกา,Lan Saka
นครศรีธรรมราช,Nakhon Si Thammarat,ลานสกา,Lan Saka,ท่าดี,Tha Di
นครศรีธรรมราช,Nakhon Si Thammarat,ลานสกา,Lan Saka,กำโลน,Kamlon
นครศรีธรรมราช,Nakhon Si Thammarat,ลานสกา,Lan Saka,ขุนทะเล,Khun Thale
นครศรีธรรมราช,Nakhon Si Thammarat,ฉวาง,Chawang,ฉวาง,Chawang
นครศรีธรรมราช,Nakhon Si Thammarat,ฉวาง,Chawang,ละอาย,La-ai
นครศรีธรรมราช,Nakhon Si Thammarat,ฉวาง,Chawang,นาแว,Na Wae
นครศรีธรรมราช,Nakhon Si Thammarat,ฉวาง,Chawang,ไม้เรียง,Mai Riang
นครศรีธรรมราช,Nakhon Si Thammarat,ฉวาง,Chawang,กะเปียด,Kapiat
นครศรีธรรมราช,Nakhon Si Thammarat,ฉวาง,Chawang,นากะชะ,Na Kacha
นครศรีธรรมราช,Nakhon Si Thammarat,ฉวาง,Chawang,ห้วยปริก,Huai Prik
นครศรีธรรมราช,Nakhon Si Thammarat,ฉวาง,Chawang,ไสหร้า,Saira
นครศรีธรรมราช,Nakhon Si Thammarat,ฉวาง,Chawang,นาเขลียง,Na Khliang
นครศรีธรรมราช,Nakhon Si Thammarat,ฉวาง,Chawang,จันดี,Chan Di
นครศรีธรรมราช,Nakhon Si Thammarat,พิปูน,Phipun,พิปูน,Phipun
นครศรีธรรมราช,Nakhon Si Thammarat,พิปูน,Phipun,กะทูน,Kathun
นครศรีธรรมราช,Nakhon Si Thammarat,พิปูน,Phipun,เขาพระ,Khao Phra
นครศรีธรรมราช,Nakhon Si Thammarat,พิปูน,Phipun,ยางค้อม,Yang Khom
นครศรีธรรมราช,Nakhon Si Thammarat,พิปูน,Phipun,ควนกลาง,Khuan Klang
นครศรีธรรมราช,Nakhon Si Thammarat,เชียรใหญ่,Chian Yai,เชียรใหญ่,Chian Yai
นครศรีธรรมราช,Nakhon Si Thammarat,เชียรใหญ่,Chian Yai,ท่าขนาน,Tha Khanan
นครศรีธรรมราช,Nakhon Si Thammarat,เชียรใหญ่,Chian Yai,บ้านกลาง,Ban Klang
นครศรีธรรมราช,Nakhon Si Thammarat,เชียรใหญ่,Chian Yai,บ้านเนิน,Ban Noen
นครศรีธรรมราช,Nakhon Si Thammarat,เชียรใหญ่,Chian Yai,ไสหมาก,Sai Mak
นครศรีธรรมราช,Nakhon Si Thammarat,เชียรใหญ่,Chian Yai,ท้องลำเจียก,Thong Lamchiak
นครศรีธรรมราช,Nakhon Si Thammarat,เชียรใหญ่,Chian Yai,เสือหึง,Suea Hueng
นครศรีธรรมราช,Nakhon Si Thammarat,เชียรใหญ่,Chian Yai,การะเกด,Karaket
นครศรีธรรมราช,Nakhon Si Thammarat,เชียรใหญ่,Chian Yai,เขาพระบาท,Khao Phra Bat
นครศรีธรรมราช,Nakhon Si Thammarat,เชียรใหญ่,Chian Yai,แม่เจ้าอยู่หัว,Mae Chao Yu Hua
นครศรีธรรมราช,Nakhon Si Thammarat,ชะอวด,Cha-uat,ชะอวด,Cha-uat
นครศรีธรรมราช,Nakhon Si Thammarat,ชะอวด,Cha-uat,ท่าเสม็ด,Tha Samet
นครศรีธรรมราช,Nakhon Si Thammarat,ชะอวด,Cha-uat,ท่าประจะ,Tha Pracha
นครศรีธรรมราช,Nakhon Si Thammarat,ชะอวด,Cha-uat,เคร็ง,Khreng
นครศรีธรรมราช,Nakhon Si Thammarat,ชะอวด,Cha-uat,วังอ่าง,Wang Ang
นครศรีธรรมราช,Nakhon Si Thammarat,ชะอวด,Cha-uat,บ้านตูล,Ban Tun
นครศรีธรรมราช,Nakhon Si Thammarat,ชะอวด,Cha-uat,ขอนหาด,Khon Hat
นครศรีธรรมราช,Nakhon Si Thammarat,ชะอวด,Cha-uat,เกาะขันธ์,Khuan Nong Hong
นครศรีธรรมราช,Nakhon Si Thammarat,ชะอวด,Cha-uat,ควนหนองหงษ์,Khao Phra Thong
นครศรีธรรมราช,Nakhon Si Thammarat,ชะอวด,Cha-uat,เขาพระทอง,Nang Long
นครศรีธรรมราช,Nakhon Si Thammarat,ชะอวด,Cha-uat,นางหลง,Nang Long
นครศรีธรรมราช,Nakhon Si Thammarat,ท่าศาลา,Tha Sala,ท่าศาลา,Tha Sala
นครศรีธรรมราช,Nakhon Si Thammarat,ท่าศาลา,Tha Sala,กลาย,Klai
นครศรีธรรมราช,Nakhon Si Thammarat,ท่าศาลา,Tha Sala,ท่าขึ้น,Tha Khuen
นครศรีธรรมราช,Nakhon Si Thammarat,ท่าศาลา,Tha Sala,หัวตะพาน,Hua Taphan
นครศรีธรรมราช,Nakhon Si Thammarat,ท่าศาลา,Tha Sala,สระแก้ว,Sa Kaeo
นครศรีธรรมราช,Nakhon Si Thammarat,ท่าศาลา,Tha Sala,โมคลาน,Mokkhalan
นครศรีธรรมราช,Nakhon Si Thammarat,ท่าศาลา,Tha Sala,ไทยบุรี,Thai buri
นครศรีธรรมราช,Nakhon Si Thammarat,ท่าศาลา,Tha Sala,ดอนตะโก,Don tako
นครศรีธรรมราช,Nakhon Si Thammarat,ท่าศาลา,Tha Sala,ตลิ่งชัน,Taling Chan
นครศรีธรรมราช,Nakhon Si Thammarat,ท่าศาลา,Tha Sala,โพธิ์ทอง,Pho Thong
นครศรีธรรมราช,Nakhon Si Thammarat,ทุ่งสง,Thung Song,ปากแพรก,Pak Phraek
นครศรีธรรมราช,Nakhon Si Thammarat,ทุ่งสง,Thung Song,ชะมาย,Chamai
นครศรีธรรมราช,Nakhon Si Thammarat,ทุ่งสง,Thung Song,หนองหงส์,Nong Hong
นครศรีธรรมราช,Nakhon Si Thammarat,ทุ่งสง,Thung Song,ควนกรด,Khuan Krot
นครศรีธรรมราช,Nakhon Si Thammarat,ทุ่งสง,Thung Song,นาไม้ไผ่,Na Mai Phai
นครศรีธรรมราช,Nakhon Si Thammarat,ทุ่งสง,Thung Song,นาหลวงเสน,Na Luang Sen
นครศรีธรรมราช,Nakhon Si Thammarat,ทุ่งสง,Thung Song,เขาโร,Khao Ro
นครศรีธรรมราช,Nakhon Si Thammarat,ทุ่งสง,Thung Song,กะปาง,Kapang
นครศรีธรรมราช,Nakhon Si Thammarat,ทุ่งสง,Thung Song,ที่วัง,Thi Wang
นครศรีธรรมราช,Nakhon Si Thammarat,ทุ่งสง,Thung Song,น้ำตก,Namtok
นครศรีธรรมราช,Nakhon Si Thammarat,ทุ่งสง,Thung Song,ถ้ำใหญ่,Tham Yai
นครศรีธรรมราช,Nakhon Si Thammarat,ทุ่งสง,Thung Song,นาโพธิ์,Na Pho
นครศรีธรรมราช,Nakhon Si Thammarat,ทุ่งสง,Thung Song,เขาขาว,Khao Khao
นครศรีธรรมราช,Nakhon Si Thammarat,นาบอน,Na Bon,นาบอน,Na Bon
นครศรีธรรมราช,Nakhon Si Thammarat,นาบอน,Na Bon,ทุ่งสง,Thung Song
นครศรีธรรมราช,Nakhon Si Thammarat,นาบอน,Na Bon,แก้วแสน,Kaeo Saen
นครศรีธรรมราช,Nakhon Si Thammarat,ทุ่งใหญ่,Thung Yai,ท่ายาง,Tha Yang
นครศรีธรรมราช,Nakhon Si Thammarat,ทุ่งใหญ่,Thung Yai,ทุ่งสัง,Thung Sang
นครศรีธรรมราช,Nakhon Si Thammarat,ทุ่งใหญ่,Thung Yai,ทุ่งใหญ่,Thung Yai
นครศรีธรรมราช,Nakhon Si Thammarat,ทุ่งใหญ่,Thung Yai,กุแหระ,Kurae
นครศรีธรรมราช,Nakhon Si Thammarat,ทุ่งใหญ่,Thung Yai,ปริก,Prik
นครศรีธรรมราช,Nakhon Si Thammarat,ทุ่งใหญ่,Thung Yai,บางรูป,Bang Rup
นครศรีธรรมราช,Nakhon Si Thammarat,ทุ่งใหญ่,Thung Yai,กรุงหยัน,Krung Yan
นครศรีธรรมราช,Nakhon Si Thammarat,ปากพนัง,Pak Phanang,ปากพนัง,Pak Phanang
นครศรีธรรมราช,Nakhon Si Thammarat,ปากพนัง,Pak Phanang,คลองน้อย,Khlong Noi
นครศรีธรรมราช,Nakhon Si Thammarat,ปากพนัง,Pak Phanang,ป่าระกำ,Pa Rakam
นครศรีธรรมราช,Nakhon Si Thammarat,ปากพนัง,Pak Phanang,ชะเมา,Chamao
นครศรีธรรมราช,Nakhon Si Thammarat,ปากพนัง,Pak Phanang,คลองกระบือ,Khlong Krabue
นครศรีธรรมราช,Nakhon Si Thammarat,ปากพนัง,Pak Phanang,เกาะทวด,Ko Thuat
นครศรีธรรมราช,Nakhon Si Thammarat,ปากพนัง,Pak Phanang,บ้านใหม่,Ban Mai
นครศรีธรรมราช,Nakhon Si Thammarat,ปากพนัง,Pak Phanang,หูล่อง,Hu Long
นครศรีธรรมราช,Nakhon Si Thammarat,ปากพนัง,Pak Phanang,แหลมตะลุมพุก,Laem Talumphuk
นครศรีธรรมราช,Nakhon Si Thammarat,ปากพนัง,Pak Phanang,ปากพนังฝั่งตะวันตก,Pak Phanang Fang Tawantok
นครศรีธรรมราช,Nakhon Si Thammarat,ปากพนัง,Pak Phanang,บางศาลา,Bang Sala
นครศรีธรรมราช,Nakhon Si Thammarat,ปากพนัง,Pak Phanang,บางพระ,Bang Phra
นครศรีธรรมราช,Nakhon Si Thammarat,ปากพนัง,Pak Phanang,บางตะพง,Bang Taphong
นครศรีธรรมราช,Nakhon Si Thammarat,ปากพนัง,Pak Phanang,ปากพนังฝั่งตะวันออก,Pak Phanang Fang Tawan-ok
นครศรีธรรมราช,Nakhon Si Thammarat,ปากพนัง,Pak Phanang,บ้านเพิง,Ban Phoeng
นครศรีธรรมราช,Nakhon Si Thammarat,ปากพนัง,Pak Phanang,ท่าพยา,Tha Phaya
นครศรีธรรมราช,Nakhon Si Thammarat,ปากพนัง,Pak Phanang,ปากแพรก,Pak Phraek
นครศรีธรรมราช,Nakhon Si Thammarat,ปากพนัง,Pak Phanang,ขนาบนาก,Khanap Nak
นครศรีธรรมราช,Nakhon Si Thammarat,ร่อนพิบูลย์,Ron Phibun,ร่อนพิบูลย์,Ron Phibun
นครศรีธรรมราช,Nakhon Si Thammarat,ร่อนพิบูลย์,Ron Phibun,หินตก,Hin Tok
นครศรีธรรมราช,Nakhon Si Thammarat,ร่อนพิบูลย์,Ron Phibun,เสาธง,Sao Thong
นครศรีธรรมราช,Nakhon Si Thammarat,ร่อนพิบูลย์,Ron Phibun,ควนเกย,Khuan Koei
นครศรีธรรมราช,Nakhon Si Thammarat,ร่อนพิบูลย์,Ron Phibun,ควนพัง,Khuan Phang
นครศรีธรรมราช,Nakhon Si Thammarat,ร่อนพิบูลย์,Ron Phibun,ควนชุม,Khuan Chum
นครศรีธรรมราช,Nakhon Si Thammarat,สิชล,Sichon,สิชล,Sichon
นครศรีธรรมราช,Nakhon Si Thammarat,สิชล,Sichon,ทุ่งปรัง,Thung Prang
นครศรีธรรมราช,Nakhon Si Thammarat,สิชล,Sichon,ฉลอง,Chalong
นครศรีธรรมราช,Nakhon Si Thammarat,สิชล,Sichon,เสาเภา,Sao Phao
นครศรีธรรมราช,Nakhon Si Thammarat,สิชล,Sichon,เปลี่ยน,Plian
นครศรีธรรมราช,Nakhon Si Thammarat,สิชล,Sichon,สี่ขีด,Si Khit
นครศรีธรรมราช,Nakhon Si Thammarat,สิชล,Sichon,เทพราช,Theppharat
นครศรีธรรมราช,Nakhon Si Thammarat,สิชล,Sichon,เขาน้อย,Khao Noi
นครศรีธรรมราช,Nakhon Si Thammarat,สิชล,Sichon,ทุ่งใส,Thung Sai
นครศรีธรรมราช,Nakhon Si Thammarat,ขนอม,Khanom,ขนอม,Khanom
นครศรีธรรมราช,Nakhon Si Thammarat,ขนอม,Khanom,ควนทอง,Khuan Thong
นครศรีธรรมราช,Nakhon Si Thammarat,ขนอม,Khanom,ท้องเนียน,Thong Nian
นครศรีธรรมราช,Nakhon Si Thammarat,หัวไทร,Hua Sai,หัวไทร,Hua Sai
นครศรีธรรมราช,Nakhon Si Thammarat,หัวไทร,Hua Sai,หน้าสตน,Na Saton
นครศรีธรรมราช,Nakhon Si Thammarat,หัวไทร,Hua Sai,ทรายขาว,Sai Khao
นครศรีธรรมราช,Nakhon Si Thammarat,หัวไทร,Hua Sai,แหลม,Laem
นครศรีธรรมราช,Nakhon Si Thammarat,หัวไทร,Hua Sai,เขาพังไกร,Khao Phang Krai
นครศรีธรรมราช,Nakhon Si Thammarat,หัวไทร,Hua Sai,บ้านราม,Ban Ram
นครศรีธรรมราช,Nakhon Si Thammarat,หัวไทร,Hua Sai,บางนบ,Bang Nop
นครศรีธรรมราช,Nakhon Si Thammarat,หัวไทร,Hua Sai,ท่าซอม,Tha Som
นครศรีธรรมราช,Nakhon Si Thammarat,หัวไทร,Hua Sai,ควนชะลิก,Khuan Chalik
นครศรีธรรมราช,Nakhon Si Thammarat,หัวไทร,Hua Sai,รามแก้ว,Ram Kaeo
นครศรีธรรมราช,Nakhon Si Thammarat,หัวไทร,Hua Sai,เกาะเพชร,Ko Phet
นครศรีธรรมราช,Nakhon Si Thammarat,บางขัน,Bang Khan,บางขัน,Bang Khan
นครศรีธรรมราช,Nakhon Si Thammarat,บางขัน,Bang Khan,บ้านลำนาว,Ban Lamnao
นครศรีธรรมราช,Nakhon Si Thammarat,บางขัน,Bang Khan,วังหิน,Wang Hin
นครศรีธรรมราช,Nakhon Si Thammarat,บางขัน,Bang Khan,บ้านนิคม,Ban Nikhom
นครศรีธรรมราช,Nakhon Si Thammarat,ถ้ำพรรณรา,Tham Phannara,ถ้ำพรรณรา,Tham Phannara
นครศรีธรรมราช,Nakhon Si Thammarat,ถ้ำพรรณรา,Tham Phannara,คลองเส,Khlong Se
นครศรีธรรมราช,Nakhon Si Thammarat,ถ้ำพรรณรา,Tham Phannara,ดุสิต,Dusit
นครศรีธรรมราช,Nakhon Si Thammarat,จุฬาภรณ์,Chulabhorn,บ้านควนมุด,Ban Khuan Mut
นครศรีธรรมราช,Nakhon Si Thammarat,จุฬาภรณ์,Chulabhorn,บ้านชะอวด,Ban Cha-uat
นครศรีธรรมราช,Nakhon Si Thammarat,จุฬาภรณ์,Chulabhorn,ควนหนองคว้า,Khuan Nong Khwa
นครศรีธรรมราช,Nakhon Si Thammarat,จุฬาภรณ์,Chulabhorn,ทุ่งโพธิ์,Thung Pho
นครศรีธรรมราช,Nakhon Si Thammarat,จุฬาภรณ์,Chulabhorn,นาหมอบุญ,Na Mo Bun
นครศรีธรรมราช,Nakhon Si Thammarat,จุฬาภรณ์,Chulabhorn,สามตำบล,Sam Tambon
นครศรีธรรมราช,Nakhon Si Thammarat,พระพรหม,Phra Phrom,นาพรุ,Na Phru
นครศรีธรรมราช,Nakhon Si Thammarat,พระพรหม,Phra Phrom,นาสาร,Na San
นครศรีธรรมราช,Nakhon Si Thammarat,พระพรหม,Phra Phrom,ท้ายสำเภา,Thai Samphao
นครศรีธรรมราช,Nakhon Si Thammarat,พระพรหม,Phra Phrom,ช้างซ้าย,Chang Sai
นครศรีธรรมราช,Nakhon Si Thammarat,นบพิตำ,Nopphitam,นบพิตำ,Nopphitam
นครศรีธรรมราช,Nakhon Si Thammarat,นบพิตำ,Nopphitam,กรุงชิง,Krung Ching
นครศรีธรรมราช,Nakhon Si Thammarat,นบพิตำ,Nopphitam,กะหรอ,Karo
นครศรีธรรมราช,Nakhon Si Thammarat,นบพิตำ,Nopphitam,นาเหรง,Na Reng
นครศรีธรรมราช,Nakhon Si Thammarat,ช้างกลาง,Chang Klang,ช้างกลาง,Chang Klang
นครศรีธรรมราช,Nakhon Si Thammarat,ช้างกลาง,Chang Klang,หลักช้าง,Lak Chang
นครศรีธรรมราช,Nakhon Si Thammarat,ช้างกลาง,Chang Klang,สวนขัน,Suan Kan
นครศรีธรรมราช,Nakhon Si Thammarat,เฉลิมพระเกียรติ,Chaloem Phra Kiat,เชียรเขา,Chian Khao
นครศรีธรรมราช,Nakhon Si Thammarat,เฉลิมพระเกียรติ,Chaloem Phra Kiat,ดอนตรอ,Don Tro
นครศรีธรรมราช,Nakhon Si Thammarat,เฉลิมพระเกียรติ,Chaloem Phra Kiat,สวนหลวง,Suan Luang
นครศรีธรรมราช,Nakhon Si Thammarat,เฉลิมพระเกียรติ,Chaloem Phra Kiat,ทางพูน,Thang Phun
กระบี่,Krabi,เมืองกระบี่,Mueang Krabi,ปากน้ำ,Pak Nam
กระบี่,Krabi,เมืองกระบี่,Mueang Krabi,กระบี่ใหญ่,Krabi Yai
กระบี่,Krabi,เมืองกระบี่,Mueang Krabi,กระบี่น้อย,Krabi Noi
กระบี่,Krabi,เมืองกระบี่,Mueang Krabi,เขาคราม,Khao Khram
กระบี่,Krabi,เมืองกระบี่,Mueang Krabi,เขาทอง,Khao Thong
กระบี่,Krabi,เมืองกระบี่,Mueang Krabi,ทับปริก,Thap Prik
กระบี่,Krabi,เมืองกระบี่,Mueang Krabi,ไสไทย,Sai Thai
กระบี่,Krabi,เมืองกระบี่,Mueang Krabi,อ่าวนาง,Ao Nang
กระบี่,Krabi,เมืองกระบี่,Mueang Krabi,หนองทะเล,Nong Thale
กระบี่,Krabi,เมืองกระบี่,Mueang Krabi,คลองประสงค์,Khlong Prasong
กระบี่,Krabi,เขาพนม,Khao Phanom,เขาพนม,Khao Phanom
กระบี่,Krabi,เขาพนม,Khao Phanom,เขาดิน,Khao Din
กระบี่,Krabi,เขาพนม,Khao Phanom,สินปุน,Sin Pun
กระบี่,Krabi,เขาพนม,Khao Phanom,พรุเตียว,Phru Tiao
กระบี่,Krabi,เขาพนม,Khao Phanom,หน้าเขา,Na Khao
กระบี่,Krabi,เขาพนม,Khao Phanom,โคกหาร,Khok Han
กระบี่,Krabi,เกาะลันตา,Ko Lanta,เกาะลันตาใหญ่,Ko Lanta Yai
กระบี่,Krabi,เกาะลันตา,Ko Lanta,เกาะลันตาน้อย,Ko Lanta Noi
กระบี่,Krabi,เกาะลันตา,Ko Lanta,เกาะกลาง,Ko Klang
กระบี่,Krabi,เกาะลันตา,Ko Lanta,คลองยาง,Khlong Yang
กระบี่,Krabi,เกาะลันตา,Ko Lanta,ศาลาด่าน,Sala Dan
กระบี่,Krabi,คลองท่อม,Khlong Thom,คลองท่อมใต้,Khlong Thom Tai
กระบี่,Krabi,คลองท่อม,Khlong Thom,คลองท่อมเหนือ,Khlong Thom Nuea
กระบี่,Krabi,คลองท่อม,Khlong Thom,คลองพน,Khlong Phon
กระบี่,Krabi,คลองท่อม,Khlong Thom,ทรายขาว,Sai Khao
กระบี่,Krabi,คลองท่อม,Khlong Thom,ห้วยน้ำขาว,Huai Nam Khao
กระบี่,Krabi,คลองท่อม,Khlong Thom,พรุดินนา,Phru Din Na
กระบี่,Krabi,คลองท่อม,Khlong Thom,เพหลา,Phela
กระบี่,Krabi,อ่าวลึก,Ao Luek,อ่าวลึกใต้,Ao Luek Tai
กระบี่,Krabi,อ่าวลึก,Ao Luek,แหลมสัก,Laem Sak
กระบี่,Krabi,อ่าวลึก,Ao Luek,นาเหนือ,Na Nuea
กระบี่,Krabi,อ่าวลึก,Ao Luek,คลองหิน,Khlong Hin
กระบี่,Krabi,อ่าวลึก,Ao Luek,อ่าวลึกน้อย,Ao Luek Noi
กระบี่,Krabi,อ่าวลึก,Ao Luek,อ่าวลึกเหนือ,Ao Luek Nuea
กระบี่,Krabi,อ่าวลึก,Ao Luek,เขาใหญ่,Khao Yai
กระบี่,Krabi,อ่าวลึก,Ao Luek,คลองยา,Khlong Ya
กระบี่,Krabi,อ่าวลึก,Ao Luek,บ้านกลาง,Ban Klang
กระบี่,Krabi,ปลายพระยา,Plai Phraya,ปลายพระยา,Plai Phraya
กระบี่,Krabi,ปลายพระยา,Plai Phraya,เขาเขน,Khao Khen
กระบี่,Krabi,ปลายพระยา,Plai Phraya,เขาต่อ,Khao To
กระบี่,Krabi,ปลายพระยา,Plai Phraya,คีรีวง,Khiri Wong
กระบี่,Krabi,ลำทับ,Lam Thap,ลำทับ,Lam Thap
กระบี่,Krabi,ลำทับ,Lam Thap,ดินอุดม,Din Udom
กระบี่,Krabi,ลำทับ,Lam Thap,ทุ่งไทรทอง,Thung Sai Thong
กระบี่,Krabi,ลำทับ,Lam Thap,ดินแดง,Din Daeng
กระบี่,Krabi,เหนือคลอง,Nuea Khlong,เหนือคลอง,Nuea Khlong
กระบี่,Krabi,เหนือคลอง,Nuea Khlong,เกาะศรีบอยา,Ko Si Boya
กระบี่,Krabi,เหนือคลอง,Nuea Khlong,คลองขนาน,Khlong Khanan
กระบี่,Krabi,เหนือคลอง,Nuea Khlong,คลองเขม้า,Khlong Khamao
กระบี่,Krabi,เหนือคลอง,Nuea Khlong,โคกยาง,Khok Yang
กระบี่,Krabi,เหนือคลอง,Nuea Khlong,ตลิ่งชัน,Taling Chan
กระบี่,Krabi,เหนือคลอง,Nuea Khlong,ปกาสัย,Pakasai
กระบี่,Krabi,เหนือคลอง,Nuea Khlong,ห้วยยูง,Huai Yung
พังงา,Phangnga,เมืองพังงา,Mueang Phang-nga,ท้ายช้าง,Thai Chang
พังงา,Phangnga,เมืองพังงา,Mueang Phang-nga,นบปริง,Nop Pring
พังงา,Phangnga,เมืองพังงา,Mueang Phang-nga,ถ้ำน้ำผุด,Tham Nam Phut
พังงา,Phangnga,เมืองพังงา,Mueang Phang-nga,บางเตย,Bang Toei
พังงา,Phangnga,เมืองพังงา,Mueang Phang-nga,ตากแดด,Tak Daet
พังงา,Phangnga,เมืองพังงา,Mueang Phang-nga,สองแพรก,Song Phraek
พังงา,Phangnga,เมืองพังงา,Mueang Phang-nga,ทุ่งคาโงก,Thung Kha Ngok
พังงา,Phangnga,เมืองพังงา,Mueang Phang-nga,เกาะปันหยี,Ko Panyi
พังงา,Phangnga,เมืองพังงา,Mueang Phang-nga,ป่ากอ,Pa Ko
พังงา,Phangnga,เกาะยาว,Ko Yao,เกาะยาวน้อย,Ko Yao Noi
พังงา,Phangnga,เกาะยาว,Ko Yao,เกาะยาวใหญ่,Ko Yao Yai
พังงา,Phangnga,เกาะยาว,Ko Yao,พรุใน,Pru Nai
พังงา,Phangnga,กะปง,Kapong,กะปง,Kapong
พังงา,Phangnga,กะปง,Kapong,ท่านา,Tha Na
พังงา,Phangnga,กะปง,Kapong,เหมาะ,Mo
พังงา,Phangnga,กะปง,Kapong,เหล,Le
พังงา,Phangnga,กะปง,Kapong,รมณีย์,Rommani
พังงา,Phangnga,ตะกั่วทุ่ง,Takua Thung,ถ้ำ,Tham
พังงา,Phangnga,ตะกั่วทุ่ง,Takua Thung,กระโสม,Krasom
พังงา,Phangnga,ตะกั่วทุ่ง,Takua Thung,กะไหล,Kalai
พังงา,Phangnga,ตะกั่วทุ่ง,Takua Thung,ท่าอยู่,Tha Yu
พังงา,Phangnga,ตะกั่วทุ่ง,Takua Thung,หล่อยูง,Lo Yung
พังงา,Phangnga,ตะกั่วทุ่ง,Takua Thung,โคกกลอย,Khok Kloi
พังงา,Phangnga,ตะกั่วทุ่ง,Takua Thung,คลองเคียน,Khlong Khian
พังงา,Phangnga,ตะกั่วป่า,Takua Pa,ตะกั่วป่า,Takua Pa
พังงา,Phangnga,ตะกั่วป่า,Takua Pa,บางนายสี,Bang Nai Si
พังงา,Phangnga,ตะกั่วป่า,Takua Pa,บางไทร,Bang Sai
พังงา,Phangnga,ตะกั่วป่า,Takua Pa,บางม่วง,Bang Muang
พังงา,Phangnga,ตะกั่วป่า,Takua Pa,ตำตัว,Tam Tua
พังงา,Phangnga,ตะกั่วป่า,Takua Pa,โคกเคียน,Khok Khian
พังงา,Phangnga,ตะกั่วป่า,Takua Pa,คึกคัก,Khuekkhak
พังงา,Phangnga,ตะกั่วป่า,Takua Pa,เกาะคอเขา,Ko Kho Khao
พังงา,Phangnga,คุระบุรี,Khura Buri,คุระ,Khura
พังงา,Phangnga,คุระบุรี,Khura Buri,บางวัน,Bang Wan
พังงา,Phangnga,คุระบุรี,Khura Buri,เกาะพระทอง,Ko Phra Thong
พังงา,Phangnga,คุระบุรี,Khura Buri,แม่นางขาว,Mae Nang Khao
พังงา,Phangnga,ทับปุด,Thap Put,ทับปุด,Thap Put
พังงา,Phangnga,ทับปุด,Thap Put,มะรุ่ย,Marui
พังงา,Phangnga,ทับปุด,Thap Put,บ่อแสน,Bo Saen
พังงา,Phangnga,ทับปุด,Thap Put,ถ้ำทองหลาง,Tham Thonglang
พังงา,Phangnga,ทับปุด,Thap Put,โคกเจริญ,Khok Charoen
พังงา,Phangnga,ทับปุด,Thap Put,บางเหรียง,Bang Riang
พังงา,Phangnga,ท้ายเหมือง,Thai Mueang,ท้ายเหมือง,Thai Mueang
พังงา,Phangnga,ท้ายเหมือง,Thai Mueang,นาเตย,Na Toei
พังงา,Phangnga,ท้ายเหมือง,Thai Mueang,บางทอง,Bang Thong
พังงา,Phangnga,ท้ายเหมือง,Thai Mueang,ทุ่งมะพร้าว,Thung Maphrao
พังงา,Phangnga,ท้ายเหมือง,Thai Mueang,ลำภี,Lam Phi
พังงา,Phangnga,ท้ายเหมือง,Thai Mueang,ลำแก่น,Lam Kaen
ภูเก็ต,Phuket,เมืองภูเก็ต,Mueang Phuket,ตลาดใหญ่,Talat Yai
ภูเก็ต,Phuket,เมืองภูเก็ต,Mueang Phuket,ตลาดเหนือ,Talat Nuea
ภูเก็ต,Phuket,เมืองภูเก็ต,Mueang Phuket,เกาะแก้ว,Ko Kaeo
ภูเก็ต,Phuket,เมืองภูเก็ต,Mueang Phuket,รัษฎา,Ratsada
ภูเก็ต,Phuket,เมืองภูเก็ต,Mueang Phuket,วิชิต,Wichit
ภูเก็ต,Phuket,เมืองภูเก็ต,Mueang Phuket,ฉลอง,Chalong
ภูเก็ต,Phuket,เมืองภูเก็ต,Mueang Phuket,ราไวย์,Rawai
ภูเก็ต,Phuket,เมืองภูเก็ต,Mueang Phuket,กะรน,Karon
ภูเก็ต,Phuket,กะทู้,Kathu,กะทู้,Kathu
ภูเก็ต,Phuket,กะทู้,Kathu,ป่าตอง,Pa Tong
ภูเก็ต,Phuket,กะทู้,Kathu,กมลา,Kamala
ภูเก็ต,Phuket,ถลาง,Thalang,เทพกระษัตรี,Thep Krasattri
ภูเก็ต,Phuket,ถลาง,Thalang,ศรีสุนทร,Si Sunthon
ภูเก็ต,Phuket,ถลาง,Thalang,เชิงทะเล,Choeng Thale
ภูเก็ต,Phuket,ถลาง,Thalang,ป่าคลอก,Pa Khlok
ภูเก็ต,Phuket,ถลาง,Thalang,ไม้ขาว,Mai Khao
ภูเก็ต,Phuket,ถลาง,Thalang,สาคู,Sakhu
สุราษฎร์ธานี,Surat Thani,เมืองสุราษฎร์ธานี,Mueang Surat Thani,ตลาด,Talat
สุราษฎร์ธานี,Surat Thani,เมืองสุราษฎร์ธานี,Mueang Surat Thani,มะขามเตี้ย,Makham Tia
สุราษฎร์ธานี,Surat Thani,เมืองสุราษฎร์ธานี,Mueang Surat Thani,วัดประดู่,Wat Pradu
สุราษฎร์ธานี,Surat Thani,เมืองสุราษฎร์ธานี,Mueang Surat Thani,ขุนทะเล,Khun Thale
สุราษฎร์ธานี,Surat Thani,เมืองสุราษฎร์ธานี,Mueang Surat Thani,บางใบไม้,Bang Bai Mai
สุราษฎร์ธานี,Surat Thani,เมืองสุราษฎร์ธานี,Mueang Surat Thani,บางชนะ,Bang Chana
สุราษฎร์ธานี,Surat Thani,เมืองสุราษฎร์ธานี,Mueang Surat Thani,คลองน้อย,Khlong Noi
สุราษฎร์ธานี,Surat Thani,เมืองสุราษฎร์ธานี,Mueang Surat Thani,บางไทร,Bang Sai
สุราษฎร์ธานี,Surat Thani,เมืองสุราษฎร์ธานี,Mueang Surat Thani,บางโพธิ์,Bang Pho
สุราษฎร์ธานี,Surat Thani,เมืองสุราษฎร์ธานี,Mueang Surat Thani,บางกุ้ง,Bang Kung
สุราษฎร์ธานี,Surat Thani,เมืองสุราษฎร์ธานี,Mueang Surat Thani,คลองฉนาก,Khlong Chanak
สุราษฎร์ธานี,Surat Thani,กาญจนดิษฐ์,Kanchanadit,ท่าทองใหม่,Tha Thong
สุราษฎร์ธานี,Surat Thani,กาญจนดิษฐ์,Kanchanadit,ท่าทอง,Tha Thong Mai
สุราษฎร์ธานี,Surat Thani,กาญจนดิษฐ์,Kanchanadit,กะแดะ,Kadae
สุราษฎร์ธานี,Surat Thani,กาญจนดิษฐ์,Kanchanadit,ทุ่งกง,Thung Kong
สุราษฎร์ธานี,Surat Thani,กาญจนดิษฐ์,Kanchanadit,กรูด,Krut
สุราษฎร์ธานี,Surat Thani,กาญจนดิษฐ์,Kanchanadit,ช้างซ้าย,Chang Sai
สุราษฎร์ธานี,Surat Thani,กาญจนดิษฐ์,Kanchanadit,พลายวาส,Phlai Wat
สุราษฎร์ธานี,Surat Thani,กาญจนดิษฐ์,Kanchanadit,ป่าร่อน,Pa Ron
สุราษฎร์ธานี,Surat Thani,กาญจนดิษฐ์,Kanchanadit,ตะเคียนทอง,Takhian Thong
สุราษฎร์ธานี,Surat Thani,กาญจนดิษฐ์,Kanchanadit,ช้างขวา,Chang Khwa
สุราษฎร์ธานี,Surat Thani,กาญจนดิษฐ์,Kanchanadit,ท่าอุแท,Tha Uthae
สุราษฎร์ธานี,Surat Thani,กาญจนดิษฐ์,Kanchanadit,ทุ่งรัง,Thung Rung
สุราษฎร์ธานี,Surat Thani,กาญจนดิษฐ์,Kanchanadit,คลองสระ,Khlong Sa
สุราษฎร์ธานี,Surat Thani,ดอนสัก,Don Sak,ดอนสัก,Don Sak
สุราษฎร์ธานี,Surat Thani,ดอนสัก,Don Sak,ชลคราม,Chonlakhram
สุราษฎร์ธานี,Surat Thani,ดอนสัก,Don Sak,ไชยคราม,Chaiyakhram
สุราษฎร์ธานี,Surat Thani,ดอนสัก,Don Sak,ปากแพรก,Pak Phraek
สุราษฎร์ธานี,Surat Thani,เกาะสมุย,Ko Samui,อ่างทอง,Ang Thong
สุราษฎร์ธานี,Surat Thani,เกาะสมุย,Ko Samui,ลิปะน้อย,Lipa Noi
สุราษฎร์ธานี,Surat Thani,เกาะสมุย,Ko Samui,ตลิ่งงาม,Taling Ngam
สุราษฎร์ธานี,Surat Thani,เกาะสมุย,Ko Samui,หน้าเมือง,Na Mueang
สุราษฎร์ธานี,Surat Thani,เกาะสมุย,Ko Samui,มะเร็ต,Maret
สุราษฎร์ธานี,Surat Thani,เกาะสมุย,Ko Samui,บ่อผุด,Bo Phut
สุราษฎร์ธานี,Surat Thani,เกาะสมุย,Ko Samui,แม่น้ำ,Mae Nam
สุราษฎร์ธานี,Surat Thani,เกาะพะงัน,Ko Pha-ngan,เกาะพะงัน,Ko Pha-ngan
สุราษฎร์ธานี,Surat Thani,เกาะพะงัน,Ko Pha-ngan,บ้านใต้,Ban Tai
สุราษฎร์ธานี,Surat Thani,เกาะพะงัน,Ko Pha-ngan,เกาะเต่า,Koh Tao
สุราษฎร์ธานี,Surat Thani,ไชยา,Chaiya,ตลาดไชยา,Talat Chaiya
สุราษฎร์ธานี,Surat Thani,ไชยา,Chaiya,พุมเรียง,Phumriang
สุราษฎร์ธานี,Surat Thani,ไชยา,Chaiya,เลม็ด,Lamet
สุราษฎร์ธานี,Surat Thani,ไชยา,Chaiya,เวียง,Wiang
สุราษฎร์ธานี,Surat Thani,ไชยา,Chaiya,ทุ่ง,Thung
สุราษฎร์ธานี,Surat Thani,ไชยา,Chaiya,ป่าเว,Pa We
สุราษฎร์ธานี,Surat Thani,ไชยา,Chaiya,ตะกรบ,Takrop
สุราษฎร์ธานี,Surat Thani,ไชยา,Chaiya,โมถ่าย,Mo Thai
สุราษฎร์ธานี,Surat Thani,ไชยา,Chaiya,ปากหมาก,Pak Mak
สุราษฎร์ธานี,Surat Thani,ท่าชนะ,Tha Chana,ท่าชนะ,Tha Chana
สุราษฎร์ธานี,Surat Thani,ท่าชนะ,Tha Chana,สมอทอง,Samo Thong
สุราษฎร์ธานี,Surat Thani,ท่าชนะ,Tha Chana,ประสงค์,Prasong
สุราษฎร์ธานี,Surat Thani,ท่าชนะ,Tha Chana,คันธุลี,Khan Thuli
สุราษฎร์ธานี,Surat Thani,ท่าชนะ,Tha Chana,วัง,Wang
สุราษฎร์ธานี,Surat Thani,ท่าชนะ,Tha Chana,คลองพา,Khlong Pha
สุราษฎร์ธานี,Surat Thani,คีรีรัฐนิคม,Khiri Rat Nikhom,ท่าขนอน,Tha Khanon
สุราษฎร์ธานี,Surat Thani,คีรีรัฐนิคม,Khiri Rat Nikhom,บ้านยาง,Ban Yang
สุราษฎร์ธานี,Surat Thani,คีรีรัฐนิคม,Khiri Rat Nikhom,น้ำหัก,Nam Hak
สุราษฎร์ธานี,Surat Thani,คีรีรัฐนิคม,Khiri Rat Nikhom,กะเปา,Kapao
สุราษฎร์ธานี,Surat Thani,คีรีรัฐนิคม,Khiri Rat Nikhom,ท่ากระดาน,Tha Kradan
สุราษฎร์ธานี,Surat Thani,คีรีรัฐนิคม,Khiri Rat Nikhom,ย่านยาว,Yan Yao
สุราษฎร์ธานี,Surat Thani,คีรีรัฐนิคม,Khiri Rat Nikhom,ถ้ำสิงขร,Tham Singkhon
สุราษฎร์ธานี,Surat Thani,คีรีรัฐนิคม,Khiri Rat Nikhom,บ้านทำเนียบ,Ban Thamniap
สุราษฎร์ธานี,Surat Thani,บ้านตาขุน,Ban Ta Khun,เขาวง,Khao Wong
สุราษฎร์ธานี,Surat Thani,บ้านตาขุน,Ban Ta Khun,พระแสง,Phasaeng
สุราษฎร์ธานี,Surat Thani,บ้านตาขุน,Ban Ta Khun,พรุไทย,Phru Thai
สุราษฎร์ธานี,Surat Thani,บ้านตาขุน,Ban Ta Khun,เขาพัง,Khao Phang
สุราษฎร์ธานี,Surat Thani,พนม,Phanom,พนม,Phanom
สุราษฎร์ธานี,Surat Thani,พนม,Phanom,ต้นยวน,Ton Yuan
สุราษฎร์ธานี,Surat Thani,พนม,Phanom,คลองศก,Khlong Sok
สุราษฎร์ธานี,Surat Thani,พนม,Phanom,พลูเถื่อน,Phlu Thuean
สุราษฎร์ธานี,Surat Thani,พนม,Phanom,พังกาญจน์,Phang Kan
สุราษฎร์ธานี,Surat Thani,พนม,Phanom,คลองชะอุ่น,Khlong Cha-un
สุราษฎร์ธานี,Surat Thani,ท่าฉาง,Tha Chang,ท่าฉาง,Tha Chang
สุราษฎร์ธานี,Surat Thani,ท่าฉาง,Tha Chang,ท่าเคย,Tha Khoei
สุราษฎร์ธานี,Surat Thani,ท่าฉาง,Tha Chang,คลองไทร,Khlong Sai
สุราษฎร์ธานี,Surat Thani,ท่าฉาง,Tha Chang,เขาถ่าน,Khao Than
สุราษฎร์ธานี,Surat Thani,ท่าฉาง,Tha Chang,เสวียด,Sawiat
สุราษฎร์ธานี,Surat Thani,ท่าฉาง,Tha Chang,ปากฉลุย,Pak Chalui
สุราษฎร์ธานี,Surat Thani,บ้านนาสาร,Ban Na San,นาสาร,Na San
สุราษฎร์ธานี,Surat Thani,บ้านนาสาร,Ban Na San,พรุพี,Phru Phi
สุราษฎร์ธานี,Surat Thani,บ้านนาสาร,Ban Na San,ทุ่งเตา,Thung Tao
สุราษฎร์ธานี,Surat Thani,บ้านนาสาร,Ban Na San,ลำพูน,Lamphun
สุราษฎร์ธานี,Surat Thani,บ้านนาสาร,Ban Na San,ท่าชี,Tha Chi
สุราษฎร์ธานี,Surat Thani,บ้านนาสาร,Ban Na San,ควนศรี,Khuan Si
สุราษฎร์ธานี,Surat Thani,บ้านนาสาร,Ban Na San,ควนสุบรรณ,Khuan Suban
สุราษฎร์ธานี,Surat Thani,บ้านนาสาร,Ban Na San,คลองปราบ,Khlong Prap
สุราษฎร์ธานี,Surat Thani,บ้านนาสาร,Ban Na San,น้ำพุ,Nam Phu
สุราษฎร์ธานี,Surat Thani,บ้านนาสาร,Ban Na San,ทุ่งเตาใหม่,Thung Tao Mai
สุราษฎร์ธานี,Surat Thani,บ้านนาสาร,Ban Na San,เพิ่มพูนทรัพย์,Phoem Phun Sap
สุราษฎร์ธานี,Surat Thani,บ้านนาเดิม,Ban Na Doem,บ้านนา,Ban Na
สุราษฎร์ธานี,Surat Thani,บ้านนาเดิม,Ban Na Doem,ท่าเรือ,Tha Ruea
สุราษฎร์ธานี,Surat Thani,บ้านนาเดิม,Ban Na Doem,ทรัพย์ทวี,Sap Thawi
สุราษฎร์ธานี,Surat Thani,บ้านนาเดิม,Ban Na Doem,นาใต้,Na Tai
สุราษฎร์ธานี,Surat Thani,เคียนซา,Khian Sa,เคียนซา,Khian Sa
สุราษฎร์ธานี,Surat Thani,เคียนซา,Khian Sa,พ่วงพรมคร,Phuang Phromkhon
สุราษฎร์ธานี,Surat Thani,เคียนซา,Khian Sa,เขาตอก,Khao Tok
สุราษฎร์ธานี,Surat Thani,เคียนซา,Khian Sa,อรัญคามวารี,Aranyakham Wari
สุราษฎร์ธานี,Surat Thani,เคียนซา,Khian Sa,บ้านเสด็จ,Ban Sadet
สุราษฎร์ธานี,Surat Thani,เวียงสระ,Wiang Sa,เวียงสระ,Wiang Sa
สุราษฎร์ธานี,Surat Thani,เวียงสระ,Wiang Sa,บ้านส้อง,Ban Song
สุราษฎร์ธานี,Surat Thani,เวียงสระ,Wiang Sa,คลองฉนวน,Khlong Chanuan
สุราษฎร์ธานี,Surat Thani,เวียงสระ,Wiang Sa,ทุ่งหลวง,Thung Luang
สุราษฎร์ธานี,Surat Thani,เวียงสระ,Wiang Sa,เขานิพันธ์,*Khao Niphan
สุราษฎร์ธานี,Surat Thani,พระแสง,Phrasaeng,อิปัน,Ipan
สุราษฎร์ธานี,Surat Thani,พระแสง,Phrasaeng,สินปุน,Sin Pun
สุราษฎร์ธานี,Surat Thani,พระแสง,Phrasaeng,บางสวรรค์,Bang Sawan
สุราษฎร์ธานี,Surat Thani,พระแสง,Phrasaeng,ไทรขึง,Sai Khueng
สุราษฎร์ธานี,Surat Thani,พระแสง,Phrasaeng,สินเจริญ,Sin Charoen
สุราษฎร์ธานี,Surat Thani,พระแสง,Phrasaeng,ไทรโสภา,Sai Sopha
สุราษฎร์ธานี,Surat Thani,พระแสง,Phrasaeng,สาคู,Sakhu
สุราษฎร์ธานี,Surat Thani,พุนพิน,Phunphin,ท่าข้าม,Tha Kham
สุราษฎร์ธานี,Surat Thani,พุนพิน,Phunphin,ท่าสะท้อน,Tha Sathon
สุราษฎร์ธานี,Surat Thani,พุนพิน,Phunphin,ลีเล็ด,Lilet
สุราษฎร์ธานี,Surat Thani,พุนพิน,Phunphin,บางมะเดื่อ,Bang Maduea
สุราษฎร์ธานี,Surat Thani,พุนพิน,Phunphin,บางเดือน,Bang Duean
สุราษฎร์ธานี,Surat Thani,พุนพิน,Phunphin,ท่าโรงช้าง,Tha Rong Chang
สุราษฎร์ธานี,Surat Thani,พุนพิน,Phunphin,กรูด,Krut
สุราษฎร์ธานี,Surat Thani,พุนพิน,Phunphin,พุนพิน,Phunphin
สุราษฎร์ธานี,Surat Thani,พุนพิน,Phunphin,บางงอน,Bang Ngon
สุราษฎร์ธานี,Surat Thani,พุนพิน,Phunphin,ศรีวิชัย,Si Wichai
สุราษฎร์ธานี,Surat Thani,พุนพิน,Phunphin,น้ำรอบ,Nam Rop
สุราษฎร์ธานี,Surat Thani,พุนพิน,Phunphin,มะลวน,Maluan
สุราษฎร์ธานี,Surat Thani,พุนพิน,Phunphin,หัวเตย,Hua Toei
สุราษฎร์ธานี,Surat Thani,พุนพิน,Phunphin,หนองไทร,Nong Sai
สุราษฎร์ธานี,Surat Thani,พุนพิน,Phunphin,เขาหัวควาย,Khao Hua Khwai
สุราษฎร์ธานี,Surat Thani,พุนพิน,Phunphin,ตะปาน,Tapan
สุราษฎร์ธานี,Surat Thani,ชัยบุรี,Chai Buri,สองแพรก,Song Phraek
สุราษฎร์ธานี,Surat Thani,ชัยบุรี,Chai Buri,ชัยบุรี,Chai Buri
สุราษฎร์ธานี,Surat Thani,ชัยบุรี,Chai Buri,คลองน้อย,Khlong Noi
สุราษฎร์ธานี,Surat Thani,ชัยบุรี,Chai Buri,ไทรทอง,Sai Thong
สุราษฎร์ธานี,Surat Thani,วิภาวดี,Vibhavadi,ตะกุกใต้,Takuk Tai
สุราษฎร์ธานี,Surat Thani,วิภาวดี,Vibhavadi,ตะกุกเหนือ,Takuk Nuea
ระนอง,Ranong,เมืองระนอง,Mueang Ranong,เขานิเวศน์,Khao Niwet
ระนอง,Ranong,เมืองระนอง,Mueang Ranong,ราชกรูด,Ratchakrut
ระนอง,Ranong,เมืองระนอง,Mueang Ranong,หงาว,Ngao
ระนอง,Ranong,เมืองระนอง,Mueang Ranong,บางริ้น,Bang Rin
ระนอง,Ranong,เมืองระนอง,Mueang Ranong,ปากน้ำ,Pak Nam
ระนอง,Ranong,เมืองระนอง,Mueang Ranong,บางนอน,Bang Non
ระนอง,Ranong,เมืองระนอง,Mueang Ranong,หาดส้มแป้น,Hat Som Paen
ระนอง,Ranong,เมืองระนอง,Mueang Ranong,ทรายแดง,Sai Daeng
ระนอง,Ranong,เมืองระนอง,Mueang Ranong,เกาะพยาม,Ko Phayam
ระนอง,Ranong,ละอุ่น,La-un,ละอุ่นใต้,La-un Tai
ระนอง,Ranong,ละอุ่น,La-un,ละอุ่นเหนือ,La-un Nuea
ระนอง,Ranong,ละอุ่น,La-un,บางพระใต้,Bang Phra Tai
ระนอง,Ranong,ละอุ่น,La-un,บางพระเหนือ,Bang Phra Nuea
ระนอง,Ranong,ละอุ่น,La-un,บางแก้ว,Bang Kaeo
ระนอง,Ranong,ละอุ่น,La-un,ในวงเหนือ,Nai Wong Nuea
ระนอง,Ranong,ละอุ่น,La-un,ในวงใต้,Nai Wong Tai
ระนอง,Ranong,กะเปอร์,Kapoe,ม่วงกลวง,Muang Kluang
ระนอง,Ranong,กะเปอร์,Kapoe,กะเปอร์,Kapoe
ระนอง,Ranong,กะเปอร์,Kapoe,เชี่ยวเหลียง,Chiao Liang
ระนอง,Ranong,กะเปอร์,Kapoe,บ้านนา,Ban Na
ระนอง,Ranong,กะเปอร์,Kapoe,บางหิน,Bang Hin
ระนอง,Ranong,กระบุรี,Kra Buri,น้ำจืด,Nam Chuet
ระนอง,Ranong,กระบุรี,Kra Buri,น้ำจืดน้อย,Nam Chuet Noi
ระนอง,Ranong,กระบุรี,Kra Buri,มะมุ,Mamu
ระนอง,Ranong,กระบุรี,Kra Buri,ปากจั่น,Pak Chan
ระนอง,Ranong,กระบุรี,Kra Buri,ลำเลียง,Lamliang
ระนอง,Ranong,กระบุรี,Kra Buri,จ.ป.ร.,Choporo
ระนอง,Ranong,กระบุรี,Kra Buri,บางใหญ่,Bang Yai
ระนอง,Ranong,สุขสำราญ,Suk Samran,นาคา,Nakha
ระนอง,Ranong,สุขสำราญ,Suk Samran,กำพวน,Kamphuan
ชุมพร,Chumphon,เมืองชุมพร,Mueang Chumphon,ท่าตะเภา,Tha Taphao
ชุมพร,Chumphon,เมืองชุมพร,Mueang Chumphon,ปากน้ำ,Pak Nam
ชุมพร,Chumphon,เมืองชุมพร,Mueang Chumphon,ท่ายาง,Tha Yang
ชุมพร,Chumphon,เมืองชุมพร,Mueang Chumphon,บางหมาก,Bang Mak
ชุมพร,Chumphon,เมืองชุมพร,Mueang Chumphon,นาทุ่ง,Na Thung
ชุมพร,Chumphon,เมืองชุมพร,Mueang Chumphon,นาชะอัง,Na Cha-ang
ชุมพร,Chumphon,เมืองชุมพร,Mueang Chumphon,ตากแดด,Tak Daet
ชุมพร,Chumphon,เมืองชุมพร,Mueang Chumphon,บางลึก,Bang Luek
ชุมพร,Chumphon,เมืองชุมพร,Mueang Chumphon,หาดพันไกร,Hat Phan Krai
ชุมพร,Chumphon,เมืองชุมพร,Mueang Chumphon,วังไผ่,Wang Phai
ชุมพร,Chumphon,เมืองชุมพร,Mueang Chumphon,วังใหม่,Wang Mai
ชุมพร,Chumphon,เมืองชุมพร,Mueang Chumphon,บ้านนา,Ban Na
ชุมพร,Chumphon,เมืองชุมพร,Mueang Chumphon,ขุนกระทิง,Khun Krathing
ชุมพร,Chumphon,เมืองชุมพร,Mueang Chumphon,ทุ่งคา,Thung Kha
ชุมพร,Chumphon,เมืองชุมพร,Mueang Chumphon,วิสัยเหนือ,Wisai Nuea
ชุมพร,Chumphon,เมืองชุมพร,Mueang Chumphon,หาดทรายรี,Hat Sai Ri
ชุมพร,Chumphon,เมืองชุมพร,Mueang Chumphon,ถ้ำสิงห์,Tham Sing
ชุมพร,Chumphon,ท่าแซะ,Tha Sae,ท่าแซะ,Tha Sae
ชุมพร,Chumphon,ท่าแซะ,Tha Sae,คุริง,Khuring
ชุมพร,Chumphon,ท่าแซะ,Tha Sae,สลุย,Salui
ชุมพร,Chumphon,ท่าแซะ,Tha Sae,นากระตาม,Na Kratam
ชุมพร,Chumphon,ท่าแซะ,Tha Sae,รับร่อ,Rap Ro
ชุมพร,Chumphon,ท่าแซะ,Tha Sae,ท่าข้าม,Tha Kham
ชุมพร,Chumphon,ท่าแซะ,Tha Sae,หงษ์เจริญ,Hong Charoen
ชุมพร,Chumphon,ท่าแซะ,Tha Sae,หินแก้ว,Hin Kaeo
ชุมพร,Chumphon,ท่าแซะ,Tha Sae,ทรัพย์อนันต์,Sap Anan
ชุมพร,Chumphon,ท่าแซะ,Tha Sae,สองพี่น้อง,Song Phi Nong
ชุมพร,Chumphon,ปะทิว,Pathio,บางสน,Bang Song
ชุมพร,Chumphon,ปะทิว,Pathio,ทะเลทรัพย์,Thale Sap
ชุมพร,Chumphon,ปะทิว,Pathio,สะพลี,Saphli
ชุมพร,Chumphon,ปะทิว,Pathio,ชุมโค,Chum Kho
ชุมพร,Chumphon,ปะทิว,Pathio,ดอนยาง,Don Yang
ชุมพร,Chumphon,ปะทิว,Pathio,ปากคลอง,Pak Khlong
ชุมพร,Chumphon,ปะทิว,Pathio,เขาไชยราช,Khao Chai Rat
ชุมพร,Chumphon,หลังสวน,Lang Suan,หลังสวน,Lang Suan
ชุมพร,Chumphon,หลังสวน,Lang Suan,ขันเงิน,Khan Ngoen
ชุมพร,Chumphon,หลังสวน,Lang Suan,ท่ามะพลา,Tha Maphla
ชุมพร,Chumphon,หลังสวน,Lang Suan,นาขา,Na Kha
ชุมพร,Chumphon,หลังสวน,Lang Suan,นาพญา,Na Phaya
ชุมพร,Chumphon,หลังสวน,Lang Suan,บ้านควน,Ban Khuan
ชุมพร,Chumphon,หลังสวน,Lang Suan,บางมะพร้าว,Bang Maphrao
ชุมพร,Chumphon,หลังสวน,Lang Suan,บางน้ำจืด,Bang Nam Chuet
ชุมพร,Chumphon,หลังสวน,Lang Suan,ปากน้ำ,Pak Nam
ชุมพร,Chumphon,หลังสวน,Lang Suan,พ้อแดง,Pho Daeng
ชุมพร,Chumphon,หลังสวน,Lang Suan,แหลมทราย,Laem Sai
ชุมพร,Chumphon,หลังสวน,Lang Suan,วังตะกอ,Wang Tako
ชุมพร,Chumphon,หลังสวน,Lang Suan,หาดยาย,Hat Yai
ชุมพร,Chumphon,ละแม,Lamae,ละแม,Lamae
ชุมพร,Chumphon,ละแม,Lamae,ทุ่งหลวง,Thung Luang
ชุมพร,Chumphon,ละแม,Lamae,สวนแตง,Suan Taeng
ชุมพร,Chumphon,ละแม,Lamae,ทุ่งคาวัด,Thung Kha Wat
ชุมพร,Chumphon,พะโต๊ะ,Phato,พะโต๊ะ,Phato
ชุมพร,Chumphon,พะโต๊ะ,Phato,ปากทรง,Pak Song
ชุมพร,Chumphon,พะโต๊ะ,Phato,ปังหวาน,Pang Wan
ชุมพร,Chumphon,พะโต๊ะ,Phato,พระรักษ์,Phra Rak
ชุมพร,Chumphon,สวี,Sawi,นาโพธิ์,Na Pho
ชุมพร,Chumphon,สวี,Sawi,สวี,Sawi
ชุมพร,Chumphon,สวี,Sawi,ทุ่งระยะ,Thung Raya
ชุมพร,Chumphon,สวี,Sawi,ท่าหิน,Tha Hin
ชุมพร,Chumphon,สวี,Sawi,ปากแพรก,Pak Phraek
ชุมพร,Chumphon,สวี,Sawi,ด่านสวี,Dan Sawi
ชุมพร,Chumphon,สวี,Sawi,ครน,Khron
ชุมพร,Chumphon,สวี,Sawi,วิสัยใต้,Wisai Tai
ชุมพร,Chumphon,สวี,Sawi,นาสัก,Na Sak
ชุมพร,Chumphon,สวี,Sawi,เขาทะลุ,Khao Thalu
ชุมพร,Chumphon,สวี,Sawi,เขาค่าย,Khao Khai
ชุมพร,Chumphon,ทุ่งตะโก,Thung Tako,ปากตะโก,Pak Tako
ชุมพร,Chumphon,ทุ่งตะโก,Thung Tako,ทุ่งตะไคร,Thung Takhrai
ชุมพร,Chumphon,ทุ่งตะโก,Thung Tako,ตะโก,Tako
ชุมพร,Chumphon,ทุ่งตะโก,Thung Tako,ช่องไม้แก้ว,Chong Mai Kaeo
สงขลา,Songkhla,เมืองสงขลา,Mueang Songkhla,บ่อยาง,Bo Yang
สงขลา,Songkhla,เมืองสงขลา,Mueang Songkhla,เขารูปช้าง,Khao Rup Chang
สงขลา,Songkhla,เมืองสงขลา,Mueang Songkhla,เกาะแต้ว,Ko Taeo
สงขลา,Songkhla,เมืองสงขลา,Mueang Songkhla,พะวง,Phawong
สงขลา,Songkhla,เมืองสงขลา,Mueang Songkhla,ทุ่งหวัง,Thung Wang
สงขลา,Songkhla,เมืองสงขลา,Mueang Songkhla,เกาะยอ,Ko Yo
สงขลา,Songkhla,สทิงพระ,Sathing Phra,จะทิ้งพระ,Chathing Phra
สงขลา,Songkhla,สทิงพระ,Sathing Phra,กระดังงา,Kradangnga
สงขลา,Songkhla,สทิงพระ,Sathing Phra,สนามชัย,Sanam Chai
สงขลา,Songkhla,สทิงพระ,Sathing Phra,ดีหลวง,Di Luang
สงขลา,Songkhla,สทิงพระ,Sathing Phra,ชุมพล,Chumphon
สงขลา,Songkhla,สทิงพระ,Sathing Phra,คลองรี,Khlong Ri
สงขลา,Songkhla,สทิงพระ,Sathing Phra,คูขุด,Khu Khut
สงขลา,Songkhla,สทิงพระ,Sathing Phra,ท่าหิน,Tha Hin
สงขลา,Songkhla,สทิงพระ,Sathing Phra,วัดจันทร์,Wat Chan
สงขลา,Songkhla,สทิงพระ,Sathing Phra,บ่อแดง,Bo Daeng
สงขลา,Songkhla,สทิงพระ,Sathing Phra,บ่อดาน,Bor Dan
สงขลา,Songkhla,จะนะ,Chana,บ้านนา,Ban Na
สงขลา,Songkhla,จะนะ,Chana,ป่าชิง,Pa Ching
สงขลา,Songkhla,จะนะ,Chana,สะพานไม้แก่น,Saphan Mai Kaen
สงขลา,Songkhla,จะนะ,Chana,สะกอม,Sakom
สงขลา,Songkhla,จะนะ,Chana,นาหว้า,Na Wa
สงขลา,Songkhla,จะนะ,Chana,นาทับ,Na Thap
สงขลา,Songkhla,จะนะ,Chana,น้ำขาว,Nam Khao
สงขลา,Songkhla,จะนะ,Chana,ขุนตัดหวาย,Khun Tat Wai
สงขลา,Songkhla,จะนะ,Chana,ท่าหมอไทร,Tha Mo Sai
สงขลา,Songkhla,จะนะ,Chana,จะโหนง,Chanong
สงขลา,Songkhla,จะนะ,Chana,คู,Khu
สงขลา,Songkhla,จะนะ,Chana,แค,Khae
สงขลา,Songkhla,จะนะ,Chana,คลองเปียะ,Khlong Pia
สงขลา,Songkhla,จะนะ,Chana,ตลิ่งชัน,Taling Chan
สงขลา,Songkhla,นาทวี,Na Thawi,นาทวี,Na Thawi
สงขลา,Songkhla,นาทวี,Na Thawi,ฉาง,Chang
สงขลา,Songkhla,นาทวี,Na Thawi,นาหมอศรี,Na Mo Si
สงขลา,Songkhla,นาทวี,Na Thawi,คลองทราย,Khlong Sai
สงขลา,Songkhla,นาทวี,Na Thawi,ปลักหนู,Plak Nu
สงขลา,Songkhla,นาทวี,Na Thawi,ท่าประดู่,Tha Pradu
สงขลา,Songkhla,นาทวี,Na Thawi,สะท้อน,Sathon
สงขลา,Songkhla,นาทวี,Na Thawi,ทับช้าง,Thap Chang
สงขลา,Songkhla,นาทวี,Na Thawi,ประกอบ,Prakop
สงขลา,Songkhla,นาทวี,Na Thawi,คลองกวาง,Khlong Kwang
สงขลา,Songkhla,เทพา,Thepha,เทพา,Thepha
สงขลา,Songkhla,เทพา,Thepha,ปากบาง,Pak Bang
สงขลา,Songkhla,เทพา,Thepha,เกาะสะบ้า,Ko Saba
สงขลา,Songkhla,เทพา,Thepha,ลำไพล,Lam Phlai
สงขลา,Songkhla,เทพา,Thepha,ท่าม่วง,Tha Muang
สงขลา,Songkhla,เทพา,Thepha,วังใหญ่,Wang Yai
สงขลา,Songkhla,เทพา,Thepha,สะกอม,Sakom
สงขลา,Songkhla,สะบ้าย้อย,Saba Yoi,สะบ้าย้อย,Saba Yoi
สงขลา,Songkhla,สะบ้าย้อย,Saba Yoi,ทุ่งพอ,Thung Pho
สงขลา,Songkhla,สะบ้าย้อย,Saba Yoi,เปียน,Pian
สงขลา,Songkhla,สะบ้าย้อย,Saba Yoi,บ้านโหนด,Ban Not
สงขลา,Songkhla,สะบ้าย้อย,Saba Yoi,จะแหน,Chanae
สงขลา,Songkhla,สะบ้าย้อย,Saba Yoi,คูหา,Khuha
สงขลา,Songkhla,สะบ้าย้อย,Saba Yoi,เขาแดง,Khao Daeng
สงขลา,Songkhla,สะบ้าย้อย,Saba Yoi,บาโหย,Ba Hoi
สงขลา,Songkhla,สะบ้าย้อย,Saba Yoi,ธารคีรี,Than Khiri
สงขลา,Songkhla,ระโนด,Ranot,ระโนด,Ranot
สงขลา,Songkhla,ระโนด,Ranot,คลองแดน,Khlong Daen
สงขลา,Songkhla,ระโนด,Ranot,ตะเครียะ,Takhria
สงขลา,Songkhla,ระโนด,Ranot,ท่าบอน,Tha Bon
สงขลา,Songkhla,ระโนด,Ranot,บ้านใหม่,Ban Mai
สงขลา,Songkhla,ระโนด,Ranot,บ่อตรุ,Bo Tru
สงขลา,Songkhla,ระโนด,Ranot,ปากแตระ,Pak Trae
สงขลา,Songkhla,ระโนด,Ranot,พังยาง,Phang Yang
สงขลา,Songkhla,ระโนด,Ranot,ระวะ,Rawa
สงขลา,Songkhla,ระโนด,Ranot,วัดสน,Wat Son
สงขลา,Songkhla,ระโนด,Ranot,บ้านขาว,Ban Khao
สงขลา,Songkhla,ระโนด,Ranot,แดนสงวน,Daen Sa-nguan
สงขลา,Songkhla,กระแสสินธุ์,Krasae Sin,เกาะใหญ่,Ko Yai
สงขลา,Songkhla,กระแสสินธุ์,Krasae Sin,โรง,Rong
สงขลา,Songkhla,กระแสสินธุ์,Krasae Sin,เชิงแส,Choeng Sae
สงขลา,Songkhla,กระแสสินธุ์,Krasae Sin,กระแสสินธุ์,Krasae Sin
สงขลา,Songkhla,รัตภูมิ,Rattaphum,กำแพงเพชร,Kamphaeng Phet
สงขลา,Songkhla,รัตภูมิ,Rattaphum,ท่าชะมวง,Tha Chamuang
สงขลา,Songkhla,รัตภูมิ,Rattaphum,คูหาใต้,Khuha Tai
สงขลา,Songkhla,รัตภูมิ,Rattaphum,ควนรู,Khuan Ru
สงขลา,Songkhla,รัตภูมิ,Rattaphum,เขาพระ,Khao Phra
สงขลา,Songkhla,สะเดา,Sadao,สะเดา,Sadao
สงขลา,Songkhla,สะเดา,Sadao,ปริก,Prik
สงขลา,Songkhla,สะเดา,Sadao,พังลา,Phang La
สงขลา,Songkhla,สะเดา,Sadao,สำนักแต้ว,Samnak Taeo
สงขลา,Songkhla,สะเดา,Sadao,ทุ่งหมอ,Thung Mo
สงขลา,Songkhla,สะเดา,Sadao,ท่าโพธิ์,Tha Pho
สงขลา,Songkhla,สะเดา,Sadao,ปาดังเบซาร์,Padang Besa
สงขลา,Songkhla,สะเดา,Sadao,สำนักขาม,Samnak Kham
สงขลา,Songkhla,สะเดา,Sadao,เขามีเกียรติ,Khao Mi Kiat
สงขลา,Songkhla,หาดใหญ่,Hat Yai,หาดใหญ่,Hat Yai
สงขลา,Songkhla,หาดใหญ่,Hat Yai,ควนลัง,Khuan Lang
สงขลา,Songkhla,หาดใหญ่,Hat Yai,คูเต่า,Khu Tao
สงขลา,Songkhla,หาดใหญ่,Hat Yai,คอหงส์,Kho Hong
สงขลา,Songkhla,หาดใหญ่,Hat Yai,คลองแห,Khlong Hae
สงขลา,Songkhla,หาดใหญ่,Hat Yai,คลองอู่ตะเภา,Khlong U Taphao
สงขลา,Songkhla,หาดใหญ่,Hat Yai,ฉลุง,Chalung
สงขลา,Songkhla,หาดใหญ่,Hat Yai,ทุ่งใหญ่,Thung Yai
สงขลา,Songkhla,หาดใหญ่,Hat Yai,ทุ่งตำเสา,Thung Tamsao
สงขลา,Songkhla,หาดใหญ่,Hat Yai,ท่าข้าม,Tha Kham
สงขลา,Songkhla,หาดใหญ่,Hat Yai,น้ำน้อย,Nam Noi
สงขลา,Songkhla,หาดใหญ่,Hat Yai,บ้านพรุ,Ban Phru
สงขลา,Songkhla,หาดใหญ่,Hat Yai,พะตง,Phatong
สงขลา,Songkhla,นาหม่อม,Na Mom,นาหม่อม,Na Mom
สงขลา,Songkhla,นาหม่อม,Na Mom,พิจิตร,Phichit
สงขลา,Songkhla,นาหม่อม,Na Mom,ทุ่งขมิ้น,Thung Khamin
สงขลา,Songkhla,นาหม่อม,Na Mom,คลองหรัง,Khlong Rhang
สงขลา,Songkhla,ควนเนียง,Khuan Niang,รัตภูมิ,Rattaphum
สงขลา,Songkhla,ควนเนียง,Khuan Niang,ควนโส,Khuan So
สงขลา,Songkhla,ควนเนียง,Khuan Niang,ห้วยลึก,Huai Luek
สงขลา,Songkhla,ควนเนียง,Khuan Niang,บางเหรียง,Bang Rieang
สงขลา,Songkhla,บางกล่ำ,Bang Klam,บางกล่ำ,Bang Klam
สงขลา,Songkhla,บางกล่ำ,Bang Klam,ท่าช้าง,Tha Chang
สงขลา,Songkhla,บางกล่ำ,Bang Klam,แม่ทอม,Mae Thom
สงขลา,Songkhla,บางกล่ำ,Bang Klam,บ้านหาร,Ban Han
สงขลา,Songkhla,สิงหนคร,Singhanakhon,ชิงโค,Ching Kho
สงขลา,Songkhla,สิงหนคร,Singhanakhon,สทิงหม้อ,Sathing Mo
สงขลา,Songkhla,สิงหนคร,Singhanakhon,ทำนบ,Thamnop
สงขลา,Songkhla,สิงหนคร,Singhanakhon,รำแดง,Ram Daeng
สงขลา,Songkhla,สิงหนคร,Singhanakhon,วัดขนุน,Wat Khanun
สงขลา,Songkhla,สิงหนคร,Singhanakhon,ชะแล้,Chalae
สงขลา,Songkhla,สิงหนคร,Singhanakhon,ปากรอ,Pak Ro
สงขลา,Songkhla,สิงหนคร,Singhanakhon,ป่าขาด,Pa Khat
สงขลา,Songkhla,สิงหนคร,Singhanakhon,หัวเขา,Hua Khao
สงขลา,Songkhla,สิงหนคร,Singhanakhon,บางเขียด,Bang Khiat
สงขลา,Songkhla,สิงหนคร,Singhanakhon,ม่วงงาม,Muang Ngam
สงขลา,Songkhla,คลองหอยโข่ง,Khlong Hoi Khong,คลองหอยโข่ง,Khlong Hoi Khong
สงขลา,Songkhla,คลองหอยโข่ง,Khlong Hoi Khong,ทุ่งลาน,Thung Lan
สงขลา,Songkhla,คลองหอยโข่ง,Khlong Hoi Khong,โคกม่วง,Khok Muang
สงขลา,Songkhla,คลองหอยโข่ง,Khlong Hoi Khong,คลองหลา,Khlong La
สตูล,Satun,เมืองสตูล,Mueang Satun,พิมาน,Phiman
สตูล,Satun,เมืองสตูล,Mueang Satun,คลองขุด,Khlong Khut
สตูล,Satun,เมืองสตูล,Mueang Satun,ควนขัน,Khuan Khan
สตูล,Satun,เมืองสตูล,Mueang Satun,บ้านควน,Ban Khuan
สตูล,Satun,เมืองสตูล,Mueang Satun,ฉลุง,Chalung
สตูล,Satun,เมืองสตูล,Mueang Satun,เกาะสาหร่าย,Ko Sarai
สตูล,Satun,เมืองสตูล,Mueang Satun,ตันหยงโป,Tanyong Po
สตูล,Satun,เมืองสตูล,Mueang Satun,เจ๊ะบิลัง,Che Bilang
สตูล,Satun,เมืองสตูล,Mueang Satun,ตำมะลัง,Tam Malang
สตูล,Satun,เมืองสตูล,Mueang Satun,ปูยู,Puyu
สตูล,Satun,เมืองสตูล,Mueang Satun,ควนโพธิ์,Khuan Pho
สตูล,Satun,เมืองสตูล,Mueang Satun,เกตรี,Ketri
สตูล,Satun,ควนโดน,Khuan Don,ควนโดน,Khuan Don
สตูล,Satun,ควนโดน,Khuan Don,ควนสตอ,Khuan Sato
สตูล,Satun,ควนโดน,Khuan Don,ย่านซื่อ,Yan Sue
สตูล,Satun,ควนโดน,Khuan Don,วังประจัน,Wang Prachan
สตูล,Satun,ควนกาหลง,Khuan Kalong,ทุ่งนุ้ย,Thung Nui
สตูล,Satun,ควนกาหลง,Khuan Kalong,ควนกาหลง,Khuan Kalong
สตูล,Satun,ควนกาหลง,Khuan Kalong,อุใดเจริญ,Udai Charoen
สตูล,Satun,ท่าแพ,Tha Phae,ท่าแพ,Tha Phae
สตูล,Satun,ท่าแพ,Tha Phae,แป-ระ,Paera
สตูล,Satun,ท่าแพ,Tha Phae,สาคร,Sakhon
สตูล,Satun,ท่าแพ,Tha Phae,ท่าเรือ,Tha Rua
สตูล,Satun,ละงู,La-ngu,กำแพง,Kamphaeng
สตูล,Satun,ละงู,La-ngu,ละงู,La-ngu
สตูล,Satun,ละงู,La-ngu,เขาขาว,Khao Khao
สตูล,Satun,ละงู,La-ngu,ปากน้ำ,Pak Nam
สตูล,Satun,ละงู,La-ngu,น้ำผุด,Nam Phut
สตูล,Satun,ละงู,La-ngu,แหลมสน,Laem Son
สตูล,Satun,ทุ่งหว้า,Thung Wa,ทุ่งหว้า,Thung Wa
สตูล,Satun,ทุ่งหว้า,Thung Wa,นาทอน,Na Thon
สตูล,Satun,ทุ่งหว้า,Thung Wa,ขอนคลาน,Khon Khlan
สตูล,Satun,ทุ่งหว้า,Thung Wa,ทุ่งบุหลัง,Thung Bulang
สตูล,Satun,ทุ่งหว้า,Thung Wa,ป่าแก่บ่อหิน,Pa Kae Bo Hin
สตูล,Satun,มะนัง,Manang,ปาล์มพัฒนา,Palm Phatthana
สตูล,Satun,มะนัง,Manang,นิคมพัฒนา,Nikhom Phatthana
ตรัง,Trang,เมืองตรัง,Mueang Trang,ทับเที่ยง,Thap Thiang
ตรัง,Trang,เมืองตรัง,Mueang Trang,นาพละ,Na Phala
ตรัง,Trang,เมืองตรัง,Mueang Trang,บ้านควน,Ban Khuan
ตรัง,Trang,เมืองตรัง,Mueang Trang,นาบินหลา,Na Bin La
ตรัง,Trang,เมืองตรัง,Mueang Trang,ควนปริง,Khuan Pring
ตรัง,Trang,เมืองตรัง,Mueang Trang,นาโยงใต้,Na Yong Tai
ตรัง,Trang,เมืองตรัง,Mueang Trang,บางรัก,Bang Rak
ตรัง,Trang,เมืองตรัง,Mueang Trang,โคกหล่อ,Khok Lo
ตรัง,Trang,เมืองตรัง,Mueang Trang,นาโต๊ะหมิง,Na To Ming
ตรัง,Trang,เมืองตรัง,Mueang Trang,หนองตรุด,Nong Trut
ตรัง,Trang,เมืองตรัง,Mueang Trang,น้ำผุด,Nam Phut
ตรัง,Trang,เมืองตรัง,Mueang Trang,นาตาล่วง,Na Ta Luang
ตรัง,Trang,เมืองตรัง,Mueang Trang,บ้านโพธิ์,Ban Pho
ตรัง,Trang,เมืองตรัง,Mueang Trang,นาท่ามเหนือ,Na Tham Nuea
ตรัง,Trang,เมืองตรัง,Mueang Trang,นาท่ามใต้,Na Tham Tai
ตรัง,Trang,กันตัง,Kantang,กันตัง,Kantang
ตรัง,Trang,กันตัง,Kantang,ควนธานี,Khuan Thani
ตรัง,Trang,กันตัง,Kantang,บางหมาก,Bang Mak
ตรัง,Trang,กันตัง,Kantang,บางเป้า,Bang Pao
ตรัง,Trang,กันตัง,Kantang,วังวน,Wang Won
ตรัง,Trang,กันตัง,Kantang,กันตังใต้,Kantang Tai
ตรัง,Trang,กันตัง,Kantang,โคกยาง,Khok Yang
ตรัง,Trang,กันตัง,Kantang,คลองลุ,Khlong Lu
ตรัง,Trang,กันตัง,Kantang,ย่านซื่อ,Yan Sue
ตรัง,Trang,กันตัง,Kantang,บ่อน้ำร้อน,Bo Nam Ron
ตรัง,Trang,กันตัง,Kantang,บางสัก,Bang Sak
ตรัง,Trang,กันตัง,Kantang,นาเกลือ,Na Kluea
ตรัง,Trang,กันตัง,Kantang,เกาะลิบง,Ko Libong
ตรัง,Trang,กันตัง,Kantang,คลองชีล้อม,Khlong Chi Lom
ตรัง,Trang,ย่านตาขาว,Yan Ta Khao,ย่านตาขาว,Yan Ta Khao
ตรัง,Trang,ย่านตาขาว,Yan Ta Khao,หนองบ่อ,Nong Bo
ตรัง,Trang,ย่านตาขาว,Yan Ta Khao,นาชุมเห็ด,Na Chum Het
ตรัง,Trang,ย่านตาขาว,Yan Ta Khao,ในควน,Nai Khuan
ตรัง,Trang,ย่านตาขาว,Yan Ta Khao,โพรงจระเข้,Phrong Chorakhe
ตรัง,Trang,ย่านตาขาว,Yan Ta Khao,ทุ่งกระบือ,Thung Krabue
ตรัง,Trang,ย่านตาขาว,Yan Ta Khao,ทุ่งค่าย,Thung Khai
ตรัง,Trang,ย่านตาขาว,Yan Ta Khao,เกาะเปียะ,Ko Pia
ตรัง,Trang,ปะเหลียน,Palian,ท่าข้าม,Tha Kham
ตรัง,Trang,ปะเหลียน,Palian,ทุ่งยาว,Thung Yao
ตรัง,Trang,ปะเหลียน,Palian,ปะเหลียน,Palian
ตรัง,Trang,ปะเหลียน,Palian,บางด้วน,Bang Duan
ตรัง,Trang,ปะเหลียน,Palian,บ้านนา,Ban Na
ตรัง,Trang,ปะเหลียน,Palian,สุโสะ,Suso
ตรัง,Trang,ปะเหลียน,Palian,ลิพัง,Liphang
ตรัง,Trang,ปะเหลียน,Palian,เกาะสุกร,Ko Sukon
ตรัง,Trang,ปะเหลียน,Palian,ท่าพญา,Tha Phaya
ตรัง,Trang,ปะเหลียน,Palian,แหลมสอม,Laem Som
ตรัง,Trang,สิเกา,Sikao,บ่อหิน,Bo Hin
ตรัง,Trang,สิเกา,Sikao,เขาไม้แก้ว,Khao Mai Kaeo
ตรัง,Trang,สิเกา,Sikao,กะลาเส,Kalase
ตรัง,Trang,สิเกา,Sikao,ไม้ฝาด,Mai Fat
ตรัง,Trang,สิเกา,Sikao,นาเมืองเพชร,Na Mueang Phet
ตรัง,Trang,ห้วยยอด,Huai Yot,ห้วยยอด,Huai Yot
ตรัง,Trang,ห้วยยอด,Huai Yot,หนองช้างแล่น,Nong Chang Laen
ตรัง,Trang,ห้วยยอด,Huai Yot,บางดี,Bang Di
ตรัง,Trang,ห้วยยอด,Huai Yot,บางกุ้ง,Bang Kung
ตรัง,Trang,ห้วยยอด,Huai Yot,เขากอบ,Khao Kop
ตรัง,Trang,ห้วยยอด,Huai Yot,เขาขาว,Khao Khao
ตรัง,Trang,ห้วยยอด,Huai Yot,เขาปูน,Khao Pun
ตรัง,Trang,ห้วยยอด,Huai Yot,ปากแจ่ม,Pak Chaem
ตรัง,Trang,ห้วยยอด,Huai Yot,ปากคม,Pak Khom
ตรัง,Trang,ห้วยยอด,Huai Yot,ท่างิ้ว,Tha Ngio
ตรัง,Trang,ห้วยยอด,Huai Yot,ลำภูรา,Lamphu Ra
ตรัง,Trang,ห้วยยอด,Huai Yot,นาวง,Na Wong
ตรัง,Trang,ห้วยยอด,Huai Yot,ห้วยนาง,Huai Nang
ตรัง,Trang,ห้วยยอด,Huai Yot,ในเตา,Nai Tao
ตรัง,Trang,ห้วยยอด,Huai Yot,ทุ่งต่อ,Thung To
ตรัง,Trang,ห้วยยอด,Huai Yot,วังคีรี,Wang Khiri
ตรัง,Trang,วังวิเศษ,Wang Wiset,เขาวิเศษ,Khao Wiset
ตรัง,Trang,วังวิเศษ,Wang Wiset,วังมะปราง,Wang Maprang
ตรัง,Trang,วังวิเศษ,Wang Wiset,อ่าวตง,Ao Tong
ตรัง,Trang,วังวิเศษ,Wang Wiset,ท่าสะบ้า,Tha Saba
ตรัง,Trang,วังวิเศษ,Wang Wiset,วังมะปรางเหนือ,Wang Maprang Nuea
ตรัง,Trang,นาโยง,Na Yong,นาโยงเหนือ,Na Yong Nuea
ตรัง,Trang,นาโยง,Na Yong,ช่อง,Chong
ตรัง,Trang,นาโยง,Na Yong,ละมอ,Lamo
ตรัง,Trang,นาโยง,Na Yong,โคกสะบ้า,Khok Saba
ตรัง,Trang,นาโยง,Na Yong,นาหมื่นศรี,Na Muen Si
ตรัง,Trang,นาโยง,Na Yong,นาข้าวเสีย,Na Khao Sia
ตรัง,Trang,รัษฎา,Ratsada,ควนเมา,Khuan Mao
ตรัง,Trang,รัษฎา,Ratsada,คลองปาง,Khlong Pang
ตรัง,Trang,รัษฎา,Ratsada,หนองบัว,Nong Bua
ตรัง,Trang,รัษฎา,Ratsada,หนองปรือ,Nong Prue
ตรัง,Trang,รัษฎา,Ratsada,เขาไพร,Khao Phrai
ตรัง,Trang,หาดสำราญ,Hat Samran,หาดสำราญ,Hat Samran
ตรัง,Trang,หาดสำราญ,Hat Samran,บ้าหวี,Ba Wi
ตรัง,Trang,หาดสำราญ,Hat Samran,ตะเสะ,Ta Se
พัทลุง,Phatthalung,เมืองพัทลุง,Mueang Phatthalung,คูหาสวรรค์,Khuha Sawan
พัทลุง,Phatthalung,เมืองพัทลุง,Mueang Phatthalung,เขาเจียก,Khao Chiak
พัทลุง,Phatthalung,เมืองพัทลุง,Mueang Phatthalung,ท่ามิหรำ,Tha Miram
พัทลุง,Phatthalung,เมืองพัทลุง,Mueang Phatthalung,โคกชะงาย,Khok Cha-ngai
พัทลุง,Phatthalung,เมืองพัทลุง,Mueang Phatthalung,นาท่อม,Na Thom
พัทลุง,Phatthalung,เมืองพัทลุง,Mueang Phatthalung,ปรางหมู่,Prang Mu
พัทลุง,Phatthalung,เมืองพัทลุง,Mueang Phatthalung,ท่าแค,Tha Khae
พัทลุง,Phatthalung,เมืองพัทลุง,Mueang Phatthalung,ลำปำ,Lampam
พัทลุง,Phatthalung,เมืองพัทลุง,Mueang Phatthalung,ตำนาน,Tamnan
พัทลุง,Phatthalung,เมืองพัทลุง,Mueang Phatthalung,ควนมะพร้าว,Khuan Maphrao
พัทลุง,Phatthalung,เมืองพัทลุง,Mueang Phatthalung,ร่มเมือง,Rom Mueang
พัทลุง,Phatthalung,เมืองพัทลุง,Mueang Phatthalung,ชัยบุรี,Chai Buri
พัทลุง,Phatthalung,เมืองพัทลุง,Mueang Phatthalung,นาโหนด,Na Not
พัทลุง,Phatthalung,เมืองพัทลุง,Mueang Phatthalung,พญาขัน,Phaya Khan
พัทลุง,Phatthalung,กงหรา,Kong Ra,กงหรา,Kong Ra
พัทลุง,Phatthalung,กงหรา,Kong Ra,ชะรัด,Charat
พัทลุง,Phatthalung,กงหรา,Kong Ra,คลองเฉลิม,Khlong Chaloem
พัทลุง,Phatthalung,กงหรา,Kong Ra,คลองทรายขาว,Khlong Sai Khao
พัทลุง,Phatthalung,กงหรา,Kong Ra,สมหวัง,Som Wang
พัทลุง,Phatthalung,เขาชัยสน,Khao Chaison,เขาชัยสน,Khao Chaison
พัทลุง,Phatthalung,เขาชัยสน,Khao Chaison,ควนขนุน,Khuan Khanun
พัทลุง,Phatthalung,เขาชัยสน,Khao Chaison,จองถนน,Chong Thanon
พัทลุง,Phatthalung,เขาชัยสน,Khao Chaison,หานโพธิ์,Han Pho
พัทลุง,Phatthalung,เขาชัยสน,Khao Chaison,โคกม่วง,Khok Muang
พัทลุง,Phatthalung,ตะโหมด,Tamot,แม่ขรี,Mae Khari
พัทลุง,Phatthalung,ตะโหมด,Tamot,ตะโหมด,Tamod
พัทลุง,Phatthalung,ตะโหมด,Tamot,คลองใหญ่,Khlong Yai
พัทลุง,Phatthalung,ควนขนุน,Khuan Khanun,ควนขนุน,Khuan Khanun
พัทลุง,Phatthalung,ควนขนุน,Khuan Khanun,ทะเลน้อย,Thale Noi
พัทลุง,Phatthalung,ควนขนุน,Khuan Khanun,นาขยาด,Na Khayat
พัทลุง,Phatthalung,ควนขนุน,Khuan Khanun,พนมวังก์,Phanom Wang
พัทลุง,Phatthalung,ควนขนุน,Khuan Khanun,แหลมโตนด,Laem Tanot
พัทลุง,Phatthalung,ควนขนุน,Khuan Khanun,ปันแต,Pan Tae
พัทลุง,Phatthalung,ควนขนุน,Khuan Khanun,โตนดด้วน,Tanot Duan
พัทลุง,Phatthalung,ควนขนุน,Khuan Khanun,ดอนทราย,Don Sai
พัทลุง,Phatthalung,ควนขนุน,Khuan Khanun,มะกอกเหนือ,Makok Nuea
พัทลุง,Phatthalung,ควนขนุน,Khuan Khanun,พนางตุง,Phanang Tung
พัทลุง,Phatthalung,ควนขนุน,Khuan Khanun,ชะมวง,Chamuang
พัทลุง,Phatthalung,ควนขนุน,Khuan Khanun,แพรกหา,Phraek Ha
พัทลุง,Phatthalung,ปากพะยูน,Pak Phayun,ปากพะยูน,Pak Phayun
พัทลุง,Phatthalung,ปากพะยูน,Pak Phayun,ดอนประดู่,Don Pradu
พัทลุง,Phatthalung,ปากพะยูน,Pak Phayun,เกาะนางคำ,Ko Nang Kham
พัทลุง,Phatthalung,ปากพะยูน,Pak Phayun,เกาะหมาก,Ko Mak
พัทลุง,Phatthalung,ปากพะยูน,Pak Phayun,ฝาละมี,Falami
พัทลุง,Phatthalung,ปากพะยูน,Pak Phayun,หารเทา,Han Thao
พัทลุง,Phatthalung,ปากพะยูน,Pak Phayun,ดอนทราย,Don Sai
พัทลุง,Phatthalung,ศรีบรรพต,Si Banphot,เขาย่า,Khao Ya
พัทลุง,Phatthalung,ศรีบรรพต,Si Banphot,เขาปู่,Khao Pu
พัทลุง,Phatthalung,ศรีบรรพต,Si Banphot,ตะแพน,Taphaen
พัทลุง,Phatthalung,ป่าบอน,Pa Bon,ป่าบอน,Pa Bon
พัทลุง,Phatthalung,ป่าบอน,Pa Bon,โคกทราย,Khok Sai
พัทลุง,Phatthalung,ป่าบอน,Pa Bon,หนองธง,Nong Thong
พัทลุง,Phatthalung,ป่าบอน,Pa Bon,ทุ่งนารี,Thung Nari
พัทลุง,Phatthalung,ป่าบอน,Pa Bon,วังใหม่,Wang Mai
พัทลุง,Phatthalung,บางแก้ว,Bang Kaeo,ท่ามะเดื่อ,Tha Maduea
พัทลุง,Phatthalung,บางแก้ว,Bang Kaeo,นาปะขอ,Na Pakho
พัทลุง,Phatthalung,บางแก้ว,Bang Kaeo,โคกสัก,Khok Sak
พัทลุง,Phatthalung,ป่าพะยอม,Pa Phayom,ป่าพะยอม,Pa Phayom
พัทลุง,Phatthalung,ป่าพะยอม,Pa Phayom,ลานข่อย,Lan Khoi
พัทลุง,Phatthalung,ป่าพะยอม,Pa Phayom,เกาะเต่า,Ko Tao
พัทลุง,Phatthalung,ป่าพะยอม,Pa Phayom,บ้านพร้าว,Ban Phrao
พัทลุง,Phatthalung,ศรีนครินทร์,Srinagarindra,ชุมพล,Chumphon
พัทลุง,Phatthalung,ศรีนครินทร์,Srinagarindra,บ้านนา,Ban Na
พัทลุง,Phatthalung,ศรีนครินทร์,Srinagarindra,อ่างทอง,Ang Thong
พัทลุง,Phatthalung,ศรีนครินทร์,Srinagarindra,ลำสินธุ์,Lam Sin
ปัตตานี,Pattani,เมืองปัตตานี,Mueang Pattani,สะบารัง,Sabarang
ปัตตานี,Pattani,เมืองปัตตานี,Mueang Pattani,อาเนาะรู,Ano Ru
ปัตตานี,Pattani,เมืองปัตตานี,Mueang Pattani,จะบังติกอ,Chabang Tiko
ปัตตานี,Pattani,เมืองปัตตานี,Mueang Pattani,บานา,Bana
ปัตตานี,Pattani,เมืองปัตตานี,Mueang Pattani,ตันหยงลุโละ,Tanyong Lulo
ปัตตานี,Pattani,เมืองปัตตานี,Mueang Pattani,คลองมานิง,Khlong Maning
ปัตตานี,Pattani,เมืองปัตตานี,Mueang Pattani,กะมิยอ,Kamiyo
ปัตตานี,Pattani,เมืองปัตตานี,Mueang Pattani,บาราโหม,Barahom
ปัตตานี,Pattani,เมืองปัตตานี,Mueang Pattani,ปะกาฮะรัง,Paka Harang
ปัตตานี,Pattani,เมืองปัตตานี,Mueang Pattani,รูสะมิแล,Ru Samilae
ปัตตานี,Pattani,เมืองปัตตานี,Mueang Pattani,ตะลุโบะ,Talubo
ปัตตานี,Pattani,เมืองปัตตานี,Mueang Pattani,บาราเฮาะ,Baraho
ปัตตานี,Pattani,เมืองปัตตานี,Mueang Pattani,ปุยุด,Puyut
ปัตตานี,Pattani,โคกโพธิ์,Khok Pho,โคกโพธิ์,Khok Pho
ปัตตานี,Pattani,โคกโพธิ์,Khok Pho,มะกรูด,Makrut
ปัตตานี,Pattani,โคกโพธิ์,Khok Pho,บางโกระ,Bang Kro
ปัตตานี,Pattani,โคกโพธิ์,Khok Pho,ป่าบอน,Pa Bon
ปัตตานี,Pattani,โคกโพธิ์,Khok Pho,ทรายขาว,Sai Khao
ปัตตานี,Pattani,โคกโพธิ์,Khok Pho,นาประดู่,Na Pradu
ปัตตานี,Pattani,โคกโพธิ์,Khok Pho,ปากล่อ,Pak Lo
ปัตตานี,Pattani,โคกโพธิ์,Khok Pho,ทุ่งพลา,Thung Phala
ปัตตานี,Pattani,โคกโพธิ์,Khok Pho,ท่าเรือ,Tha Ruea
ปัตตานี,Pattani,โคกโพธิ์,Khok Pho,นาเกตุ,Na Ket
ปัตตานี,Pattani,โคกโพธิ์,Khok Pho,ควนโนรี,Khuan Nori
ปัตตานี,Pattani,โคกโพธิ์,Khok Pho,ช้างให้ตก,Chang Hai Tok
ปัตตานี,Pattani,หนองจิก,Nong Chik,เกาะเปาะ,Ko Po
ปัตตานี,Pattani,หนองจิก,Nong Chik,คอลอตันหยง,Kholo Tanyong
ปัตตานี,Pattani,หนองจิก,Nong Chik,ดอนรัก,Don Rak
ปัตตานี,Pattani,หนองจิก,Nong Chik,ดาโต๊ะ,Dato
ปัตตานี,Pattani,หนองจิก,Nong Chik,ตุยง,Tuyong
ปัตตานี,Pattani,หนองจิก,Nong Chik,ท่ากำชำ,Tha Kamcham
ปัตตานี,Pattani,หนองจิก,Nong Chik,บ่อทอง,Bo Thong
ปัตตานี,Pattani,หนองจิก,Nong Chik,บางเขา,Bang Khao
ปัตตานี,Pattani,หนองจิก,Nong Chik,บางตาวา,Bang Tawa
ปัตตานี,Pattani,หนองจิก,Nong Chik,ปุโละปุโย,Pulo Puyo
ปัตตานี,Pattani,หนองจิก,Nong Chik,ยาบี,Yabi
ปัตตานี,Pattani,หนองจิก,Nong Chik,ลิปะสะโง,Lipa Sa-ngo
ปัตตานี,Pattani,ปะนาเระ,Panare,ปะนาเระ,Panare
ปัตตานี,Pattani,ปะนาเระ,Panare,ท่าข้าม,Tha Kham
ปัตตานี,Pattani,ปะนาเระ,Panare,บ้านนอก,Ban Nok
ปัตตานี,Pattani,ปะนาเระ,Panare,ดอน,Don
ปัตตานี,Pattani,ปะนาเระ,Panare,ควน,Khuan
ปัตตานี,Pattani,ปะนาเระ,Panare,ท่าน้ำ,Tha Nam
ปัตตานี,Pattani,ปะนาเระ,Panare,คอกกระบือ,Khok Krabue
ปัตตานี,Pattani,ปะนาเระ,Panare,พ่อมิ่ง,Pho Ming
ปัตตานี,Pattani,ปะนาเระ,Panare,บ้านกลาง,Ban Klang
ปัตตานี,Pattani,ปะนาเระ,Panare,บ้านน้ำบ่อ,Ban Nam Bo
ปัตตานี,Pattani,มายอ,Mayo,มายอ,Mayo
ปัตตานี,Pattani,มายอ,Mayo,ถนน,Thanon
ปัตตานี,Pattani,มายอ,Mayo,ตรัง,Trang
ปัตตานี,Pattani,มายอ,Mayo,กระหวะ,Krawa
ปัตตานี,Pattani,มายอ,Mayo,ลุโบะยิไร,Lubo Yirai
ปัตตานี,Pattani,มายอ,Mayo,ลางา,La-nga
ปัตตานี,Pattani,มายอ,Mayo,กระเสาะ,Kra So
ปัตตานี,Pattani,มายอ,Mayo,เกาะจัน,Ko Chan
ปัตตานี,Pattani,มายอ,Mayo,ปะโด,Pado
ปัตตานี,Pattani,มายอ,Mayo,สาคอบน,Sakho Bon
ปัตตานี,Pattani,มายอ,Mayo,สาคอใต้,Sakho Tai
ปัตตานี,Pattani,มายอ,Mayo,สะกำ,Sakam
ปัตตานี,Pattani,มายอ,Mayo,ปานัน,Panan
ปัตตานี,Pattani,ทุ่งยางแดง,Thung Yang Daeng,ตะโละแมะนา,Talo Mae Na
ปัตตานี,Pattani,ทุ่งยางแดง,Thung Yang Daeng,พิเทน,Phithen
ปัตตานี,Pattani,ทุ่งยางแดง,Thung Yang Daeng,น้ำดำ,Nam Dam
ปัตตานี,Pattani,ทุ่งยางแดง,Thung Yang Daeng,ปากู,Paku
ปัตตานี,Pattani,สายบุรี,Sai Buri,ตะลุบัน,Taluban
ปัตตานี,Pattani,สายบุรี,Sai Buri,ตะบิ้ง,Tabing
ปัตตานี,Pattani,สายบุรี,Sai Buri,ปะเสยะวอ,Pase Yawo
ปัตตานี,Pattani,สายบุรี,Sai Buri,บางเก่า,Bang Kao
ปัตตานี,Pattani,สายบุรี,Sai Buri,บือเระ,Bue Re
ปัตตานี,Pattani,สายบุรี,Sai Buri,เตราะบอน,Tro Bon
ปัตตานี,Pattani,สายบุรี,Sai Buri,กะดุนง,Kadunong
ปัตตานี,Pattani,สายบุรี,Sai Buri,ละหาร,Lahan
ปัตตานี,Pattani,สายบุรี,Sai Buri,มะนังดาลำ,Manang Dalam
ปัตตานี,Pattani,สายบุรี,Sai Buri,แป้น,Paen
ปัตตานี,Pattani,สายบุรี,Sai Buri,ทุ่งคล้า,Thung Khla
ปัตตานี,Pattani,ไม้แก่น,Mai Kaen,ไทรทอง,Sai Thong
ปัตตานี,Pattani,ไม้แก่น,Mai Kaen,ไม้แก่น,Mai Kaen
ปัตตานี,Pattani,ไม้แก่น,Mai Kaen,ตะโละไกรทอง,Talo Krai Thong
ปัตตานี,Pattani,ไม้แก่น,Mai Kaen,ดอนทราย,Don Sai
ปัตตานี,Pattani,ยะหริ่ง,Yaring,ตะโละ,Talo
ปัตตานี,Pattani,ยะหริ่ง,Yaring,ตะโละกาโปร์,Talo Kapo
ปัตตานี,Pattani,ยะหริ่ง,Yaring,ตันหยงดาลอ,Tanyong Dalo
ปัตตานี,Pattani,ยะหริ่ง,Yaring,ตันหยงจึงงา,Tanyong Chueng-nga
ปัตตานี,Pattani,ยะหริ่ง,Yaring,ตอหลัง,Tolang
ปัตตานี,Pattani,ยะหริ่ง,Yaring,ตาแกะ,Ta Kae
ปัตตานี,Pattani,ยะหริ่ง,Yaring,ตาลีอายร์,Tali-ai
ปัตตานี,Pattani,ยะหริ่ง,Yaring,ยามู,Yamu
ปัตตานี,Pattani,ยะหริ่ง,Yaring,บางปู,Bang Pu
ปัตตานี,Pattani,ยะหริ่ง,Yaring,หนองแรต,Nong Raet
ปัตตานี,Pattani,ยะหริ่ง,Yaring,ปิยามุมัง,Piya Mumang
ปัตตานี,Pattani,ยะหริ่ง,Yaring,ปุลากง,Pula Kong
ปัตตานี,Pattani,ยะหริ่ง,Yaring,บาโลย,Baloi
ปัตตานี,Pattani,ยะหริ่ง,Yaring,สาบัน,Saban
ปัตตานี,Pattani,ยะหริ่ง,Yaring,มะนังยง,Manang Yong
ปัตตานี,Pattani,ยะหริ่ง,Yaring,ราตาปันยัง,Rata Panyang
ปัตตานี,Pattani,ยะหริ่ง,Yaring,จะรัง,Charang
ปัตตานี,Pattani,ยะหริ่ง,Yaring,แหลมโพธิ์,Laem Pho
ปัตตานี,Pattani,ยะรัง,Yarang,ยะรัง,Yarang
ปัตตานี,Pattani,ยะรัง,Yarang,สะดาวา,Sadawa
ปัตตานี,Pattani,ยะรัง,Yarang,ประจัน,Prachan
ปัตตานี,Pattani,ยะรัง,Yarang,สะนอ,Sano
ปัตตานี,Pattani,ยะรัง,Yarang,ระแว้ง,Rawaeng
ปัตตานี,Pattani,ยะรัง,Yarang,ปิตูมุดี,Pitu Mudi
ปัตตานี,Pattani,ยะรัง,Yarang,วัด,Wat
ปัตตานี,Pattani,ยะรัง,Yarang,กระโด,Krado
ปัตตานี,Pattani,ยะรัง,Yarang,คลองใหม่,Khlong Mai
ปัตตานี,Pattani,ยะรัง,Yarang,เมาะมาวี,Mo Mawi
ปัตตานี,Pattani,ยะรัง,Yarang,กอลำ,Kolam
ปัตตานี,Pattani,ยะรัง,Yarang,เขาตูม,Khao Tum
ปัตตานี,Pattani,กะพ้อ,Kapho,กะรุบี,Karubi
ปัตตานี,Pattani,กะพ้อ,Kapho,ตะโละดือรามัน,Talo Due Raman
ปัตตานี,Pattani,กะพ้อ,Kapho,ปล่องหอย,Plong Hoi
ปัตตานี,Pattani,แม่ลาน,Mae Lan,แม่ลาน,Mae Lan
ปัตตานี,Pattani,แม่ลาน,Mae Lan,ม่วงเตี้ย,Muang Tia
ปัตตานี,Pattani,แม่ลาน,Mae Lan,ป่าไร่,Pa Rai
ยะลา,Yala,เมืองยะลา,Mueang Yala,สะเตง,Sateng
ยะลา,Yala,เมืองยะลา,Mueang Yala,บุดี,Budi
ยะลา,Yala,เมืองยะลา,Mueang Yala,ยุโป,Yopo
ยะลา,Yala,เมืองยะลา,Mueang Yala,ลิดล,Lidon
ยะลา,Yala,เมืองยะลา,Mueang Yala,ยะลา,Yala
ยะลา,Yala,เมืองยะลา,Mueang Yala,ท่าสาป,Tha Sap
ยะลา,Yala,เมืองยะลา,Mueang Yala,ลำใหม่,Lam Mai
ยะลา,Yala,เมืองยะลา,Mueang Yala,หน้าถ้ำ,Na Tham
ยะลา,Yala,เมืองยะลา,Mueang Yala,ลำพะยา,Lam Phaya
ยะลา,Yala,เมืองยะลา,Mueang Yala,เปาะเส้ง,Po Seng
ยะลา,Yala,เมืองยะลา,Mueang Yala,พร่อน,Phron
ยะลา,Yala,เมืองยะลา,Mueang Yala,บันนังสาเรง,Bannang Sareng
ยะลา,Yala,เมืองยะลา,Mueang Yala,สะเตงนอก,Sateng Nok
ยะลา,Yala,เมืองยะลา,Mueang Yala,ตาเซะ,Ta Se
ยะลา,Yala,เบตง,Betong,เบตง,Betong
ยะลา,Yala,เบตง,Betong,ยะรม,Yarom
ยะลา,Yala,เบตง,Betong,ตาเนาะแมเราะ,Tano Maero
ยะลา,Yala,เบตง,Betong,อัยเยอร์เวง,Aiyoe Weng
ยะลา,Yala,เบตง,Betong,ธารน้ำทิพย์,Than Nam Thip
ยะลา,Yala,บันนังสตา,Bannang Sata,บันนังสตา,Bannang Sata
ยะลา,Yala,บันนังสตา,Bannang Sata,บาเจาะ,Bacho
ยะลา,Yala,บันนังสตา,Bannang Sata,ตาเนาะปูเต๊ะ,Tano Pute
ยะลา,Yala,บันนังสตา,Bannang Sata,ถ้ำทะลุ,Tham Thalu
ยะลา,Yala,บันนังสตา,Bannang Sata,ตลิ่งชัน,Taling Chan
ยะลา,Yala,บันนังสตา,Bannang Sata,เขื่อนบางลาง,Khuean Bang Lang
ยะลา,Yala,ธารโต,Than To,ธารโต,Than To
ยะลา,Yala,ธารโต,Than To,บ้านแหร,Ban Rae
ยะลา,Yala,ธารโต,Than To,แม่หวาด,Mae Wat
ยะลา,Yala,ธารโต,Than To,คีรีเขต,Khiri Khet
ยะลา,Yala,ยะหา,Yaha,ยะหา,Yaha
ยะลา,Yala,ยะหา,Yaha,ละแอ,La-ae
ยะลา,Yala,ยะหา,Yaha,ปะแต,Patae
ยะลา,Yala,ยะหา,Yaha,บาโร๊ะ,Baro
ยะลา,Yala,ยะหา,Yaha,ตาชี,Ta Chi
ยะลา,Yala,ยะหา,Yaha,บาโงยซิแน,Ba-ngoi Sinae
ยะลา,Yala,ยะหา,Yaha,กาตอง,Ka Tong
ยะลา,Yala,รามัน,Raman,กายูบอเกาะ,Kayu Boko
ยะลา,Yala,รามัน,Raman,กาลูปัง,Kalupang
ยะลา,Yala,รามัน,Raman,กาลอ,Kalo
ยะลา,Yala,รามัน,Raman,กอตอตือร๊ะ,Koto Tuera
ยะลา,Yala,รามัน,Raman,โกตาบารู,Kota Baru
ยะลา,Yala,รามัน,Raman,เกะรอ,Kero
ยะลา,Yala,รามัน,Raman,จะกว๊ะ,Cha-kwa
ยะลา,Yala,รามัน,Raman,ท่าธง,Tha Thong
ยะลา,Yala,รามัน,Raman,เนินงาม,Noen Ngam
ยะลา,Yala,รามัน,Raman,บาลอ,Balo
ยะลา,Yala,รามัน,Raman,บาโงย,Ba-ngoi
ยะลา,Yala,รามัน,Raman,บือมัง,Buemang
ยะลา,Yala,รามัน,Raman,ยะต๊ะ,Yata
ยะลา,Yala,รามัน,Raman,วังพญา,Wang Phaya
ยะลา,Yala,รามัน,Raman,อาซ่อง,Asong
ยะลา,Yala,รามัน,Raman,ตะโล๊ะหะลอ,Talo Halo
ยะลา,Yala,กาบัง,Kabang,กาบัง,Kabang
ยะลา,Yala,กาบัง,Kabang,บาละ,Bala
ยะลา,Yala,กรงปินัง,Krong Pinang,กรงปินัง,Krong Pinang
ยะลา,Yala,กรงปินัง,Krong Pinang,สะเอะ,Sa-e
ยะลา,Yala,กรงปินัง,Krong Pinang,ห้วยกระทิง,Huai Krathing
ยะลา,Yala,กรงปินัง,Krong Pinang,ปุโรง,Purong
นราธิวาส,Narathiwat,เมืองนราธิวาส,Mueang Narathiwat,บางนาค,Bang Nak
นราธิวาส,Narathiwat,เมืองนราธิวาส,Mueang Narathiwat,ลำภู,Lam Phu
นราธิวาส,Narathiwat,เมืองนราธิวาส,Mueang Narathiwat,มะนังตายอ,Manang Tayo
นราธิวาส,Narathiwat,เมืองนราธิวาส,Mueang Narathiwat,บางปอ,Bang Po
นราธิวาส,Narathiwat,เมืองนราธิวาส,Mueang Narathiwat,กะลุวอ,Kaluwo
นราธิวาส,Narathiwat,เมืองนราธิวาส,Mueang Narathiwat,กะลุวอเหนือ,Kaluwo Nuea
นราธิวาส,Narathiwat,เมืองนราธิวาส,Mueang Narathiwat,โคกเคียน,Khok Khian
นราธิวาส,Narathiwat,ตากใบ,Tak Bai,เจ๊ะเห,Chehe
นราธิวาส,Narathiwat,ตากใบ,Tak Bai,ไพรวัน,Phrai Wan
นราธิวาส,Narathiwat,ตากใบ,Tak Bai,พร่อน,Phron
นราธิวาส,Narathiwat,ตากใบ,Tak Bai,ศาลาใหม่,Sala Mai
นราธิวาส,Narathiwat,ตากใบ,Tak Bai,บางขุนทอง,Bang Khun Thong
นราธิวาส,Narathiwat,ตากใบ,Tak Bai,เกาะสะท้อน,Ko Sathon
นราธิวาส,Narathiwat,ตากใบ,Tak Bai,นานาค,Na Nak
นราธิวาส,Narathiwat,ตากใบ,Tak Bai,โฆษิต,Khosit
นราธิวาส,Narathiwat,บาเจาะ,Bacho,บาเจาะ,Bacho
นราธิวาส,Narathiwat,บาเจาะ,Bacho,ลุโบะสาวอ,Lubo Sawo
นราธิวาส,Narathiwat,บาเจาะ,Bacho,กาเยาะมาตี,Kayo Mati
นราธิวาส,Narathiwat,บาเจาะ,Bacho,ปะลุกาสาเมาะ,Paluka Samo
นราธิวาส,Narathiwat,บาเจาะ,Bacho,บาเระเหนือ,Bare Nuea
นราธิวาส,Narathiwat,บาเจาะ,Bacho,บาเระใต้,Ba Re Tai
นราธิวาส,Narathiwat,ยี่งอ,Yi-ngo,ยี่งอ,Yi-ngo
นราธิวาส,Narathiwat,ยี่งอ,Yi-ngo,ละหาร,Lahan
นราธิวาส,Narathiwat,ยี่งอ,Yi-ngo,จอเบาะ,Chobo
นราธิวาส,Narathiwat,ยี่งอ,Yi-ngo,ลุโบะบายะ,Lubo Baya
นราธิวาส,Narathiwat,ยี่งอ,Yi-ngo,ลุโบะบือซา,Lubo Buesa
นราธิวาส,Narathiwat,ยี่งอ,Yi-ngo,ตะปอเยาะ,Tapoyo
นราธิวาส,Narathiwat,ระแงะ,Ra-ngae,ตันหยงมัส,Tanyong Mat
นราธิวาส,Narathiwat,ระแงะ,Ra-ngae,ตันหยงลิมอ,Tanyong Limo
นราธิวาส,Narathiwat,ระแงะ,Ra-ngae,บองอ,Bo-ngo
นราธิวาส,Narathiwat,ระแงะ,Ra-ngae,กาลิซา,Kalisa
นราธิวาส,Narathiwat,ระแงะ,Ra-ngae,บาโงสะโต,Ba-ngo Sato
นราธิวาส,Narathiwat,ระแงะ,Ra-ngae,เฉลิม,Chaloem
นราธิวาส,Narathiwat,ระแงะ,Ra-ngae,มะรือโบตก,Maruebo Tok
นราธิวาส,Narathiwat,รือเสาะ,Rueso,รือเสาะ,Rueso
นราธิวาส,Narathiwat,รือเสาะ,Rueso,สาวอ,Sawo
นราธิวาส,Narathiwat,รือเสาะ,Rueso,เรียง,Riang
นราธิวาส,Narathiwat,รือเสาะ,Rueso,สามัคคี,Samakkhi
นราธิวาส,Narathiwat,รือเสาะ,Rueso,บาตง,Batong
นราธิวาส,Narathiwat,รือเสาะ,Rueso,ลาโละ,Lalo
นราธิวาส,Narathiwat,รือเสาะ,Rueso,รือเสาะออก,Rueso Ok
นราธิวาส,Narathiwat,รือเสาะ,Rueso,โคกสะตอ,Khok Sato
นราธิวาส,Narathiwat,รือเสาะ,Rueso,สุวารี,Suwari
นราธิวาส,Narathiwat,ศรีสาคร,Si Sakhon,ซากอ,Sako
นราธิวาส,Narathiwat,ศรีสาคร,Si Sakhon,ตะมะยูง,Tamayung
นราธิวาส,Narathiwat,ศรีสาคร,Si Sakhon,ศรีสาคร,Si Sakhon
นราธิวาส,Narathiwat,ศรีสาคร,Si Sakhon,เชิงคีรี,Choeng Khiri
นราธิวาส,Narathiwat,ศรีสาคร,Si Sakhon,กาหลง,Kalong
นราธิวาส,Narathiwat,ศรีสาคร,Si Sakhon,ศรีบรรพต,Si Banphot
นราธิวาส,Narathiwat,แว้ง,Waeng,แว้ง,Waeng
นราธิวาส,Narathiwat,แว้ง,Waeng,กายูคละ,Kayu Khla
นราธิวาส,Narathiwat,แว้ง,Waeng,ฆอเลาะ,Kholo
นราธิวาส,Narathiwat,แว้ง,Waeng,โละจูด,Lochut
นราธิวาส,Narathiwat,แว้ง,Waeng,แม่ดง,Mae Dong
นราธิวาส,Narathiwat,แว้ง,Waeng,เอราวัณ,Erawan
นราธิวาส,Narathiwat,สุคิริน,Sukhirin,มาโมง,Mamong
นราธิวาส,Narathiwat,สุคิริน,Sukhirin,สุคิริน,Sukhirin
นราธิวาส,Narathiwat,สุคิริน,Sukhirin,เกียร์,Kia
นราธิวาส,Narathiwat,สุคิริน,Sukhirin,ภูเขาทอง,Phukhao Thong
นราธิวาส,Narathiwat,สุคิริน,Sukhirin,ร่มไทร,Rom Sai
นราธิวาส,Narathiwat,สุไหงโก-ลก,Su-ngai Kolok,สุไหงโก-ลก,Su-ngai Kolok
นราธิวาส,Narathiwat,สุไหงโก-ลก,Su-ngai Kolok,ปาเสมัส,Pase Mat
นราธิวาส,Narathiwat,สุไหงโก-ลก,Su-ngai Kolok,มูโนะ,Muno
นราธิวาส,Narathiwat,สุไหงโก-ลก,Su-ngai Kolok,ปูโยะ,Puyo
นราธิวาส,Narathiwat,สุไหงปาดี,Su-ngai Padi,ปะลุรู,Paluru
นราธิวาส,Narathiwat,สุไหงปาดี,Su-ngai Padi,สุไหงปาดี,Su-ngai Padi
นราธิวาส,Narathiwat,สุไหงปาดี,Su-ngai Padi,โต๊ะเด็ง,To Deng
นราธิวาส,Narathiwat,สุไหงปาดี,Su-ngai Padi,สากอ,Sako
นราธิวาส,Narathiwat,สุไหงปาดี,Su-ngai Padi,ริโก๋,Riko
นราธิวาส,Narathiwat,สุไหงปาดี,Su-ngai Padi,กาวะ,Ka Wa
นราธิวาส,Narathiwat,จะแนะ,Chanae,จะแนะ,Chanae
นราธิวาส,Narathiwat,จะแนะ,Chanae,ดุซงญอ,Dusong Yo
นราธิวาส,Narathiwat,จะแนะ,Chanae,ผดุงมาตร,Phadung Mat
นราธิวาส,Narathiwat,จะแนะ,Chanae,ช้างเผือก,Chang Phueak
นราธิวาส,Narathiwat,เจาะไอร้อง,Cho-airong,จวบ,Chuap
นราธิวาส,Narathiwat,เจาะไอร้อง,Cho-airong,บูกิต,Bukit
นราธิวาส,Narathiwat,เจาะไอร้อง,Cho-airong,มะรือโบออก,Maruebo Ok
